F1,F2,t,Target
0.0002,0.0348,1.01,Unhealthy
0.0245,0.0268,1.02,Unhealthy
0.0002,0.004,1.03,Unhealthy
0.0002,0.004,1.04,Unhealthy
0.0002,0.004,1.05,Unhealthy
0.025,0.0348,1.06,Unhealthy
0.0245,0.0268,1.07,Unhealthy
0.0002,0.004,1.08,Unhealthy
0.025,0.0348,1.09,Unhealthy
0.0002,0.0268,1.1,Unhealthy
0.0002,0.004,1.11,Unhealthy
0.0245,0.0268,1.12,Unhealthy
0.0002,0.004,1.13,Unhealthy
0.025,0.004,1.14,Unhealthy
0.0002,0.0268,1.15,Unhealthy
0.025,0.004,1.16,Unhealthy
0.0245,0.0268,1.17,Unhealthy
0.0002,0.004,1.18,Unhealthy
0.0245,0.0268,1.19,Unhealthy
0.0245,0.004,1.2,Unhealthy
0.0002,0.0348,1.21,Unhealthy
0.0245,0.0268,1.22,Unhealthy
0.0002,0.004,1.23,Unhealthy
0.0002,0.0268,1.24,Unhealthy
0.0002,0.004,1.25,Unhealthy
0.025,0.004,1.26,Unhealthy
0.0245,0.0268,1.27,Unhealthy
0.0002,0.004,1.28,Unhealthy
0.0002,0.004,1.29,Unhealthy
0.0002,0.004,1.3,Unhealthy
0.025,0.004,1.31,Unhealthy
0.0245,0.0268,1.32,Unhealthy
0.0002,0.0268,1.33,Unhealthy
0.0245,0.004,1.34,Unhealthy
0.0002,0.0268,1.35,Unhealthy
0.0002,0.004,1.36,Unhealthy
0.0245,0.0268,1.37,Unhealthy
0.0002,0.004,1.38,Unhealthy
0.0002,0.004,1.39,Unhealthy
0.0002,0.004,1.4,Unhealthy
0.025,0.0348,1.41,Unhealthy
0.0245,0.0268,1.42,Unhealthy
0.0002,0.0268,1.43,Unhealthy
0.0002,0.004,1.44,Unhealthy
0.0002,0.0268,1.45,Unhealthy
0.025,0.0348,1.46,Unhealthy
0.0245,0.0268,1.47,Unhealthy
0.0002,0.004,1.48,Unhealthy
0.0002,0.0268,1.49,Unhealthy
0.0002,0.004,1.5,Unhealthy
0.025,0.0348,1.51,Unhealthy
0.0245,0.0268,1.52,Unhealthy
0.0002,0.004,1.53,Unhealthy
0.0245,0.004,1.54,Unhealthy
0.0002,0.004,1.55,Unhealthy
0.025,0.0348,1.56,Unhealthy
0.0245,0.0268,1.57,Unhealthy
0.0002,0.004,1.58,Unhealthy
0.0002,0.004,1.59,Unhealthy
0.0002,0.004,1.6,Unhealthy
0.025,0.0348,1.61,Unhealthy
0.0245,0.0268,1.62,Unhealthy
0.0002,0.004,1.63,Unhealthy
0.025,0.0348,1.64,Unhealthy
0.0002,0.004,1.65,Unhealthy
0.025,0.0348,1.66,Unhealthy
0.0245,0.0268,1.67,Unhealthy
0.0002,0.004,1.68,Unhealthy
0.0002,0.004,1.69,Unhealthy
0.0245,0.004,1.7,Unhealthy
0.025,0.004,1.71,Unhealthy
0.0245,0.0268,1.72,Unhealthy
0.0002,0.004,1.73,Unhealthy
0.0002,0.0268,1.74,Unhealthy
0.0002,0.004,1.75,Unhealthy
0.025,0.0348,1.76,Unhealthy
0.0245,0.0268,1.77,Unhealthy
0.0002,0.004,1.78,Unhealthy
0.025,0.0348,1.79,Unhealthy
0.0002,0.004,1.8,Unhealthy
0.025,0.0348,1.81,Unhealthy
0.0245,0.0268,1.82,Unhealthy
0.0002,0.004,1.83,Unhealthy
0.0002,0.004,1.84,Unhealthy
0.0002,0.004,1.85,Unhealthy
0.025,0.0348,1.86,Unhealthy
0.0245,0.0268,1.87,Unhealthy
0.0002,0.004,1.88,Unhealthy
0.0002,0.004,1.89,Unhealthy
0.0002,0.004,1.9,Unhealthy
0.0002,0.0348,1.91,Unhealthy
0.0245,0.0268,1.92,Unhealthy
0.0002,0.004,1.93,Unhealthy
0.0002,0.0268,1.94,Unhealthy
0.0002,0.004,1.95,Unhealthy
0.025,0.004,1.96,Unhealthy
0.0245,0.0268,1.97,Unhealthy
0.0002,0.004,1.98,Unhealthy
0.0002,0.0348,1.99,Unhealthy
0.0002,0.004,2,Unhealthy
0.0002,0.0348,2.01,Unhealthy
0.0245,0.0268,2.02,Unhealthy
0.0002,0.004,2.03,Unhealthy
0.025,0.0348,2.04,Unhealthy
0.0002,0.004,2.05,Unhealthy
0.025,0.0348,2.06,Unhealthy
0.0245,0.0268,2.07,Unhealthy
0.0002,0.004,2.08,Unhealthy
0.025,0.0348,2.09,Unhealthy
0.0002,0.004,2.1,Unhealthy
0.0002,0.0348,2.11,Unhealthy
0.0245,0.0268,2.12,Unhealthy
0.0002,0.004,2.13,Unhealthy
0.0002,0.004,2.14,Unhealthy
0.0002,0.004,2.15,Unhealthy
0.025,0.0348,2.16,Unhealthy
0.0002,0.0268,2.17,Unhealthy
0.0002,0.004,2.18,Unhealthy
0.0002,0.004,2.19,Unhealthy
0.0002,0.004,2.2,Unhealthy
0.025,0.0348,2.21,Unhealthy
0.0245,0.0268,2.22,Unhealthy
0.0002,0.004,2.23,Unhealthy
0.0002,0.004,2.24,Unhealthy
0.0002,0.004,2.25,Unhealthy
0.0002,0.0348,2.26,Unhealthy
0.0245,0.0268,2.27,Unhealthy
0.0002,0.004,2.28,Unhealthy
0.025,0.0348,2.29,Unhealthy
0.0002,0.004,2.3,Unhealthy
0.025,0.0348,2.31,Unhealthy
0.0245,0.0268,2.32,Unhealthy
0.0002,0.004,2.33,Unhealthy
0.025,0.0348,2.34,Unhealthy
0.0002,0.004,2.35,Unhealthy
0.025,0.0348,2.36,Unhealthy
0.0245,0.0268,2.37,Unhealthy
0.0002,0.004,2.38,Unhealthy
0.0002,0.004,2.39,Unhealthy
0.0002,0.004,2.4,Unhealthy
0.025,0.0348,2.41,Unhealthy
0.0245,0.0268,2.42,Unhealthy
0.0245,0.004,2.43,Unhealthy
0.0002,0.004,2.44,Unhealthy
0.0002,0.004,2.45,Unhealthy
0.0002,0.0348,2.46,Unhealthy
0.0245,0.0268,2.47,Unhealthy
0.0002,0.0348,2.48,Unhealthy
0.0002,0.0348,2.49,Unhealthy
0.0002,0.004,2.5,Unhealthy
0.025,0.0348,2.51,Unhealthy
0.0245,0.0268,2.52,Unhealthy
0.0002,0.004,2.53,Unhealthy
0.0002,0.004,2.54,Unhealthy
0.0002,0.004,2.55,Unhealthy
0.0002,0.0348,2.56,Unhealthy
0.0245,0.0268,2.57,Unhealthy
0.0002,0.0348,2.58,Unhealthy
0.0002,0.004,2.59,Unhealthy
0.0002,0.004,2.6,Unhealthy
0.025,0.0348,2.61,Unhealthy
0.0245,0.0268,2.62,Unhealthy
0.0002,0.004,2.63,Unhealthy
0.0002,0.0348,2.64,Unhealthy
0.0002,0.004,2.65,Unhealthy
0.0002,0.0348,2.66,Unhealthy
0.0245,0.0268,2.67,Unhealthy
0.0002,0.004,2.68,Unhealthy
0.0002,0.0348,2.69,Unhealthy
0.0002,0.0268,2.7,Unhealthy
0.025,0.0348,2.71,Unhealthy
0.0245,0.0268,2.72,Unhealthy
0.0002,0.0348,2.73,Unhealthy
0.0002,0.0348,2.74,Unhealthy
0.0002,0.004,2.75,Unhealthy
0.025,0.0348,2.76,Unhealthy
0.0245,0.0268,2.77,Unhealthy
0.0002,0.004,2.78,Unhealthy
0.0002,0.004,2.79,Unhealthy
0.0002,0.0348,2.8,Unhealthy
0.025,0.0348,2.81,Unhealthy
0.0245,0.0268,2.82,Unhealthy
0.0002,0.004,2.83,Unhealthy
0.0002,0.004,2.84,Unhealthy
0.0245,0.004,2.85,Unhealthy
0.025,0.0348,2.86,Unhealthy
0.0245,0.0268,2.87,Unhealthy
0.0002,0.004,2.88,Unhealthy
0.0245,0.004,2.89,Unhealthy
0.0002,0.004,2.9,Unhealthy
0.0002,0.0348,2.91,Unhealthy
0.0245,0.0268,2.92,Unhealthy
0.0002,0.004,2.93,Unhealthy
0.0002,0.004,2.94,Unhealthy
0.0002,0.004,2.95,Unhealthy
0.025,0.0348,2.96,Unhealthy
0.0245,0.0268,2.97,Unhealthy
0.0002,0.004,2.98,Unhealthy
0.0002,0.004,2.99,Unhealthy
0.0002,0.004,3,Unhealthy
0.025,0.0348,3.01,Unhealthy
0.0245,0.0268,3.02,Unhealthy
0.0002,0.0348,3.03,Unhealthy
0.0002,0.004,3.04,Unhealthy
0.0002,0.004,3.05,Unhealthy
0.025,0.0348,3.06,Unhealthy
0.0245,0.0268,3.07,Unhealthy
0.0002,0.004,3.08,Unhealthy
0.0002,0.004,3.09,Unhealthy
0.0002,0.004,3.1,Unhealthy
0.025,0.0348,3.11,Unhealthy
0.0245,0.0268,3.12,Unhealthy
0.0002,0.0348,3.13,Unhealthy
0.0002,0.004,3.14,Unhealthy
0.0002,0.004,3.15,Unhealthy
0.0002,0.0348,3.16,Unhealthy
0.0245,0.0268,3.17,Unhealthy
0.0002,0.004,3.18,Unhealthy
0.0002,0.004,3.19,Unhealthy
0.0002,0.004,3.2,Unhealthy
0.0002,0.0348,3.21,Unhealthy
0.0245,0.0268,3.22,Unhealthy
0.0002,0.004,3.23,Unhealthy
0.0245,0.004,3.24,Unhealthy
0.0002,0.004,3.25,Unhealthy
0.025,0.0348,3.26,Unhealthy
0.0245,0.0268,3.27,Unhealthy
0.0002,0.004,3.28,Unhealthy
0.0245,0.004,3.29,Unhealthy
0.0002,0.004,3.3,Unhealthy
0.025,0.0348,3.31,Unhealthy
0.0245,0.0268,3.32,Unhealthy
0.0002,0.004,3.33,Unhealthy
0.0245,0.004,3.34,Unhealthy
0.0002,0.004,3.35,Unhealthy
0.025,0.0348,3.36,Unhealthy
0.0245,0.0268,3.37,Unhealthy
0.0002,0.004,3.38,Unhealthy
0.025,0.0348,3.39,Unhealthy
0.0002,0.004,3.4,Unhealthy
0.025,0.0348,3.41,Unhealthy
0.0245,0.0268,3.42,Unhealthy
0.0002,0.004,3.43,Unhealthy
0.025,0.004,3.44,Unhealthy
0.025,0.004,3.45,Unhealthy
0.025,0.0348,3.46,Unhealthy
0.0002,0.0268,3.47,Unhealthy
0.025,0.004,3.48,Unhealthy
0.025,0.0348,3.49,Unhealthy
0.025,0.004,3.5,Unhealthy
0.025,0.0348,3.51,Unhealthy
0.0245,0.0268,3.52,Unhealthy
0.0002,0.004,3.53,Unhealthy
0.0002,0.004,3.54,Unhealthy
0.0002,0.004,3.55,Unhealthy
0.025,0.0348,3.56,Unhealthy
0.0245,0.0268,3.57,Unhealthy
0.0002,0.004,3.58,Unhealthy
0.0245,0.004,3.59,Unhealthy
0.0245,0.004,3.6,Unhealthy
0.025,0.0348,3.61,Unhealthy
0.0245,0.0268,3.62,Unhealthy
0.0002,0.004,3.63,Unhealthy
0.0002,0.004,3.64,Unhealthy
0.0002,0.004,3.65,Unhealthy
0.025,0.0348,3.66,Unhealthy
0.0002,0.0268,3.67,Unhealthy
0.025,0.004,3.68,Unhealthy
0.0002,0.004,3.69,Unhealthy
0.0002,0.004,3.7,Unhealthy
0.025,0.0348,3.71,Unhealthy
0.0245,0.0268,3.72,Unhealthy
0.025,0.004,3.73,Unhealthy
0.025,0.004,3.74,Unhealthy
0.025,0.004,3.75,Unhealthy
0.025,0.0348,3.76,Unhealthy
0.0002,0.0268,3.77,Unhealthy
0.025,0.004,3.78,Unhealthy
0.025,0.0268,3.79,Unhealthy
0.025,0.004,3.8,Unhealthy
0.0497,0.004,3.81,Unhealthy
0.025,0.0268,3.82,Unhealthy
0.025,0.004,3.83,Unhealthy
0.0497,0.0268,3.84,Unhealthy
0.0497,0.004,3.85,Unhealthy
0.0991,0.004,3.86,Unhealthy
0.0497,0.0576,3.87,Unhealthy
0.0497,0.0268,3.88,Unhealthy
0.0497,0.0268,3.89,Unhealthy
0.0744,0.0268,3.9,Unhealthy
0.0744,0.004,3.91,Unhealthy
0.0497,0.0576,3.92,Unhealthy
0.0497,0.0268,3.93,Unhealthy
0.0497,0.0268,3.94,Unhealthy
0.0497,0.0268,3.95,Unhealthy
0.0744,0.004,3.96,Unhealthy
0.025,0.0576,3.97,Unhealthy
0.025,0.0268,3.98,Unhealthy
0.025,0.0268,3.99,Unhealthy
0.0497,0.0268,4,Unhealthy
0.0497,0.004,4.01,Unhealthy
0.025,0.0268,4.02,Unhealthy
0.0497,0.0268,4.03,Unhealthy
0.0497,0.0268,4.04,Unhealthy
0.0744,0.0268,4.05,Unhealthy
0.0744,0.004,4.06,Unhealthy
0.0497,0.0576,4.07,Unhealthy
0.0744,0.0268,4.08,Unhealthy
0.0497,0.0268,4.09,Unhealthy
0.0744,0.0268,4.1,Unhealthy
0.0991,0.004,4.11,Unhealthy
0.0497,0.0268,4.12,Unhealthy
0.0744,0.0268,4.13,Unhealthy
0.0744,0.0268,4.14,Unhealthy
0.0744,0.0268,4.15,Unhealthy
0.0991,0.004,4.16,Unhealthy
0.0497,0.0576,4.17,Unhealthy
0.0744,0.0268,4.18,Unhealthy
0.0497,0.0268,4.19,Unhealthy
0.0497,0.0268,4.2,Unhealthy
0.0497,0.004,4.21,Unhealthy
0.025,0.0268,4.22,Unhealthy
0.025,0.0268,4.23,Unhealthy
0.025,0.0268,4.24,Unhealthy
0.025,0.004,4.25,Unhealthy
0.025,0.004,4.26,Unhealthy
0.0002,0.0268,4.27,Unhealthy
0.025,0.0268,4.28,Unhealthy
0.025,0.0268,4.29,Unhealthy
0.025,0.004,4.3,Unhealthy
0.0497,0.0348,4.31,Unhealthy
0.025,0.0268,4.32,Unhealthy
0.025,0.0268,4.33,Unhealthy
0.025,0.0268,4.34,Unhealthy
0.025,0.004,4.35,Unhealthy
0.025,0.004,4.36,Unhealthy
0.0002,0.0268,4.37,Unhealthy
0.025,0.0268,4.38,Unhealthy
0.025,0.004,4.39,Unhealthy
0.025,0.0268,4.4,Unhealthy
0.025,0.004,4.41,Unhealthy
0.0002,0.0576,4.42,Unhealthy
0.025,0.0268,4.43,Unhealthy
0.025,0.0268,4.44,Unhealthy
0.025,0.0268,4.45,Unhealthy
0.025,0.004,4.46,Unhealthy
0.0245,0.0576,4.47,Unhealthy
0.0002,0.0268,4.48,Unhealthy
0.0002,0.0268,4.49,Unhealthy
0.0245,0.0268,4.5,Unhealthy
0.0002,0.0348,4.51,Unhealthy
0.0492,0.0268,4.52,Unhealthy
0.0002,0.0268,4.53,Unhealthy
0.0002,0.0268,4.54,Unhealthy
0.0002,0.0268,4.55,Unhealthy
0.025,0.004,4.56,Unhealthy
0.025,0.0268,4.57,Unhealthy
0.025,0.0268,4.58,Unhealthy
0.025,0.0268,4.59,Unhealthy
0.025,0.0268,4.6,Unhealthy
0.0497,0.0268,4.61,Unhealthy
0.025,0.0576,4.62,Unhealthy
0.0744,0.0268,4.63,Unhealthy
0.0744,0.0576,4.64,Unhealthy
0.0991,0.0576,4.65,Unhealthy
0.0991,0.0268,4.66,Unhealthy
0.0497,0.0576,4.67,Unhealthy
0.0991,0.0576,4.68,Unhealthy
0.0991,0.0576,4.69,Unhealthy
0.0991,0.0576,4.7,Unhealthy
0.0991,0.0576,4.71,Unhealthy
0.0744,0.0576,4.72,Unhealthy
0.0991,0.0576,4.73,Unhealthy
0.025,0.0268,4.74,Unhealthy
0.0497,0.004,4.75,Unhealthy
0.1732,0.0348,4.76,Unhealthy
0.1979,0.0268,4.77,Unhealthy
0.2473,0.004,4.78,Unhealthy
0.2473,0.0268,4.79,Unhealthy
0.2473,0.004,4.8,Unhealthy
0.2473,0.004,4.81,Unhealthy
0.1979,0.0268,4.82,Unhealthy
0.1979,0.0268,4.83,Unhealthy
0.1732,0.0268,4.84,Unhealthy
0.1485,0.0268,4.85,Unhealthy
0.1238,0.004,4.86,Unhealthy
0.0497,0.0268,4.87,Unhealthy
0.0497,0.0268,4.88,Unhealthy
0.025,0.0268,4.89,Unhealthy
0.025,0.0268,4.9,Unhealthy
0.025,0.004,4.91,Unhealthy
0.0492,0.0268,4.92,Unhealthy
0.0245,0.0268,4.93,Unhealthy
0.0492,0.0268,4.94,Unhealthy
0.0492,0.004,4.95,Unhealthy
0.0245,0.0348,4.96,Unhealthy
0.0739,0.0268,4.97,Unhealthy
0.0492,0.004,4.98,Unhealthy
0.0739,0.004,4.99,Unhealthy
0.0739,0.004,5,Unhealthy
0.0492,0.0348,5.01,Unhealthy
0.0986,0.0268,5.02,Unhealthy
0.0739,0.004,5.03,Unhealthy
0.0739,0.0348,5.04,Unhealthy
0.0739,0.0348,5.05,Unhealthy
0.0492,0.0348,5.06,Unhealthy
0.0739,0.004,5.07,Unhealthy
0.0492,0.0348,5.08,Unhealthy
0.0492,0.0348,5.09,Unhealthy
0.0245,0.0348,5.1,Unhealthy
0.0245,0.0348,5.11,Unhealthy
0.0492,0.004,5.12,Unhealthy
0.0245,0.0348,5.13,Unhealthy
0.0245,0.0348,5.14,Unhealthy
0.0245,0.0348,5.15,Unhealthy
0.0245,0.0348,5.16,Unhealthy
0.0492,0.004,5.17,Unhealthy
0.0245,0.0348,5.18,Unhealthy
0.0245,0.0348,5.19,Unhealthy
0.0245,0.0348,5.2,Unhealthy
0.0245,0.0348,5.21,Unhealthy
0.0492,0.0348,5.22,Unhealthy
0.0492,0.0348,5.23,Unhealthy
0.0245,0.0348,5.24,Unhealthy
0.0245,0.0348,5.25,Unhealthy
0.0002,0.0348,5.26,Unhealthy
0.0245,0.004,5.27,Unhealthy
0.0245,0.0348,5.28,Unhealthy
0.0002,0.0348,5.29,Unhealthy
0.0002,0.0348,5.3,Unhealthy
0.025,0.0348,5.31,Unhealthy
0.0002,0.004,5.32,Unhealthy
0.025,0.0348,5.33,Unhealthy
0.0497,0.004,5.34,Unhealthy
0.0497,0.0348,5.35,Unhealthy
0.0744,0.0348,5.36,Unhealthy
0.025,0.0268,5.37,Unhealthy
0.0497,0.004,5.38,Unhealthy
0.0497,0.004,5.39,Unhealthy
0.0744,0.004,5.4,Unhealthy
0.0991,0.004,5.41,Unhealthy
0.0497,0.0268,5.42,Unhealthy
0.0744,0.004,5.43,Unhealthy
0.0991,0.0268,5.44,Unhealthy
0.0991,0.004,5.45,Unhealthy
0.1238,0.0348,5.46,Unhealthy
0.0991,0.0268,5.47,Unhealthy
0.0991,0.004,5.48,Unhealthy
0.0991,0.0268,5.49,Unhealthy
0.0991,0.004,5.5,Unhealthy
0.0744,0.004,5.51,Unhealthy
0.025,0.0268,5.52,Unhealthy
0.025,0.004,5.53,Unhealthy
0.025,0.004,5.54,Unhealthy
0.025,0.004,5.55,Unhealthy
0.025,0.0348,5.56,Unhealthy
0.0002,0.0268,5.57,Unhealthy
0.025,0.004,5.58,Unhealthy
0.025,0.004,5.59,Unhealthy
0.025,0.004,5.6,Unhealthy
0.0497,0.0348,5.61,Unhealthy
0.025,0.0268,5.62,Unhealthy
0.025,0.004,5.63,Unhealthy
0.0497,0.004,5.64,Unhealthy
0.0497,0.0348,5.65,Unhealthy
0.0497,0.0348,5.66,Unhealthy
0.025,0.004,5.67,Unhealthy
0.025,0.004,5.68,Unhealthy
0.025,0.004,5.69,Unhealthy
0.025,0.0348,5.7,Unhealthy
0.0497,0.0348,5.71,Unhealthy
0.0002,0.004,5.72,Unhealthy
0.025,0.0348,5.73,Unhealthy
0.025,0.0348,5.74,Unhealthy
0.025,0.0348,5.75,Unhealthy
0.025,0.0656,5.76,Unhealthy
0.0245,0.0348,5.77,Unhealthy
0.0002,0.0656,5.78,Unhealthy
0.0002,0.0656,5.79,Unhealthy
0.0002,0.0964,5.8,Unhealthy
0.025,0.0964,5.81,Unhealthy
0.0245,0.0656,5.82,Unhealthy
0.0002,0.0656,5.83,Unhealthy
0.0245,0.0656,5.84,Unhealthy
0.0002,0.0656,5.85,Unhealthy
0.025,0.0964,5.86,Unhealthy
0.0245,0.0656,5.87,Unhealthy
0.025,0.0656,5.88,Unhealthy
0.0002,0.0656,5.89,Unhealthy
0.0002,0.0656,5.9,Unhealthy
0.025,0.0964,5.91,Unhealthy
0.0002,0.0348,5.92,Unhealthy
0.025,0.0656,5.93,Unhealthy
0.025,0.0656,5.94,Unhealthy
0.025,0.0656,5.95,Unhealthy
0.025,0.0656,5.96,Unhealthy
0.0245,0.0348,5.97,Unhealthy
0.0002,0.0348,5.98,Unhealthy
0.0002,0.0348,5.99,Unhealthy
0.0002,0.004,6,Unhealthy
0.025,0.0348,6.01,Unhealthy
0.0245,0.0268,6.02,Unhealthy
0.0002,0.0268,6.03,Unhealthy
0.0002,0.0268,6.04,Unhealthy
0.0002,0.0268,6.05,Unhealthy
0.025,0.004,6.06,Unhealthy
0.0002,0.0268,6.07,Unhealthy
0.025,0.0268,6.08,Unhealthy
0.025,0.0268,6.09,Unhealthy
0.025,0.0268,6.1,Unhealthy
0.0497,0.0348,6.11,Unhealthy
0.0002,0.0268,6.12,Unhealthy
0.025,0.004,6.13,Unhealthy
0.025,0.004,6.14,Unhealthy
0.025,0.004,6.15,Unhealthy
0.0497,0.0348,6.16,Unhealthy
0.025,0.0268,6.17,Unhealthy
0.0497,0.004,6.18,Unhealthy
0.0497,0.004,6.19,Unhealthy
0.0497,0.004,6.2,Unhealthy
0.0991,0.0348,6.21,Unhealthy
0.0497,0.004,6.22,Unhealthy
0.0744,0.0348,6.23,Unhealthy
0.0744,0.004,6.24,Unhealthy
0.0744,0.0348,6.25,Unhealthy
0.0991,0.0348,6.26,Unhealthy
0.0744,0.0268,6.27,Unhealthy
0.0744,0.004,6.28,Unhealthy
0.0744,0.0268,6.29,Unhealthy
0.0744,0.004,6.3,Unhealthy
0.0991,0.004,6.31,Unhealthy
0.0497,0.0268,6.32,Unhealthy
0.0744,0.0268,6.33,Unhealthy
0.0744,0.0268,6.34,Unhealthy
0.0744,0.004,6.35,Unhealthy
0.0991,0.0348,6.36,Unhealthy
0.0744,0.0268,6.37,Unhealthy
0.0991,0.0348,6.38,Unhealthy
0.0991,0.004,6.39,Unhealthy
0.1238,0.0348,6.4,Unhealthy
0.1238,0.0348,6.41,Unhealthy
0.1238,0.0268,6.42,Unhealthy
0.1238,0.004,6.43,Unhealthy
0.1238,0.004,6.44,Unhealthy
0.1238,0.004,6.45,Unhealthy
0.1485,0.0348,6.46,Unhealthy
0.1238,0.004,6.47,Unhealthy
0.1485,0.0348,6.48,Unhealthy
0.1485,0.004,6.49,Unhealthy
0.1485,0.0348,6.5,Unhealthy
0.1732,0.0348,6.51,Unhealthy
0.1238,0.0268,6.52,Unhealthy
0.1485,0.0268,6.53,Unhealthy
0.1485,0.0268,6.54,Unhealthy
0.1732,0.0268,6.55,Unhealthy
0.2226,0.0268,6.56,Unhealthy
0.1979,0.0576,6.57,Unhealthy
0.2473,0.0576,6.58,Unhealthy
0.2473,0.0576,6.59,Unhealthy
0.272,0.0576,6.6,Unhealthy
0.2967,0.0268,6.61,Unhealthy
0.272,0.0884,6.62,Unhealthy
0.3214,0.0576,6.63,Unhealthy
0.3214,0.0576,6.64,Unhealthy
0.3461,0.0576,6.65,Unhealthy
0.3708,0.0268,6.66,Unhealthy
0.3708,0.0576,6.67,Unhealthy
0.4202,0.0576,6.68,Unhealthy
0.4449,0.0576,6.69,Unhealthy
0.5191,0.0576,6.7,Unhealthy
0.5685,0.0268,6.71,Unhealthy
0.6179,0.0576,6.72,Unhealthy
0.6673,0.0268,6.73,Unhealthy
0.7167,0.0268,6.74,Unhealthy
0.7414,0.0268,6.75,Unhealthy
0.7661,0.004,6.76,Unhealthy
0.7414,0.0268,6.77,Unhealthy
0.7414,0.004,6.78,Unhealthy
0.7167,0.004,6.79,Unhealthy
0.692,0.004,6.8,Unhealthy
0.692,0.0348,6.81,Unhealthy
0.6426,0.004,6.82,Unhealthy
0.6426,0.0348,6.83,Unhealthy
0.6179,0.0348,6.84,Unhealthy
0.6179,0.0656,6.85,Unhealthy
0.5932,0.0656,6.86,Unhealthy
0.5438,0.0348,6.87,Unhealthy
0.5438,0.0656,6.88,Unhealthy
0.5438,0.0656,6.89,Unhealthy
0.5438,0.0656,6.9,Unhealthy
0.5685,0.0964,6.91,Unhealthy
0.5438,0.0656,6.92,Unhealthy
0.5685,0.0656,6.93,Unhealthy
0.5685,0.0348,6.94,Unhealthy
0.5932,0.0348,6.95,Unhealthy
0.5932,0.0656,6.96,Unhealthy
0.5438,0.0348,6.97,Unhealthy
0.5438,0.0348,6.98,Unhealthy
0.5191,0.0348,6.99,Unhealthy
0.5191,0.0348,7,Unhealthy
0.4944,0.0348,7.01,Unhealthy
0.4449,0.004,7.02,Unhealthy
0.3955,0.004,7.03,Unhealthy
0.3214,0.0268,7.04,Unhealthy
0.2473,0.0268,7.05,Unhealthy
0.1732,0.0268,7.06,Unhealthy
0.0991,0.0576,7.07,Unhealthy
0.0744,0.0268,7.08,Unhealthy
0.0497,0.0268,7.09,Unhealthy
0.025,0.0268,7.1,Unhealthy
0.0002,0.004,7.11,Unhealthy
0.0739,0.0268,7.12,Unhealthy
0.0492,0.004,7.13,Unhealthy
0.0739,0.0268,7.14,Unhealthy
0.0739,0.0268,7.15,Unhealthy
0.0739,0.004,7.16,Unhealthy
0.0739,0.0576,7.17,Unhealthy
0.0739,0.0268,7.18,Unhealthy
0.0739,0.0268,7.19,Unhealthy
0.0739,0.0268,7.2,Unhealthy
0.0492,0.004,7.21,Unhealthy
0.0739,0.0576,7.22,Unhealthy
0.0739,0.0268,7.23,Unhealthy
0.0739,0.0268,7.24,Unhealthy
0.0739,0.0268,7.25,Unhealthy
0.0739,0.004,7.26,Unhealthy
0.0986,0.0268,7.27,Unhealthy
0.0739,0.0268,7.28,Unhealthy
0.0739,0.0268,7.29,Unhealthy
0.0739,0.0268,7.3,Unhealthy
0.0739,0.004,7.31,Unhealthy
0.0986,0.0576,7.32,Unhealthy
0.0739,0.0576,7.33,Unhealthy
0.0739,0.0576,7.34,Unhealthy
0.0739,0.0268,7.35,Unhealthy
0.0739,0.0268,7.36,Unhealthy
0.0739,0.0576,7.37,Unhealthy
0.0492,0.0268,7.38,Unhealthy
0.0739,0.0268,7.39,Unhealthy
0.0492,0.0268,7.4,Unhealthy
0.0245,0.0268,7.41,Unhealthy
0.0739,0.0576,7.42,Unhealthy
0.0492,0.0268,7.43,Unhealthy
0.0245,0.0576,7.44,Unhealthy
0.0245,0.0576,7.45,Unhealthy
0.0002,0.0268,7.46,Unhealthy
0.0492,0.0576,7.47,Unhealthy
0.0245,0.0268,7.48,Unhealthy
0.0245,0.0576,7.49,Unhealthy
0.0245,0.0576,7.5,Unhealthy
0.0245,0.0268,7.51,Unhealthy
0.0492,0.0884,7.52,Unhealthy
0.0245,0.0576,7.53,Unhealthy
0.0002,0.0884,7.54,Unhealthy
0.0002,0.0576,7.55,Unhealthy
0.025,0.0576,7.56,Unhealthy
0.0245,0.0884,7.57,Unhealthy
0.0002,0.0576,7.58,Unhealthy
0.0245,0.0576,7.59,Unhealthy
0.0002,0.0576,7.6,Unhealthy
0.0002,0.0268,7.61,Unhealthy
0.0492,0.0884,7.62,Unhealthy
0.0245,0.0576,7.63,Unhealthy
0.0245,0.0576,7.64,Unhealthy
0.0245,0.0268,7.65,Unhealthy
0.0002,0.004,7.66,Unhealthy
0.0492,0.0268,7.67,Unhealthy
0.0245,0.004,7.68,Unhealthy
0.0245,0.0268,7.69,Unhealthy
0.0245,0.004,7.7,Unhealthy
0.0245,0.0348,7.71,Unhealthy
0.0739,0.0268,7.72,Unhealthy
0.0245,0.0268,7.73,Unhealthy
0.0492,0.004,7.74,Unhealthy
0.0245,0.004,7.75,Unhealthy
0.0245,0.0348,7.76,Unhealthy
0.0739,0.0268,7.77,Unhealthy
0.0492,0.004,7.78,Unhealthy
0.0492,0.004,7.79,Unhealthy
0.0245,0.0348,7.8,Unhealthy
0.0245,0.0348,7.81,Unhealthy
0.0492,0.0268,7.82,Unhealthy
0.0245,0.0348,7.83,Unhealthy
0.0245,0.004,7.84,Unhealthy
0.0002,0.0348,7.85,Unhealthy
0.025,0.0348,7.86,Unhealthy
0.025,0.004,7.87,Unhealthy
0.0744,0.0348,7.88,Unhealthy
0.0991,0.0348,7.89,Unhealthy
0.1238,0.0348,7.9,Unhealthy
0.1732,0.0656,7.91,Unhealthy
0.1485,0.0348,7.92,Unhealthy
0.1238,0.0656,7.93,Unhealthy
0.1238,0.0656,7.94,Unhealthy
0.2473,0.0656,7.95,Unhealthy
0.3708,0.0656,7.96,Unhealthy
0.4202,0.0348,7.97,Unhealthy
0.5438,0.0348,7.98,Unhealthy
0.5932,0.0348,7.99,Unhealthy
0.6426,0.0348,8,Unhealthy
0.7167,0.0656,8.01,Unhealthy
0.7167,0.004,8.02,Unhealthy
0.7167,0.0348,8.03,Unhealthy
0.692,0.004,8.04,Unhealthy
0.692,0.0348,8.05,Unhealthy
0.6673,0.0348,8.06,Unhealthy
0.6426,0.0348,8.07,Unhealthy
0.6426,0.0656,8.08,Unhealthy
0.6426,0.0656,8.09,Unhealthy
0.6426,0.1272,8.1,Unhealthy
0.6426,0.158,8.11,Unhealthy
0.6179,0.1272,8.12,Unhealthy
0.6426,0.158,8.13,Unhealthy
0.6426,0.158,8.14,Unhealthy
0.6426,0.1888,8.15,Unhealthy
0.6426,0.1888,8.16,Unhealthy
0.6179,0.158,8.17,Unhealthy
0.6426,0.1888,8.18,Unhealthy
0.6426,0.1888,8.19,Unhealthy
0.6426,0.1888,8.2,Unhealthy
0.6673,0.2196,8.21,Unhealthy
0.6426,0.2196,8.22,Unhealthy
0.6426,0.2504,8.23,Unhealthy
0.6179,0.2812,8.24,Unhealthy
0.5932,0.2812,8.25,Unhealthy
0.5932,0.312,8.26,Unhealthy
0.5191,0.2812,8.27,Unhealthy
0.4944,0.312,8.28,Unhealthy
0.3955,0.2812,8.29,Unhealthy
0.3461,0.2812,8.3,Unhealthy
0.3214,0.2812,8.31,Unhealthy
0.2226,0.2504,8.32,Unhealthy
0.1732,0.2812,8.33,Unhealthy
0.1485,0.2504,8.34,Unhealthy
0.1485,0.2504,8.35,Unhealthy
0.1485,0.2504,8.36,Unhealthy
0.1485,0.1888,8.37,Unhealthy
0.1732,0.1888,8.38,Unhealthy
0.1732,0.158,8.39,Unhealthy
0.2226,0.1272,8.4,Unhealthy
0.272,0.158,8.41,Unhealthy
0.2967,0.1272,8.42,Unhealthy
0.3708,0.158,8.43,Unhealthy
0.4697,0.1888,8.44,Unhealthy
0.6179,0.1888,8.45,Unhealthy
0.8155,0.2196,8.46,Unhealthy
0.9638,0.1888,8.47,Unhealthy
1.1367,0.1888,8.48,Unhealthy
1.2355,0.1888,8.49,Unhealthy
1.3344,0.1888,8.5,Unhealthy
1.4085,0.1888,8.51,Unhealthy
1.4085,0.158,8.52,Unhealthy
1.4579,0.1888,8.53,Unhealthy
1.4826,0.1888,8.54,Unhealthy
1.4826,0.1888,8.55,Unhealthy
1.4085,0.1888,8.56,Unhealthy
1.3344,0.158,8.57,Unhealthy
1.2108,0.158,8.58,Unhealthy
1.1614,0.1272,8.59,Unhealthy
1.1614,0.158,8.6,Unhealthy
1.1614,0.1888,8.61,Unhealthy
1.0873,0.158,8.62,Unhealthy
1.0873,0.158,8.63,Unhealthy
1.0379,0.158,8.64,Unhealthy
1.0379,0.158,8.65,Unhealthy
1.0379,0.1888,8.66,Unhealthy
0.9885,0.158,8.67,Unhealthy
0.9638,0.158,8.68,Unhealthy
0.8649,0.1272,8.69,Unhealthy
0.8155,0.158,8.7,Unhealthy
0.7414,0.1888,8.71,Unhealthy
0.6426,0.158,8.72,Unhealthy
0.6179,0.158,8.73,Unhealthy
0.5438,0.1888,8.74,Unhealthy
0.5191,0.158,8.75,Unhealthy
0.5191,0.2196,8.76,Unhealthy
0.4697,0.1888,8.77,Unhealthy
0.5191,0.1888,8.78,Unhealthy
0.5438,0.1888,8.79,Unhealthy
0.6179,0.2196,8.8,Unhealthy
0.692,0.2504,8.81,Unhealthy
0.692,0.2196,8.82,Unhealthy
0.7661,0.2196,8.83,Unhealthy
0.7908,0.2196,8.84,Unhealthy
0.8155,0.2504,8.85,Unhealthy
0.8649,0.2812,8.86,Unhealthy
0.8649,0.2196,8.87,Unhealthy
0.9144,0.2504,8.88,Unhealthy
0.9391,0.2196,8.89,Unhealthy
1.0379,0.2196,8.9,Unhealthy
1.0873,0.2504,8.91,Unhealthy
1.0873,0.2196,8.92,Unhealthy
1.0873,0.2504,8.93,Unhealthy
1.0626,0.2812,8.94,Unhealthy
1.0626,0.312,8.95,Unhealthy
1.0379,0.3736,8.96,Unhealthy
1.0132,0.3736,8.97,Unhealthy
1.0379,0.4044,8.98,Unhealthy
1.0873,0.4044,8.99,Unhealthy
1.1614,0.4044,9,Unhealthy
1.2355,0.466,9.01,Unhealthy
1.2849,0.4352,9.02,Unhealthy
1.3591,0.4352,9.03,Unhealthy
1.4085,0.4352,9.04,Unhealthy
1.4826,0.466,9.05,Unhealthy
1.5567,0.466,9.06,Unhealthy
1.6061,0.466,9.07,Unhealthy
1.6308,0.466,9.08,Unhealthy
1.6802,0.466,9.09,Unhealthy
1.7791,0.466,9.1,Unhealthy
1.8779,0.4968,9.11,Unhealthy
1.952,0.466,9.12,Unhealthy
2.0755,0.4968,9.13,Unhealthy
2.1496,0.4968,9.14,Unhealthy
2.2485,0.4968,9.15,Unhealthy
2.2979,0.5276,9.16,Unhealthy
2.2979,0.466,9.17,Unhealthy
2.372,0.4968,9.18,Unhealthy
2.4214,0.4968,9.19,Unhealthy
2.5202,0.5276,9.2,Unhealthy
2.6685,0.5276,9.21,Unhealthy
2.8167,0.5276,9.22,Unhealthy
3.0143,0.5584,9.23,Unhealthy
3.1379,0.5584,9.24,Unhealthy
3.2614,0.5892,9.25,Unhealthy
3.3602,0.62,9.26,Unhealthy
3.3849,0.62,9.27,Unhealthy
3.4096,0.62,9.28,Unhealthy
3.3849,0.6508,9.29,Unhealthy
3.3849,0.6508,9.3,Unhealthy
3.3602,0.6815,9.31,Unhealthy
3.2861,0.6508,9.32,Unhealthy
3.2614,0.6508,9.33,Unhealthy
3.2614,0.62,9.34,Unhealthy
3.2861,0.6508,9.35,Unhealthy
3.4096,0.6508,9.36,Unhealthy
3.4837,0.62,9.37,Unhealthy
3.6073,0.62,9.38,Unhealthy
3.6073,0.62,9.39,Unhealthy
3.6567,0.62,9.4,Unhealthy
3.632,0.5892,9.41,Unhealthy
3.5826,0.5276,9.42,Unhealthy
3.5826,0.5276,9.43,Unhealthy
3.5826,0.466,9.44,Unhealthy
3.5826,0.4968,9.45,Unhealthy
3.632,0.4968,9.46,Unhealthy
3.632,0.4352,9.47,Unhealthy
3.6814,0.466,9.48,Unhealthy
3.6814,0.4352,9.49,Unhealthy
3.7308,0.4968,9.5,Unhealthy
3.7555,0.5276,9.51,Unhealthy
3.7308,0.4968,9.52,Unhealthy
3.7308,0.5276,9.53,Unhealthy
3.7061,0.5276,9.54,Unhealthy
3.7061,0.5584,9.55,Unhealthy
3.6814,0.5892,9.56,Unhealthy
3.6073,0.5584,9.57,Unhealthy
3.6073,0.5892,9.58,Unhealthy
3.6567,0.5584,9.59,Unhealthy
3.7308,0.62,9.6,Unhealthy
3.8543,0.6508,9.61,Unhealthy
3.879,0.62,9.62,Unhealthy
3.879,0.6508,9.63,Unhealthy
3.8543,0.6508,9.64,Unhealthy
3.8049,0.6508,9.65,Unhealthy
3.8543,0.6815,9.66,Unhealthy
3.9037,0.6815,9.67,Unhealthy
4.052,0.6815,9.68,Unhealthy
4.1261,0.6815,9.69,Unhealthy
4.2496,0.7123,9.7,Unhealthy
4.2743,0.7431,9.71,Unhealthy
4.2496,0.7123,9.72,Unhealthy
4.2249,0.7123,9.73,Unhealthy
4.2249,0.6815,9.74,Unhealthy
4.3237,0.6815,9.75,Unhealthy
4.472,0.7123,9.76,Unhealthy
4.6202,0.6508,9.77,Unhealthy
4.7684,0.6508,9.78,Unhealthy
4.8673,0.62,9.79,Unhealthy
4.9414,0.6508,9.8,Unhealthy
4.9167,0.6508,9.81,Unhealthy
4.8426,0.62,9.82,Unhealthy
4.7931,0.62,9.83,Unhealthy
4.7437,0.62,9.84,Unhealthy
4.6943,0.62,9.85,Unhealthy
4.6202,0.62,9.86,Unhealthy
4.4473,0.5276,9.87,Unhealthy
4.2743,0.5276,9.88,Unhealthy
4.1014,0.5276,9.89,Unhealthy
4.0026,0.4968,9.9,Unhealthy
4.0026,0.5276,9.91,Unhealthy
4.0026,0.466,9.92,Unhealthy
4.0767,0.466,9.93,Unhealthy
4.1261,0.466,9.94,Unhealthy
4.2002,0.4968,9.95,Unhealthy
4.3237,0.4968,9.96,Unhealthy
4.3731,0.466,9.97,Unhealthy
4.3979,0.466,9.98,Unhealthy
4.472,0.4352,9.99,Unhealthy
4.6202,0.466,10,Unhealthy
4.719,0.466,10.01,Unhealthy
4.8178,0.466,10.02,Unhealthy
4.9661,0.466,10.03,Unhealthy
5.139,0.4044,10.04,Unhealthy
5.312,0.466,10.05,Unhealthy
5.4355,0.466,10.06,Unhealthy
5.4849,0.4352,10.07,Unhealthy
5.3861,0.4044,10.08,Unhealthy
5.0649,0.312,10.09,Unhealthy
4.3237,0.2812,10.1,Unhealthy
2.8167,0.1888,10.11,Unhealthy
0.5685,0.1272,10.12,Unhealthy
0.3461,0.158,10.13,Unhealthy
0.025,0.1272,10.14,Unhealthy
0.0492,0.1888,10.15,Unhealthy
0.0492,0.1888,10.16,Unhealthy
0.0492,0.1888,10.17,Unhealthy
0.0245,0.1888,10.18,Unhealthy
0.0245,0.158,10.19,Unhealthy
0.0245,0.1888,10.2,Unhealthy
0.025,0.1888,10.21,Unhealthy
0.0245,0.1888,10.22,Unhealthy
0.0245,0.1888,10.23,Unhealthy
0.0739,0.158,10.24,Unhealthy
0.0739,0.158,10.25,Unhealthy
0.0492,0.1888,10.26,Unhealthy
0.0739,0.158,10.27,Unhealthy
0.0492,0.158,10.28,Unhealthy
0.0492,0.1272,10.29,Unhealthy
0.0245,0.158,10.3,Unhealthy
0.0245,0.158,10.31,Unhealthy
0.0245,0.1272,10.32,Unhealthy
0.0245,0.158,10.33,Unhealthy
0.0492,0.0964,10.34,Unhealthy
0.0245,0.1272,10.35,Unhealthy
0.0245,0.158,10.36,Unhealthy
0.0245,0.1272,10.37,Unhealthy
0.0492,0.1272,10.38,Unhealthy
0.0492,0.1272,10.39,Unhealthy
0.0739,0.1272,10.4,Unhealthy
0.0492,0.158,10.41,Unhealthy
0.0739,0.1272,10.42,Unhealthy
0.0739,0.158,10.43,Unhealthy
0.0986,0.0964,10.44,Unhealthy
0.0739,0.1272,10.45,Unhealthy
0.0739,0.1272,10.46,Unhealthy
0.0986,0.1272,10.47,Unhealthy
0.0986,0.1272,10.48,Unhealthy
0.1233,0.0964,10.49,Unhealthy
0.0986,0.1272,10.5,Unhealthy
0.0986,0.158,10.51,Unhealthy
0.0986,0.1272,10.52,Unhealthy
0.0986,0.1272,10.53,Unhealthy
0.1233,0.0964,10.54,Unhealthy
0.1233,0.1272,10.55,Unhealthy
0.0986,0.158,10.56,Unhealthy
0.148,0.1272,10.57,Unhealthy
0.1233,0.1272,10.58,Unhealthy
0.148,0.0964,10.59,Unhealthy
0.148,0.1272,10.6,Unhealthy
0.1233,0.158,10.61,Unhealthy
0.1727,0.1272,10.62,Unhealthy
0.148,0.158,10.63,Unhealthy
0.148,0.0964,10.64,Unhealthy
0.0986,0.1272,10.65,Unhealthy
0.0986,0.1272,10.66,Unhealthy
0.0986,0.1272,10.67,Unhealthy
0.0986,0.1272,10.68,Unhealthy
0.1233,0.0964,10.69,Unhealthy
0.1233,0.1272,10.7,Unhealthy
0.0986,0.158,10.71,Unhealthy
0.0986,0.1272,10.72,Unhealthy
0.1233,0.1272,10.73,Unhealthy
0.1233,0.0964,10.74,Unhealthy
0.0986,0.1272,10.75,Unhealthy
0.0739,0.158,10.76,Unhealthy
0.1233,0.1272,10.77,Unhealthy
0.0986,0.1272,10.78,Unhealthy
0.1233,0.1272,10.79,Unhealthy
0.0986,0.1272,10.8,Unhealthy
0.0739,0.158,10.81,Unhealthy
0.1233,0.1272,10.82,Unhealthy
0.0986,0.1272,10.83,Unhealthy
0.1233,0.0964,10.84,Unhealthy
0.0986,0.1272,10.85,Unhealthy
0.0986,0.1272,10.86,Unhealthy
0.0986,0.1272,10.87,Unhealthy
0.0986,0.158,10.88,Unhealthy
0.1233,0.0964,10.89,Unhealthy
0.0986,0.1272,10.9,Unhealthy
0.0986,0.1272,10.91,Unhealthy
0.1233,0.1272,10.92,Unhealthy
0.0986,0.1272,10.93,Unhealthy
0.1233,0.0964,10.94,Unhealthy
0.0986,0.1272,10.95,Unhealthy
0.0986,0.158,10.96,Unhealthy
0.0986,0.1272,10.97,Unhealthy
0.0986,0.1272,10.98,Unhealthy
0.0986,0.1272,10.99,Unhealthy
0.0986,0.1272,11,Unhealthy
0.0986,0.158,11.01,Unhealthy
0.0986,0.1272,11.02,Unhealthy
0.0986,0.1272,11.03,Unhealthy
0.1233,0.0964,11.04,Unhealthy
0.0986,0.1272,11.05,Unhealthy
0.0986,0.158,11.06,Unhealthy
0.0986,0.1272,11.07,Unhealthy
0.0986,0.1272,11.08,Unhealthy
0.1233,0.0964,11.09,Unhealthy
0.0986,0.1272,11.1,Unhealthy
0.0986,0.1272,11.11,Unhealthy
0.0986,0.1272,11.12,Unhealthy
0.0986,0.1272,11.13,Unhealthy
0.1233,0.0964,11.14,Unhealthy
0.0986,0.1272,11.15,Unhealthy
0.0986,0.1272,11.16,Unhealthy
0.0986,0.1272,11.17,Unhealthy
0.0986,0.1272,11.18,Unhealthy
0.1233,0.0964,11.19,Unhealthy
0.0986,0.1272,11.2,Unhealthy
0.0986,0.1272,11.21,Unhealthy
0.0986,0.1272,11.22,Unhealthy
0.0986,0.1272,11.23,Unhealthy
0.1233,0.1272,11.24,Unhealthy
0.0986,0.1272,11.25,Unhealthy
0.0986,0.1272,11.26,Unhealthy
0.0986,0.1272,11.27,Unhealthy
0.0986,0.1272,11.28,Unhealthy
0.1233,0.0964,11.29,Unhealthy
0.0986,0.1272,11.3,Unhealthy
0.0739,0.1272,11.31,Unhealthy
0.0986,0.1272,11.32,Unhealthy
0.0986,0.1272,11.33,Unhealthy
0.1233,0.0656,11.34,Unhealthy
0.0986,0.0964,11.35,Unhealthy
0.0986,0.1272,11.36,Unhealthy
0.1233,0.0656,11.37,Unhealthy
0.0986,0.1272,11.38,Unhealthy
0.1233,0.0656,11.39,Unhealthy
0.0986,0.0964,11.4,Unhealthy
0.0986,0.1272,11.41,Unhealthy
0.0986,0.0964,11.42,Unhealthy
0.0986,0.1272,11.43,Unhealthy
0.1233,0.0656,11.44,Unhealthy
0.0986,0.1272,11.45,Unhealthy
0.0739,0.1272,11.46,Unhealthy
0.0986,0.1272,11.47,Unhealthy
0.0986,0.1272,11.48,Unhealthy
0.1233,0.0964,11.49,Unhealthy
0.0986,0.1272,11.5,Unhealthy
0.0739,0.1272,11.51,Unhealthy
0.0986,0.1272,11.52,Unhealthy
0.0986,0.1272,11.53,Unhealthy
0.1233,0.0656,11.54,Unhealthy
0.0986,0.1272,11.55,Unhealthy
0.0986,0.1272,11.56,Unhealthy
0.0986,0.0964,11.57,Unhealthy
0.0986,0.1272,11.58,Unhealthy
0.1233,0.0964,11.59,Unhealthy
0.0986,0.1272,11.6,Unhealthy
0.0986,0.1272,11.61,Unhealthy
0.0986,0.1272,11.62,Unhealthy
0.0739,0.1272,11.63,Unhealthy
0.1233,0.0964,11.64,Unhealthy
0.0986,0.1272,11.65,Unhealthy
0.0739,0.158,11.66,Unhealthy
0.0986,0.1272,11.67,Unhealthy
0.0986,0.1272,11.68,Unhealthy
0.1233,0.0964,11.69,Unhealthy
0.0986,0.1272,11.7,Unhealthy
0.0986,0.1272,11.71,Unhealthy
0.0986,0.1272,11.72,Unhealthy
0.0986,0.1272,11.73,Unhealthy
0.1233,0.0656,11.74,Unhealthy
0.0986,0.1272,11.75,Unhealthy
0.0986,0.1272,11.76,Unhealthy
0.0986,0.1272,11.77,Unhealthy
0.0986,0.1272,11.78,Unhealthy
0.1233,0.0964,11.79,Unhealthy
0.0986,0.1272,11.8,Unhealthy
0.0739,0.1272,11.81,Unhealthy
0.0986,0.1272,11.82,Unhealthy
0.0986,0.1272,11.83,Unhealthy
0.1233,0.0964,11.84,Unhealthy
0.0986,0.1272,11.85,Unhealthy
0.0739,0.1272,11.86,Unhealthy
0.0986,0.0964,11.87,Unhealthy
0.0986,0.1272,11.88,Unhealthy
0.1233,0.0964,11.89,Unhealthy
0.0986,0.1272,11.9,Unhealthy
0.0986,0.1272,11.91,Unhealthy
0.0986,0.1272,11.92,Unhealthy
0.0986,0.1272,11.93,Unhealthy
0.1233,0.0964,11.94,Unhealthy
0.0986,0.1272,11.95,Unhealthy
0.0739,0.158,11.96,Unhealthy
0.0986,0.1272,11.97,Unhealthy
0.0986,0.1272,11.98,Unhealthy
0.1233,0.0964,11.99,Unhealthy
0.0986,0.1272,12,Unhealthy
0.0986,0.1272,12.01,Unhealthy
0.0986,0.1272,12.02,Unhealthy
0.0986,0.1272,12.03,Unhealthy
0.1233,0.0964,12.04,Unhealthy
0.0986,0.1272,12.05,Unhealthy
0.0986,0.1272,12.06,Unhealthy
0.0986,0.1272,12.07,Unhealthy
0.0986,0.158,12.08,Unhealthy
0.1233,0.0964,12.09,Unhealthy
0.0986,0.1272,12.1,Unhealthy
0.0986,0.158,12.11,Unhealthy
0.1233,0.0964,12.12,Unhealthy
0.0986,0.1272,12.13,Unhealthy
0.1233,0.0964,12.14,Unhealthy
0.0986,0.1272,12.15,Unhealthy
0.0739,0.158,12.16,Unhealthy
0.0986,0.1272,12.17,Unhealthy
0.0986,0.1272,12.18,Unhealthy
0.1233,0.0964,12.19,Unhealthy
0.0986,0.1272,12.2,Unhealthy
0.0986,0.1272,12.21,Unhealthy
0.0986,0.1272,12.22,Unhealthy
0.0986,0.1272,12.23,Unhealthy
0.1233,0.0964,12.24,Unhealthy
0.0986,0.0964,12.25,Unhealthy
0.0739,0.1272,12.26,Unhealthy
0.0986,0.0964,12.27,Unhealthy
0.0739,0.1272,12.28,Unhealthy
0.1233,0.0964,12.29,Unhealthy
0.0986,0.1272,12.3,Unhealthy
0.0986,0.0964,12.31,Unhealthy
0.0986,0.0964,12.32,Unhealthy
0.0986,0.1272,12.33,Unhealthy
0.1233,0.0656,12.34,Unhealthy
0.1233,0.0964,12.35,Unhealthy
0.0986,0.0964,12.36,Unhealthy
0.0986,0.0656,12.37,Unhealthy
0.0986,0.0964,12.38,Unhealthy
0.1233,0.0348,12.39,Unhealthy
0.0986,0.0656,12.4,Unhealthy
0.0986,0.0348,12.41,Unhealthy
0.0986,0.0348,12.42,Unhealthy
0.0986,0.0656,12.43,Unhealthy
0.148,0.0348,12.44,Unhealthy
0.0986,0.0348,12.45,Unhealthy
0.1233,0.0348,12.46,Unhealthy
0.1233,0.0656,12.47,Unhealthy
0.0986,0.0656,12.48,Unhealthy
0.148,0.0348,12.49,Unhealthy
0.1233,0.0348,12.5,Unhealthy
0.0986,0.0348,12.51,Unhealthy
0.1233,0.0348,12.52,Unhealthy
0.0986,0.0348,12.53,Unhealthy
0.148,0.004,12.54,Unhealthy
0.148,0.0348,12.55,Unhealthy
0.148,0.0348,12.56,Unhealthy
0.148,0.0348,12.57,Unhealthy
0.1233,0.0348,12.58,Unhealthy
0.1727,0.004,12.59,Unhealthy
0.148,0.0348,12.6,Unhealthy
0.148,0.0348,12.61,Unhealthy
0.148,0.004,12.62,Unhealthy
0.1233,0.0348,12.63,Unhealthy
0.1727,0.004,12.64,Unhealthy
0.148,0.0348,12.65,Unhealthy
0.148,0.0656,12.66,Unhealthy
0.148,0.0348,12.67,Unhealthy
0.1233,0.0656,12.68,Unhealthy
0.1727,0.0348,12.69,Unhealthy
0.148,0.0348,12.7,Unhealthy
0.148,0.0656,12.71,Unhealthy
0.148,0.0348,12.72,Unhealthy
0.148,0.0348,12.73,Unhealthy
0.1727,0.0268,12.74,Unhealthy
0.148,0.004,12.75,Unhealthy
0.148,0.0348,12.76,Unhealthy
0.148,0.0348,12.77,Unhealthy
0.148,0.0348,12.78,Unhealthy
0.1727,0.004,12.79,Unhealthy
0.1727,0.004,12.8,Unhealthy
0.1727,0.004,12.81,Unhealthy
0.148,0.004,12.82,Unhealthy
0.148,0.0348,12.83,Unhealthy
0.148,0.0268,12.84,Unhealthy
0.148,0.004,12.85,Unhealthy
0.1233,0.0348,12.86,Unhealthy
0.1233,0.004,12.87,Unhealthy
0.0986,0.0348,12.88,Unhealthy
0.148,0.0268,12.89,Unhealthy
0.1233,0.004,12.9,Unhealthy
0.0739,0.0348,12.91,Unhealthy
0.0986,0.004,12.92,Unhealthy
0.0986,0.004,12.93,Unhealthy
0.1233,0.0268,12.94,Unhealthy
0.1233,0.004,12.95,Unhealthy
0.0986,0.0348,12.96,Unhealthy
0.1233,0.004,12.97,Unhealthy
0.0986,0.0348,12.98,Unhealthy
0.148,0.0268,12.99,Unhealthy
0.1233,0.0348,13,Unhealthy
0.1233,0.0348,13.01,Unhealthy
0.1233,0.0348,13.02,Unhealthy
0.1233,0.0656,13.03,Unhealthy
0.148,0.0348,13.04,Unhealthy
0.148,0.0656,13.05,Unhealthy
0.148,0.0348,13.06,Unhealthy
0.1233,0.0348,13.07,Unhealthy
0.1233,0.0348,13.08,Unhealthy
0.148,0.004,13.09,Unhealthy
0.1233,0.0348,13.1,Unhealthy
0.1233,0.0348,13.11,Unhealthy
0.1233,0.0964,13.12,Unhealthy
0.0986,0.158,13.13,Unhealthy
0.148,0.158,13.14,Unhealthy
0.0986,0.1888,13.15,Unhealthy
0.0986,0.2196,13.16,Unhealthy
0.0986,0.1888,13.17,Unhealthy
0.0986,0.1888,13.18,Unhealthy
0.1233,0.158,13.19,Unhealthy
0.0986,0.158,13.2,Unhealthy
0.0739,0.1888,13.21,Unhealthy
0.0986,0.158,13.22,Unhealthy
0.0739,0.158,13.23,Unhealthy
0.0739,0.0964,13.24,Unhealthy
0.0739,0.158,13.25,Unhealthy
0.0739,0.1272,13.26,Unhealthy
0.0739,0.1272,13.27,Unhealthy
0.0739,0.158,13.28,Unhealthy
0.1233,0.0964,13.29,Unhealthy
0.0986,0.1272,13.3,Unhealthy
0.0986,0.1272,13.31,Unhealthy
0.0986,0.0964,13.32,Unhealthy
0.0986,0.158,13.33,Unhealthy
0.1233,0.0964,13.34,Unhealthy
0.0986,0.0964,13.35,Unhealthy
0.0986,0.1272,13.36,Unhealthy
0.0986,0.1272,13.37,Unhealthy
0.0986,0.1272,13.38,Unhealthy
0.1233,0.0964,13.39,Unhealthy
0.0986,0.1272,13.4,Unhealthy
0.0986,0.1272,13.41,Unhealthy
0.0986,0.1272,13.42,Unhealthy
0.0739,0.1272,13.43,Unhealthy
0.1233,0.0964,13.44,Unhealthy
0.0986,0.0964,13.45,Unhealthy
0.0986,0.1272,13.46,Unhealthy
0.1233,0.0964,13.47,Unhealthy
0.0986,0.1272,13.48,Unhealthy
0.1233,0.0656,13.49,Unhealthy
0.0986,0.0964,13.5,Unhealthy
0.0986,0.1272,13.51,Unhealthy
0.0986,0.0964,13.52,Unhealthy
0.0986,0.1272,13.53,Unhealthy
0.1233,0.0964,13.54,Unhealthy
0.0986,0.0964,13.55,Unhealthy
0.0986,0.1272,13.56,Unhealthy
0.0986,0.0964,13.57,Unhealthy
0.0986,0.1272,13.58,Unhealthy
0.1233,0.0964,13.59,Unhealthy
0.0986,0.1272,13.6,Unhealthy
0.0986,0.158,13.61,Unhealthy
0.0986,0.1272,13.62,Unhealthy
0.0986,0.1272,13.63,Unhealthy
0.1233,0.0964,13.64,Unhealthy
0.0986,0.1272,13.65,Unhealthy
0.0739,0.158,13.66,Unhealthy
0.0986,0.158,13.67,Unhealthy
0.0986,0.158,13.68,Unhealthy
0.148,0.1272,13.69,Unhealthy
0.1233,0.158,13.7,Unhealthy
0.0986,0.158,13.71,Unhealthy
0.0986,0.158,13.72,Unhealthy
0.0739,0.1888,13.73,Unhealthy
0.1233,0.158,13.74,Unhealthy
0.0739,0.158,13.75,Unhealthy
0.0739,0.1888,13.76,Unhealthy
0.0739,0.1888,13.77,Unhealthy
0.0739,0.1888,13.78,Unhealthy
0.0986,0.158,13.79,Unhealthy
0.0739,0.1888,13.8,Unhealthy
0.0739,0.1888,13.81,Unhealthy
0.0739,0.1888,13.82,Unhealthy
0.0739,0.1888,13.83,Unhealthy
0.0986,0.158,13.84,Unhealthy
0.0739,0.158,13.85,Unhealthy
0.0739,0.158,13.86,Unhealthy
0.0739,0.158,13.87,Unhealthy
0.0739,0.1888,13.88,Unhealthy
0.0739,0.158,13.89,Unhealthy
0.0739,0.1888,13.9,Unhealthy
0.0739,0.1888,13.91,Unhealthy
0.0739,0.1888,13.92,Unhealthy
0.0739,0.2196,13.93,Unhealthy
0.0739,0.1888,13.94,Unhealthy
0.0739,0.1888,13.95,Unhealthy
0.0739,0.2196,13.96,Unhealthy
0.0739,0.2196,13.97,Unhealthy
0.0739,0.2196,13.98,Unhealthy
0.0986,0.1888,13.99,Unhealthy
0.0986,0.1888,14,Unhealthy
0.0739,0.1888,14.01,Unhealthy
0.0986,0.158,14.02,Unhealthy
0.0739,0.158,14.03,Unhealthy
0.1233,0.1272,14.04,Unhealthy
0.0986,0.158,14.05,Unhealthy
0.0986,0.1888,14.06,Unhealthy
0.0986,0.1888,14.07,Unhealthy
0.0739,0.2196,14.08,Unhealthy
0.0986,0.1888,14.09,Unhealthy
0.0739,0.2196,14.1,Unhealthy
0.0739,0.1888,14.11,Unhealthy
0.0492,0.1888,14.12,Unhealthy
0.0245,0.1888,14.13,Unhealthy
0.0492,0.158,14.14,Unhealthy
0.0492,0.158,14.15,Unhealthy
0.0245,0.1888,14.16,Unhealthy
0.0002,0.158,14.17,Unhealthy
0.025,0.1888,14.18,Unhealthy
0.025,0.0964,14.19,Unhealthy
0.0497,0.0964,14.2,Unhealthy
0.0744,0.1272,14.21,Unhealthy
0.0991,0.0964,14.22,Unhealthy
0.1238,0.1272,14.23,Unhealthy
0.0991,0.0656,14.24,Unhealthy
0.1238,0.0964,14.25,Unhealthy
0.1238,0.0964,14.26,Unhealthy
0.1238,0.0964,14.27,Unhealthy
0.0991,0.1272,14.28,Unhealthy
0.0739,0.0656,14.29,Unhealthy
0.0986,0.0964,14.3,Unhealthy
0.0986,0.0964,14.31,Unhealthy
0.0492,0.0964,14.32,Unhealthy
0.0492,0.1272,14.33,Unhealthy
0.1233,0.0656,14.34,Unhealthy
0.0986,0.0964,14.35,Unhealthy
0.1233,0.0964,14.36,Unhealthy
0.0986,0.0964,14.37,Unhealthy
0.0986,0.1272,14.38,Unhealthy
0.1233,0.0656,14.39,Unhealthy
0.0986,0.0964,14.4,Unhealthy
0.0986,0.0964,14.41,Unhealthy
0.0986,0.0964,14.42,Unhealthy
0.0986,0.1272,14.43,Unhealthy
0.1233,0.0656,14.44,Unhealthy
0.0986,0.0964,14.45,Unhealthy
0.1233,0.0964,14.46,Unhealthy
0.0986,0.0964,14.47,Unhealthy
0.0986,0.1272,14.48,Unhealthy
0.1233,0.0656,14.49,Unhealthy
0.0986,0.0964,14.5,Unhealthy
0.0986,0.1272,14.51,Unhealthy
0.0986,0.0964,14.52,Unhealthy
0.0986,0.1272,14.53,Unhealthy
0.1233,0.0656,14.54,Unhealthy
0.0986,0.0964,14.55,Unhealthy
0.0986,0.1272,14.56,Unhealthy
0.1233,0.0964,14.57,Unhealthy
0.0986,0.1272,14.58,Unhealthy
0.1233,0.0656,14.59,Unhealthy
0.0986,0.0964,14.6,Unhealthy
0.0986,0.0964,14.61,Unhealthy
0.1233,0.0964,14.62,Unhealthy
0.0986,0.1272,14.63,Unhealthy
0.1233,0.0964,14.64,Unhealthy
0.0986,0.0964,14.65,Unhealthy
0.0986,0.0964,14.66,Unhealthy
0.0986,0.0964,14.67,Unhealthy
0.0986,0.1272,14.68,Unhealthy
0.1233,0.0656,14.69,Unhealthy
0.1233,0.0964,14.7,Unhealthy
0.0986,0.0964,14.71,Unhealthy
0.0986,0.1272,14.72,Unhealthy
0.0986,0.1272,14.73,Unhealthy
0.1233,0.0964,14.74,Unhealthy
0.0986,0.0964,14.75,Unhealthy
0.1233,0.0964,14.76,Unhealthy
0.0986,0.0964,14.77,Unhealthy
0.0739,0.1272,14.78,Unhealthy
0.1233,0.0656,14.79,Unhealthy
0.1233,0.0964,14.8,Unhealthy
0.0986,0.0964,14.81,Unhealthy
0.0986,0.0964,14.82,Unhealthy
0.0739,0.1272,14.83,Unhealthy
0.148,0.0656,14.84,Unhealthy
0.0986,0.0964,14.85,Unhealthy
0.1233,0.0964,14.86,Unhealthy
0.0986,0.0964,14.87,Unhealthy
0.0986,0.1272,14.88,Unhealthy
0.1233,0.0656,14.89,Unhealthy
0.0986,0.0964,14.9,Unhealthy
0.0986,0.0964,14.91,Unhealthy
0.0986,0.0964,14.92,Unhealthy
0.0986,0.0964,14.93,Unhealthy
0.1233,0.0656,14.94,Unhealthy
0.1233,0.0964,14.95,Unhealthy
0.1233,0.0964,14.96,Unhealthy
0.1233,0.0964,14.97,Unhealthy
0.0986,0.1272,14.98,Unhealthy
0.1233,0.0656,14.99,Unhealthy
0.0986,0.0964,15,Unhealthy
