F1,F2,t,Target
0.0301,0.077,1.01,Unhealthy
0.0301,0.1078,1.02,Unhealthy
0.0301,0.1078,1.03,Unhealthy
0.0054,0.077,1.04,Unhealthy
0.0301,0.1078,1.05,Unhealthy
0.0301,0.1078,1.06,Unhealthy
0.0301,0.1078,1.07,Unhealthy
0.0301,0.1386,1.08,Unhealthy
0.0054,0.1078,1.09,Unhealthy
0.0301,0.1386,1.1,Unhealthy
0.0301,0.1386,1.11,Unhealthy
0.0548,0.1694,1.12,Unhealthy
0.0301,0.1694,1.13,Unhealthy
0.0054,0.1386,1.14,Unhealthy
0.0548,0.2002,1.15,Unhealthy
0.0301,0.2002,1.16,Unhealthy
0.0548,0.2002,1.17,Unhealthy
0.0301,0.2002,1.18,Unhealthy
0.0301,0.1694,1.19,Unhealthy
0.0548,0.2002,1.2,Unhealthy
0.0301,0.2002,1.21,Unhealthy
0.0796,0.231,1.22,Unhealthy
0.0548,0.2002,1.23,Unhealthy
0.0301,0.1694,1.24,Unhealthy
0.0548,0.2002,1.25,Unhealthy
0.0301,0.2002,1.26,Unhealthy
0.0796,0.231,1.27,Unhealthy
0.0548,0.2002,1.28,Unhealthy
0.0301,0.1694,1.29,Unhealthy
0.0548,0.2002,1.3,Unhealthy
0.0548,0.2002,1.31,Unhealthy
0.0548,0.231,1.32,Unhealthy
0.0548,0.2002,1.33,Unhealthy
0.0301,0.1694,1.34,Unhealthy
0.0548,0.1694,1.35,Unhealthy
0.0301,0.1694,1.36,Unhealthy
0.0548,0.1694,1.37,Unhealthy
0.0548,0.1694,1.38,Unhealthy
0.0301,0.1078,1.39,Unhealthy
0.0548,0.1694,1.4,Unhealthy
0.0548,0.1694,1.41,Unhealthy
0.0548,0.2002,1.42,Unhealthy
0.0548,0.2002,1.43,Unhealthy
0.0301,0.1694,1.44,Unhealthy
0.0548,0.2002,1.45,Unhealthy
0.0301,0.2002,1.46,Unhealthy
0.0796,0.231,1.47,Unhealthy
0.0548,0.2002,1.48,Unhealthy
0.0301,0.2002,1.49,Unhealthy
0.0548,0.231,1.5,Unhealthy
0.0301,0.2002,1.51,Unhealthy
0.0796,0.231,1.52,Unhealthy
0.0548,0.231,1.53,Unhealthy
0.0301,0.2002,1.54,Unhealthy
0.0796,0.231,1.55,Unhealthy
0.0301,0.2002,1.56,Unhealthy
0.0796,0.231,1.57,Unhealthy
0.0548,0.231,1.58,Unhealthy
0.0301,0.2002,1.59,Unhealthy
0.0548,0.231,1.6,Unhealthy
0.0548,0.231,1.61,Unhealthy
0.0796,0.2618,1.62,Unhealthy
0.0548,0.231,1.63,Unhealthy
0.0301,0.231,1.64,Unhealthy
0.0548,0.231,1.65,Unhealthy
0.0548,0.231,1.66,Unhealthy
0.0796,0.2618,1.67,Unhealthy
0.0548,0.231,1.68,Unhealthy
0.0301,0.231,1.69,Unhealthy
0.0796,0.231,1.7,Unhealthy
0.0548,0.231,1.71,Unhealthy
0.0796,0.2618,1.72,Unhealthy
0.0796,0.231,1.73,Unhealthy
0.0548,0.2002,1.74,Unhealthy
0.0548,0.231,1.75,Unhealthy
0.0548,0.231,1.76,Unhealthy
0.0796,0.231,1.77,Unhealthy
0.0548,0.231,1.78,Unhealthy
0.0548,0.231,1.79,Unhealthy
0.0796,0.231,1.8,Unhealthy
0.0548,0.231,1.81,Unhealthy
0.0796,0.2618,1.82,Unhealthy
0.0796,0.231,1.83,Unhealthy
0.0301,0.231,1.84,Unhealthy
0.0548,0.231,1.85,Unhealthy
0.0548,0.231,1.86,Unhealthy
0.0796,0.2926,1.87,Unhealthy
0.0796,0.2618,1.88,Unhealthy
0.0548,0.231,1.89,Unhealthy
0.0548,0.231,1.9,Unhealthy
0.0548,0.231,1.91,Unhealthy
0.0796,0.2926,1.92,Unhealthy
0.0548,0.2926,1.93,Unhealthy
0.0548,0.2618,1.94,Unhealthy
0.0796,0.2926,1.95,Unhealthy
0.0548,0.2926,1.96,Unhealthy
0.0796,0.3542,1.97,Unhealthy
0.0796,0.3234,1.98,Unhealthy
0.0548,0.2926,1.99,Unhealthy
0.0796,0.3234,2,Unhealthy
0.0548,0.3234,2.01,Unhealthy
0.0796,0.385,2.02,Unhealthy
0.0796,0.3542,2.03,Unhealthy
0.0548,0.3234,2.04,Unhealthy
0.0796,0.385,2.05,Unhealthy
0.0548,0.3542,2.06,Unhealthy
0.0796,0.4158,2.07,Unhealthy
0.0796,0.385,2.08,Unhealthy
0.0548,0.3542,2.09,Unhealthy
0.0796,0.385,2.1,Unhealthy
0.0548,0.3542,2.11,Unhealthy
0.0796,0.4158,2.12,Unhealthy
0.0796,0.385,2.13,Unhealthy
0.0796,0.385,2.14,Unhealthy
0.0796,0.385,2.15,Unhealthy
0.0548,0.3542,2.16,Unhealthy
0.0796,0.4158,2.17,Unhealthy
0.0548,0.385,2.18,Unhealthy
0.0796,0.385,2.19,Unhealthy
0.0796,0.385,2.2,Unhealthy
0.0548,0.3542,2.21,Unhealthy
0.0796,0.4158,2.22,Unhealthy
0.0548,0.385,2.23,Unhealthy
0.0796,0.4158,2.24,Unhealthy
0.0796,0.385,2.25,Unhealthy
0.0548,0.3542,2.26,Unhealthy
0.0796,0.4158,2.27,Unhealthy
0.0796,0.385,2.28,Unhealthy
0.0796,0.4158,2.29,Unhealthy
0.0796,0.385,2.3,Unhealthy
0.0548,0.385,2.31,Unhealthy
0.0796,0.4158,2.32,Unhealthy
0.0796,0.385,2.33,Unhealthy
0.0796,0.3542,2.34,Unhealthy
0.0796,0.385,2.35,Unhealthy
0.0548,0.3542,2.36,Unhealthy
0.0796,0.4158,2.37,Unhealthy
0.0796,0.385,2.38,Unhealthy
0.0796,0.385,2.39,Unhealthy
0.0796,0.3542,2.4,Unhealthy
0.0796,0.3542,2.41,Unhealthy
0.0796,0.4158,2.42,Unhealthy
0.0796,0.3542,2.43,Unhealthy
0.0796,0.3542,2.44,Unhealthy
0.0796,0.3542,2.45,Unhealthy
0.0796,0.3542,2.46,Unhealthy
0.0796,0.4158,2.47,Unhealthy
0.0796,0.3542,2.48,Unhealthy
0.0796,0.385,2.49,Unhealthy
0.0796,0.3542,2.5,Unhealthy
0.0796,0.3542,2.51,Unhealthy
0.1043,0.4158,2.52,Unhealthy
0.0796,0.3542,2.53,Unhealthy
0.0796,0.3542,2.54,Unhealthy
0.0796,0.3542,2.55,Unhealthy
0.0548,0.3234,2.56,Unhealthy
0.1043,0.4158,2.57,Unhealthy
0.0796,0.3542,2.58,Unhealthy
0.0796,0.3542,2.59,Unhealthy
0.0796,0.385,2.6,Unhealthy
0.0796,0.3542,2.61,Unhealthy
0.1043,0.4158,2.62,Unhealthy
0.0796,0.3542,2.63,Unhealthy
0.0796,0.385,2.64,Unhealthy
0.0796,0.385,2.65,Unhealthy
0.0548,0.3542,2.66,Unhealthy
0.0796,0.4158,2.67,Unhealthy
0.0796,0.385,2.68,Unhealthy
0.0796,0.385,2.69,Unhealthy
0.0796,0.385,2.7,Unhealthy
0.0796,0.3542,2.71,Unhealthy
0.0796,0.4158,2.72,Unhealthy
0.0796,0.4158,2.73,Unhealthy
0.0796,0.385,2.74,Unhealthy
0.0796,0.385,2.75,Unhealthy
0.0548,0.3542,2.76,Unhealthy
0.1043,0.4466,2.77,Unhealthy
0.0796,0.385,2.78,Unhealthy
0.0796,0.4158,2.79,Unhealthy
0.0796,0.385,2.8,Unhealthy
0.0796,0.385,2.81,Unhealthy
0.1043,0.4158,2.82,Unhealthy
0.0796,0.4158,2.83,Unhealthy
0.0796,0.4158,2.84,Unhealthy
0.0796,0.4158,2.85,Unhealthy
0.0548,0.385,2.86,Unhealthy
0.0796,0.4466,2.87,Unhealthy
0.0796,0.4158,2.88,Unhealthy
0.0796,0.4466,2.89,Unhealthy
0.0796,0.4158,2.9,Unhealthy
0.0796,0.385,2.91,Unhealthy
0.1043,0.4466,2.92,Unhealthy
0.0796,0.4158,2.93,Unhealthy
0.0796,0.4158,2.94,Unhealthy
0.0796,0.4158,2.95,Unhealthy
0.0796,0.385,2.96,Unhealthy
0.1043,0.4466,2.97,Unhealthy
0.0796,0.4158,2.98,Unhealthy
0.1043,0.4158,2.99,Unhealthy
0.0796,0.4158,3,Unhealthy
0.0796,0.385,3.01,Unhealthy
0.129,0.4158,3.02,Unhealthy
0.1043,0.385,3.03,Unhealthy
0.1043,0.4158,3.04,Unhealthy
0.1043,0.4158,3.05,Unhealthy
0.0796,0.385,3.06,Unhealthy
0.1043,0.4466,3.07,Unhealthy
0.0796,0.4158,3.08,Unhealthy
0.1043,0.4158,3.09,Unhealthy
0.0796,0.4158,3.1,Unhealthy
0.0796,0.385,3.11,Unhealthy
0.1043,0.4466,3.12,Unhealthy
0.0796,0.4158,3.13,Unhealthy
0.1043,0.4466,3.14,Unhealthy
0.0796,0.4466,3.15,Unhealthy
0.0796,0.4158,3.16,Unhealthy
0.0796,0.4774,3.17,Unhealthy
0.0796,0.4466,3.18,Unhealthy
0.0796,0.4466,3.19,Unhealthy
0.0796,0.4466,3.2,Unhealthy
0.0796,0.4158,3.21,Unhealthy
0.1043,0.4774,3.22,Unhealthy
0.0796,0.4466,3.23,Unhealthy
0.1043,0.4466,3.24,Unhealthy
0.0796,0.4466,3.25,Unhealthy
0.0796,0.4466,3.26,Unhealthy
0.1043,0.4774,3.27,Unhealthy
0.0796,0.4466,3.28,Unhealthy
0.1043,0.4774,3.29,Unhealthy
0.0796,0.4774,3.3,Unhealthy
0.0796,0.4466,3.31,Unhealthy
0.1043,0.4774,3.32,Unhealthy
0.0796,0.4774,3.33,Unhealthy
0.0796,0.4774,3.34,Unhealthy
0.0796,0.4774,3.35,Unhealthy
0.0301,0.4466,3.36,Unhealthy
0.0548,0.4774,3.37,Unhealthy
0.0301,0.4774,3.38,Unhealthy
0.0301,0.4774,3.39,Unhealthy
0.0193,0.4774,3.4,Unhealthy
0.0687,0.4774,3.41,Unhealthy
0.044,0.5082,3.42,Unhealthy
0.0934,0.4774,3.43,Unhealthy
0.0687,0.5082,3.44,Unhealthy
0.0687,0.4774,3.45,Unhealthy
0.044,0.4774,3.46,Unhealthy
0.0301,0.5082,3.47,Unhealthy
0.0548,0.4774,3.48,Unhealthy
0.0796,0.5082,3.49,Unhealthy
0.0796,0.4774,3.5,Unhealthy
0.0796,0.4774,3.51,Unhealthy
0.1043,0.5082,3.52,Unhealthy
0.0796,0.4774,3.53,Unhealthy
0.1043,0.4774,3.54,Unhealthy
0.1043,0.4774,3.55,Unhealthy
0.0796,0.4466,3.56,Unhealthy
0.1043,0.5082,3.57,Unhealthy
0.1043,0.4774,3.58,Unhealthy
0.1043,0.5082,3.59,Unhealthy
0.0796,0.4774,3.6,Unhealthy
0.0796,0.4466,3.61,Unhealthy
0.1043,0.4774,3.62,Unhealthy
0.1043,0.4774,3.63,Unhealthy
0.1043,0.5082,3.64,Unhealthy
0.1043,0.5082,3.65,Unhealthy
0.0796,0.5082,3.66,Unhealthy
0.1043,0.539,3.67,Unhealthy
0.1043,0.4466,3.68,Unhealthy
0.1043,0.4774,3.69,Unhealthy
0.1043,0.4774,3.7,Unhealthy
0.0796,0.4774,3.71,Unhealthy
0.1043,0.4774,3.72,Unhealthy
0.1043,0.4774,3.73,Unhealthy
0.1043,0.4774,3.74,Unhealthy
0.1043,0.4774,3.75,Unhealthy
0.0796,0.4466,3.76,Unhealthy
0.1043,0.5082,3.77,Unhealthy
0.0796,0.4774,3.78,Unhealthy
0.129,0.5082,3.79,Unhealthy
0.0796,0.4774,3.8,Unhealthy
0.0796,0.4466,3.81,Unhealthy
0.1043,0.4774,3.82,Unhealthy
0.0796,0.4466,3.83,Unhealthy
0.1043,0.5082,3.84,Unhealthy
0.0796,0.4774,3.85,Unhealthy
0.0796,0.4466,3.86,Unhealthy
0.0796,0.4774,3.87,Unhealthy
0.1043,0.4774,3.88,Unhealthy
0.129,0.4774,3.89,Unhealthy
0.1043,0.4774,3.9,Unhealthy
0.0796,0.4466,3.91,Unhealthy
0.1043,0.4774,3.92,Unhealthy
0.0796,0.4774,3.93,Unhealthy
0.1043,0.5082,3.94,Unhealthy
0.1043,0.4466,3.95,Unhealthy
0.0796,0.4466,3.96,Unhealthy
0.1043,0.4774,3.97,Unhealthy
0.0796,0.4774,3.98,Unhealthy
0.1043,0.5082,3.99,Unhealthy
0.1043,0.4774,4,Unhealthy
0.0796,0.4466,4.01,Unhealthy
0.1043,0.4774,4.02,Unhealthy
0.1043,0.4774,4.03,Unhealthy
0.1043,0.4774,4.04,Unhealthy
0.0796,0.4774,4.05,Unhealthy
0.0796,0.4466,4.06,Unhealthy
0.1043,0.4774,4.07,Unhealthy
0.0796,0.4466,4.08,Unhealthy
0.129,0.5082,4.09,Unhealthy
0.1043,0.4774,4.1,Unhealthy
0.0796,0.4466,4.11,Unhealthy
0.1043,0.4774,4.12,Unhealthy
0.0796,0.4466,4.13,Unhealthy
0.129,0.5082,4.14,Unhealthy
0.1043,0.4774,4.15,Unhealthy
0.0796,0.4466,4.16,Unhealthy
0.1043,0.4774,4.17,Unhealthy
0.0796,0.4466,4.18,Unhealthy
0.129,0.5082,4.19,Unhealthy
0.1043,0.4774,4.2,Unhealthy
0.1043,0.4774,4.21,Unhealthy
0.1043,0.4774,4.22,Unhealthy
0.0796,0.4466,4.23,Unhealthy
0.1043,0.4774,4.24,Unhealthy
0.1043,0.4774,4.25,Unhealthy
0.0796,0.4466,4.26,Unhealthy
0.1043,0.4774,4.27,Unhealthy
0.1043,0.4466,4.28,Unhealthy
0.129,0.5082,4.29,Unhealthy
0.1043,0.4774,4.3,Unhealthy
0.0796,0.4466,4.31,Unhealthy
0.1043,0.4774,4.32,Unhealthy
0.0796,0.4466,4.33,Unhealthy
0.129,0.5082,4.34,Unhealthy
0.1043,0.4774,4.35,Unhealthy
0.0796,0.4466,4.36,Unhealthy
0.1043,0.4774,4.37,Unhealthy
0.1043,0.4774,4.38,Unhealthy
0.1043,0.4774,4.39,Unhealthy
0.1043,0.4774,4.4,Unhealthy
0.1043,0.4774,4.41,Unhealthy
0.1043,0.4774,4.42,Unhealthy
0.0796,0.4466,4.43,Unhealthy
0.129,0.4774,4.44,Unhealthy
0.1043,0.4774,4.45,Unhealthy
0.0796,0.4466,4.46,Unhealthy
0.1043,0.4774,4.47,Unhealthy
0.0796,0.4466,4.48,Unhealthy
0.129,0.4774,4.49,Unhealthy
0.1043,0.4774,4.5,Unhealthy
0.1043,0.4774,4.51,Unhealthy
0.1043,0.4774,4.52,Unhealthy
0.0796,0.4774,4.53,Unhealthy
0.129,0.5082,4.54,Unhealthy
0.1043,0.4774,4.55,Unhealthy
0.1043,0.4774,4.56,Unhealthy
0.1043,0.4774,4.57,Unhealthy
0.0796,0.4774,4.58,Unhealthy
0.129,0.5082,4.59,Unhealthy
0.1043,0.4774,4.6,Unhealthy
0.0796,0.4466,4.61,Unhealthy
0.1043,0.4774,4.62,Unhealthy
0.0796,0.4774,4.63,Unhealthy
0.129,0.5082,4.64,Unhealthy
0.1043,0.4774,4.65,Unhealthy
0.0796,0.4774,4.66,Unhealthy
0.1043,0.4774,4.67,Unhealthy
0.0796,0.4774,4.68,Unhealthy
0.129,0.5082,4.69,Unhealthy
0.1043,0.4774,4.7,Unhealthy
0.1043,0.4774,4.71,Unhealthy
0.1043,0.4774,4.72,Unhealthy
0.1043,0.4774,4.73,Unhealthy
0.129,0.5082,4.74,Unhealthy
0.1043,0.4774,4.75,Unhealthy
0.1043,0.4774,4.76,Unhealthy
0.1043,0.4774,4.77,Unhealthy
0.1043,0.4466,4.78,Unhealthy
0.129,0.5082,4.79,Unhealthy
0.1043,0.4774,4.8,Unhealthy
0.129,0.4774,4.81,Unhealthy
0.1043,0.4774,4.82,Unhealthy
0.0796,0.4774,4.83,Unhealthy
0.129,0.5082,4.84,Unhealthy
0.1043,0.4774,4.85,Unhealthy
0.1043,0.4774,4.86,Unhealthy
0.1043,0.5082,4.87,Unhealthy
0.0796,0.4774,4.88,Unhealthy
0.1043,0.5082,4.89,Unhealthy
0.0796,0.5082,4.9,Unhealthy
0.0796,0.4774,4.91,Unhealthy
0.0796,0.5082,4.92,Unhealthy
0.0796,0.4774,4.93,Unhealthy
0.1043,0.539,4.94,Unhealthy
0.0796,0.4774,4.95,Unhealthy
0.0796,0.5082,4.96,Unhealthy
0.0796,0.5082,4.97,Unhealthy
0.0796,0.4774,4.98,Unhealthy
0.129,0.539,4.99,Unhealthy
0.1043,0.5082,5,Unhealthy
0.1043,0.5082,5.01,Unhealthy
0.129,0.5082,5.02,Unhealthy
0.1043,0.4774,5.03,Unhealthy
0.129,0.539,5.04,Unhealthy
0.129,0.4774,5.05,Unhealthy
0.1784,0.4774,5.06,Unhealthy
0.1537,0.4774,5.07,Unhealthy
0.1537,0.4466,5.08,Unhealthy
0.1784,0.5082,5.09,Unhealthy
0.1537,0.4774,5.1,Unhealthy
0.1537,0.4774,5.11,Unhealthy
0.1537,0.4774,5.12,Unhealthy
0.129,0.4774,5.13,Unhealthy
0.129,0.5082,5.14,Unhealthy
0.129,0.5082,5.15,Unhealthy
0.129,0.5082,5.16,Unhealthy
0.129,0.5082,5.17,Unhealthy
0.1043,0.4774,5.18,Unhealthy
0.1537,0.539,5.19,Unhealthy
0.129,0.5082,5.2,Unhealthy
0.129,0.5082,5.21,Unhealthy
0.129,0.5082,5.22,Unhealthy
0.1043,0.4774,5.23,Unhealthy
0.129,0.539,5.24,Unhealthy
0.1043,0.5082,5.25,Unhealthy
0.1043,0.5082,5.26,Unhealthy
0.1043,0.5082,5.27,Unhealthy
0.0796,0.4774,5.28,Unhealthy
0.129,0.539,5.29,Unhealthy
0.1043,0.5082,5.3,Unhealthy
0.1043,0.539,5.31,Unhealthy
0.1043,0.5082,5.32,Unhealthy
0.0796,0.4774,5.33,Unhealthy
0.129,0.539,5.34,Unhealthy
0.1043,0.5082,5.35,Unhealthy
0.1043,0.5082,5.36,Unhealthy
0.1043,0.4774,5.37,Unhealthy
0.0796,0.4774,5.38,Unhealthy
0.129,0.539,5.39,Unhealthy
0.1043,0.4774,5.4,Unhealthy
0.1043,0.5082,5.41,Unhealthy
0.1043,0.4774,5.42,Unhealthy
0.1043,0.4774,5.43,Unhealthy
0.1537,0.5082,5.44,Unhealthy
0.129,0.5082,5.45,Unhealthy
0.129,0.5082,5.46,Unhealthy
0.129,0.5082,5.47,Unhealthy
0.1043,0.4774,5.48,Unhealthy
0.1537,0.539,5.49,Unhealthy
0.1043,0.5082,5.5,Unhealthy
0.129,0.5082,5.51,Unhealthy
0.1043,0.4774,5.52,Unhealthy
0.0796,0.4774,5.53,Unhealthy
0.129,0.539,5.54,Unhealthy
0.1043,0.5082,5.55,Unhealthy
0.1043,0.5082,5.56,Unhealthy
0.1043,0.4774,5.57,Unhealthy
0.0796,0.4774,5.58,Unhealthy
0.1043,0.539,5.59,Unhealthy
0.1043,0.5082,5.6,Unhealthy
0.1043,0.5082,5.61,Unhealthy
0.0796,0.5082,5.62,Unhealthy
0.0548,0.4774,5.63,Unhealthy
0.0796,0.539,5.64,Unhealthy
0.0796,0.5082,5.65,Unhealthy
0.0796,0.539,5.66,Unhealthy
0.0796,0.5082,5.67,Unhealthy
0.0548,0.5082,5.68,Unhealthy
0.0796,0.5698,5.69,Unhealthy
0.0548,0.5082,5.7,Unhealthy
0.0548,0.539,5.71,Unhealthy
0.0548,0.5082,5.72,Unhealthy
0.0301,0.5082,5.73,Unhealthy
0.0796,0.5698,5.74,Unhealthy
0.0301,0.539,5.75,Unhealthy
0.0548,0.5698,5.76,Unhealthy
0.0301,0.5698,5.77,Unhealthy
0.0301,0.539,5.78,Unhealthy
0.0548,0.5698,5.79,Unhealthy
0.0301,0.5698,5.8,Unhealthy
0.0548,0.5698,5.81,Unhealthy
0.0548,0.539,5.82,Unhealthy
0.0301,0.539,5.83,Unhealthy
0.0796,0.5698,5.84,Unhealthy
0.0548,0.5698,5.85,Unhealthy
0.0548,0.5698,5.86,Unhealthy
0.0301,0.539,5.87,Unhealthy
0.0301,0.539,5.88,Unhealthy
0.0548,0.5698,5.89,Unhealthy
0.0301,0.539,5.9,Unhealthy
0.0301,0.5698,5.91,Unhealthy
0.0054,0.5698,5.92,Unhealthy
0.0193,0.539,5.93,Unhealthy
0.0054,0.5698,5.94,Unhealthy
0.0193,0.5698,5.95,Unhealthy
0.0193,0.5698,5.96,Unhealthy
0.044,0.5698,5.97,Unhealthy
0.044,0.539,5.98,Unhealthy
0.044,0.6006,5.99,Unhealthy
0.044,0.539,6,Unhealthy
0.044,0.5698,6.01,Unhealthy
0.044,0.5698,6.02,Unhealthy
0.0687,0.539,6.03,Unhealthy
0.044,0.6006,6.04,Unhealthy
0.0687,0.5698,6.05,Unhealthy
0.0687,0.5698,6.06,Unhealthy
0.0934,0.5698,6.07,Unhealthy
0.1181,0.5082,6.08,Unhealthy
0.0934,0.5698,6.09,Unhealthy
0.0934,0.539,6.1,Unhealthy
0.0934,0.5698,6.11,Unhealthy
0.1181,0.539,6.12,Unhealthy
0.1675,0.5082,6.13,Unhealthy
0.1428,0.539,6.14,Unhealthy
0.1428,0.539,6.15,Unhealthy
0.1181,0.5698,6.16,Unhealthy
0.1181,0.5698,6.17,Unhealthy
0.1428,0.5082,6.18,Unhealthy
0.1181,0.6006,6.19,Unhealthy
0.1675,0.5698,6.2,Unhealthy
0.1675,0.5698,6.21,Unhealthy
0.2169,0.5698,6.22,Unhealthy
0.2416,0.5082,6.23,Unhealthy
0.2416,0.5698,6.24,Unhealthy
0.2663,0.539,6.25,Unhealthy
0.2663,0.5698,6.26,Unhealthy
0.2663,0.5698,6.27,Unhealthy
0.291,0.539,6.28,Unhealthy
0.2663,0.539,6.29,Unhealthy
0.291,0.539,6.3,Unhealthy
0.291,0.5698,6.31,Unhealthy
0.3157,0.539,6.32,Unhealthy
0.3404,0.5082,6.33,Unhealthy
0.3157,0.539,6.34,Unhealthy
0.3157,0.5082,6.35,Unhealthy
0.291,0.5698,6.36,Unhealthy
0.3157,0.539,6.37,Unhealthy
0.3651,0.539,6.38,Unhealthy
0.3404,0.5698,6.39,Unhealthy
0.3404,0.5698,6.4,Unhealthy
0.291,0.6006,6.41,Unhealthy
0.291,0.5698,6.42,Unhealthy
0.3157,0.539,6.43,Unhealthy
0.291,0.6006,6.44,Unhealthy
0.3404,0.6006,6.45,Unhealthy
0.3404,0.6929,6.46,Unhealthy
0.3404,0.7237,6.47,Unhealthy
0.3651,0.6929,6.48,Unhealthy
0.3157,0.6929,6.49,Unhealthy
0.3404,0.6313,6.5,Unhealthy
0.3157,0.6006,6.51,Unhealthy
0.3651,0.539,6.52,Unhealthy
0.3899,0.5082,6.53,Unhealthy
0.3651,0.539,6.54,Unhealthy
0.3899,0.5698,6.55,Unhealthy
0.3651,0.6929,6.56,Unhealthy
0.3899,0.6621,6.57,Unhealthy
0.4393,0.6313,6.58,Unhealthy
0.3899,0.6929,6.59,Unhealthy
0.3899,0.6929,6.6,Unhealthy
0.3651,0.7237,6.61,Unhealthy
0.3899,0.7237,6.62,Unhealthy
0.3899,0.6929,6.63,Unhealthy
0.3651,0.7237,6.64,Unhealthy
0.3899,0.6929,6.65,Unhealthy
0.3404,0.7237,6.66,Unhealthy
0.3899,0.6929,6.67,Unhealthy
0.4146,0.6929,6.68,Unhealthy
0.3899,0.6929,6.69,Unhealthy
0.3899,0.6929,6.7,Unhealthy
0.3651,0.7237,6.71,Unhealthy
0.3899,0.6929,6.72,Unhealthy
0.4146,0.6621,6.73,Unhealthy
0.4146,0.6929,6.74,Unhealthy
0.4146,0.6929,6.75,Unhealthy
0.3651,0.7545,6.76,Unhealthy
0.3899,0.7237,6.77,Unhealthy
0.4146,0.7237,6.78,Unhealthy
0.3899,0.7545,6.79,Unhealthy
0.3899,0.7545,6.8,Unhealthy
0.3404,0.7853,6.81,Unhealthy
0.3404,0.7545,6.82,Unhealthy
0.3404,0.7545,6.83,Unhealthy
0.3157,0.7545,6.84,Unhealthy
0.291,0.7237,6.85,Unhealthy
0.2416,0.7545,6.86,Unhealthy
0.2663,0.7237,6.87,Unhealthy
0.2663,0.6929,6.88,Unhealthy
0.2169,0.7237,6.89,Unhealthy
0.2169,0.6929,6.9,Unhealthy
0.1675,0.7237,6.91,Unhealthy
0.1922,0.6929,6.92,Unhealthy
0.1922,0.6929,6.93,Unhealthy
0.1675,0.7237,6.94,Unhealthy
0.1675,0.6929,6.95,Unhealthy
0.1181,0.7545,6.96,Unhealthy
0.1181,0.7237,6.97,Unhealthy
0.1428,0.6929,6.98,Unhealthy
0.0934,0.7237,6.99,Unhealthy
0.1181,0.6929,7,Unhealthy
0.0687,0.7545,7.01,Unhealthy
0.0687,0.7237,7.02,Unhealthy
0.0934,0.6929,7.03,Unhealthy
0.0934,0.7237,7.04,Unhealthy
0.0934,0.7237,7.05,Unhealthy
0.0687,0.7545,7.06,Unhealthy
0.0934,0.7237,7.07,Unhealthy
0.0934,0.6929,7.08,Unhealthy
0.0687,0.7237,7.09,Unhealthy
0.044,0.7545,7.1,Unhealthy
0.0193,0.7853,7.11,Unhealthy
0.044,0.7545,7.12,Unhealthy
0.044,0.7545,7.13,Unhealthy
0.044,0.7853,7.14,Unhealthy
0.0934,0.7545,7.15,Unhealthy
0.044,0.8161,7.16,Unhealthy
0.0687,0.7545,7.17,Unhealthy
0.0687,0.7237,7.18,Unhealthy
0.0934,0.6929,7.19,Unhealthy
0.0934,0.6621,7.2,Unhealthy
0.044,0.6929,7.21,Unhealthy
0.044,0.6621,7.22,Unhealthy
0.0193,0.6621,7.23,Unhealthy
0.0054,0.6313,7.24,Unhealthy
0.0301,0.6006,7.25,Unhealthy
0.0796,0.6621,7.26,Unhealthy
0.0301,0.6006,7.27,Unhealthy
0.0548,0.6313,7.28,Unhealthy
0.0796,0.6006,7.29,Unhealthy
0.0548,0.6006,7.3,Unhealthy
0.1043,0.6313,7.31,Unhealthy
0.0796,0.6006,7.32,Unhealthy
0.0548,0.6006,7.33,Unhealthy
0.0796,0.6313,7.34,Unhealthy
0.0796,0.6006,7.35,Unhealthy
0.1043,0.6621,7.36,Unhealthy
0.0796,0.6313,7.37,Unhealthy
0.0796,0.6006,7.38,Unhealthy
0.0796,0.6006,7.39,Unhealthy
0.0796,0.5698,7.4,Unhealthy
0.129,0.6006,7.41,Unhealthy
0.1043,0.5698,7.42,Unhealthy
0.1043,0.5698,7.43,Unhealthy
0.1043,0.539,7.44,Unhealthy
0.1043,0.5082,7.45,Unhealthy
0.1537,0.5698,7.46,Unhealthy
0.129,0.539,7.47,Unhealthy
0.1043,0.5082,7.48,Unhealthy
0.1043,0.539,7.49,Unhealthy
0.1043,0.539,7.5,Unhealthy
0.1537,0.5698,7.51,Unhealthy
0.129,0.539,7.52,Unhealthy
0.129,0.539,7.53,Unhealthy
0.1537,0.539,7.54,Unhealthy
0.1537,0.539,7.55,Unhealthy
0.1784,0.5698,7.56,Unhealthy
0.1537,0.539,7.57,Unhealthy
0.1537,0.539,7.58,Unhealthy
0.1537,0.539,7.59,Unhealthy
0.129,0.5082,7.6,Unhealthy
0.1537,0.539,7.61,Unhealthy
0.129,0.5082,7.62,Unhealthy
0.1537,0.5082,7.63,Unhealthy
0.129,0.5082,7.64,Unhealthy
0.1043,0.4774,7.65,Unhealthy
0.1537,0.539,7.66,Unhealthy
0.1043,0.5082,7.67,Unhealthy
0.1043,0.5082,7.68,Unhealthy
0.1043,0.5082,7.69,Unhealthy
0.1043,0.5082,7.7,Unhealthy
0.129,0.539,7.71,Unhealthy
0.129,0.5082,7.72,Unhealthy
0.129,0.5082,7.73,Unhealthy
0.1043,0.5082,7.74,Unhealthy
0.0796,0.5082,7.75,Unhealthy
0.1043,0.539,7.76,Unhealthy
0.0796,0.539,7.77,Unhealthy
0.0548,0.539,7.78,Unhealthy
0.0301,0.5082,7.79,Unhealthy
0.0301,0.5082,7.8,Unhealthy
0.1043,0.539,7.81,Unhealthy
0.0796,0.5082,7.82,Unhealthy
0.0796,0.5082,7.83,Unhealthy
0.0796,0.5082,7.84,Unhealthy
0.0796,0.5082,7.85,Unhealthy
0.1043,0.539,7.86,Unhealthy
0.1043,0.5082,7.87,Unhealthy
0.129,0.5082,7.88,Unhealthy
0.129,0.5082,7.89,Unhealthy
0.1043,0.4774,7.9,Unhealthy
0.1537,0.539,7.91,Unhealthy
0.129,0.5082,7.92,Unhealthy
0.129,0.539,7.93,Unhealthy
0.129,0.5082,7.94,Unhealthy
0.129,0.4774,7.95,Unhealthy
0.1537,0.539,7.96,Unhealthy
0.129,0.5082,7.97,Unhealthy
0.129,0.5082,7.98,Unhealthy
0.129,0.5082,7.99,Unhealthy
0.1043,0.4774,8,Unhealthy
0.1537,0.539,8.01,Unhealthy
0.129,0.5082,8.02,Unhealthy
0.129,0.5082,8.03,Unhealthy
0.129,0.5082,8.04,Unhealthy
0.1043,0.4774,8.05,Unhealthy
0.1537,0.539,8.06,Unhealthy
0.129,0.5082,8.07,Unhealthy
0.1537,0.5082,8.08,Unhealthy
0.129,0.5082,8.09,Unhealthy
0.1043,0.4774,8.1,Unhealthy
0.1537,0.539,8.11,Unhealthy
0.129,0.5082,8.12,Unhealthy
0.129,0.5082,8.13,Unhealthy
0.129,0.5082,8.14,Unhealthy
0.1043,0.5082,8.15,Unhealthy
0.1537,0.539,8.16,Unhealthy
0.129,0.5082,8.17,Unhealthy
0.1537,0.539,8.18,Unhealthy
0.129,0.539,8.19,Unhealthy
0.129,0.5082,8.2,Unhealthy
0.1537,0.539,8.21,Unhealthy
0.129,0.5082,8.22,Unhealthy
0.1537,0.539,8.23,Unhealthy
0.129,0.5082,8.24,Unhealthy
0.1043,0.5082,8.25,Unhealthy
0.1537,0.539,8.26,Unhealthy
0.129,0.5082,8.27,Unhealthy
0.1537,0.539,8.28,Unhealthy
0.129,0.5082,8.29,Unhealthy
0.129,0.5082,8.3,Unhealthy
0.1537,0.539,8.31,Unhealthy
0.1537,0.5082,8.32,Unhealthy
0.1537,0.539,8.33,Unhealthy
0.129,0.5082,8.34,Unhealthy
0.129,0.5082,8.35,Unhealthy
0.1537,0.539,8.36,Unhealthy
0.129,0.5082,8.37,Unhealthy
0.129,0.5082,8.38,Unhealthy
0.1537,0.5082,8.39,Unhealthy
0.129,0.4774,8.4,Unhealthy
0.1537,0.539,8.41,Unhealthy
0.129,0.5082,8.42,Unhealthy
0.1537,0.5082,8.43,Unhealthy
0.129,0.5082,8.44,Unhealthy
0.1043,0.5082,8.45,Unhealthy
0.1537,0.539,8.46,Unhealthy
0.1537,0.5082,8.47,Unhealthy
0.1537,0.5082,8.48,Unhealthy
0.129,0.5082,8.49,Unhealthy
0.129,0.4774,8.5,Unhealthy
0.1537,0.539,8.51,Unhealthy
0.129,0.5082,8.52,Unhealthy
0.1537,0.5082,8.53,Unhealthy
0.129,0.5082,8.54,Unhealthy
0.129,0.5082,8.55,Unhealthy
0.1537,0.539,8.56,Unhealthy
0.1537,0.5082,8.57,Unhealthy
0.1537,0.539,8.58,Unhealthy
0.129,0.5082,8.59,Unhealthy
0.129,0.5082,8.6,Unhealthy
0.1537,0.539,8.61,Unhealthy
0.1537,0.5082,8.62,Unhealthy
0.1537,0.5082,8.63,Unhealthy
0.1537,0.5082,8.64,Unhealthy
0.129,0.5082,8.65,Unhealthy
0.1537,0.539,8.66,Unhealthy
0.129,0.5082,8.67,Unhealthy
0.1537,0.539,8.68,Unhealthy
0.1537,0.539,8.69,Unhealthy
0.129,0.5082,8.7,Unhealthy
0.1537,0.539,8.71,Unhealthy
0.129,0.539,8.72,Unhealthy
0.1537,0.539,8.73,Unhealthy
0.1537,0.539,8.74,Unhealthy
0.129,0.5082,8.75,Unhealthy
0.1537,0.539,8.76,Unhealthy
0.1537,0.539,8.77,Unhealthy
0.1537,0.539,8.78,Unhealthy
0.1537,0.5082,8.79,Unhealthy
0.1537,0.5082,8.8,Unhealthy
0.2031,0.539,8.81,Unhealthy
0.2278,0.5082,8.82,Unhealthy
0.3019,0.539,8.83,Unhealthy
0.2772,0.539,8.84,Unhealthy
0.2525,0.5082,8.85,Unhealthy
0.2772,0.539,8.86,Unhealthy
0.2772,0.539,8.87,Unhealthy
0.2772,0.5698,8.88,Unhealthy
0.2031,0.539,8.89,Unhealthy
0.0796,0.539,8.9,Unhealthy
0.0301,0.5698,8.91,Unhealthy
0.0687,0.539,8.92,Unhealthy
0.0934,0.5698,8.93,Unhealthy
0.1181,0.5698,8.94,Unhealthy
0.1428,0.539,8.95,Unhealthy
0.0934,0.5698,8.96,Unhealthy
0.0934,0.539,8.97,Unhealthy
0.0054,0.5698,8.98,Unhealthy
0.0796,0.539,8.99,Unhealthy
0.129,0.5082,9,Unhealthy
0.1784,0.539,9.01,Unhealthy
0.2031,0.539,9.02,Unhealthy
0.2525,0.5698,9.03,Unhealthy
0.2278,0.539,9.04,Unhealthy
0.1784,0.539,9.05,Unhealthy
0.129,0.5698,9.06,Unhealthy
0.0796,0.5698,9.07,Unhealthy
0.0193,0.6006,9.08,Unhealthy
0.1181,0.5698,9.09,Unhealthy
0.2169,0.539,9.1,Unhealthy
0.2663,0.5698,9.11,Unhealthy
0.3157,0.5698,9.12,Unhealthy
0.3157,0.6006,9.13,Unhealthy
0.291,0.5698,9.14,Unhealthy
0.2663,0.539,9.15,Unhealthy
0.2169,0.5698,9.16,Unhealthy
0.1675,0.539,9.17,Unhealthy
0.0687,0.5698,9.18,Unhealthy
0.0193,0.539,9.19,Unhealthy
0.0301,0.5082,9.2,Unhealthy
0.0796,0.539,9.21,Unhealthy
0.0796,0.5082,9.22,Unhealthy
0.1537,0.5698,9.23,Unhealthy
0.129,0.539,9.24,Unhealthy
0.129,0.539,9.25,Unhealthy
0.1537,0.539,9.26,Unhealthy
0.1537,0.539,9.27,Unhealthy
0.1784,0.5698,9.28,Unhealthy
0.1537,0.5698,9.29,Unhealthy
0.1537,0.5698,9.3,Unhealthy
0.1784,0.6006,9.31,Unhealthy
0.1537,0.6006,9.32,Unhealthy
0.1784,0.6006,9.33,Unhealthy
0.1537,0.6006,9.34,Unhealthy
0.1537,0.5698,9.35,Unhealthy
0.1537,0.6006,9.36,Unhealthy
0.1537,0.6006,9.37,Unhealthy
0.1784,0.6313,9.38,Unhealthy
0.1537,0.6006,9.39,Unhealthy
0.1537,0.6006,9.4,Unhealthy
0.1537,0.6006,9.41,Unhealthy
0.129,0.6006,9.42,Unhealthy
0.1537,0.6006,9.43,Unhealthy
0.129,0.5698,9.44,Unhealthy
0.1043,0.539,9.45,Unhealthy
0.129,0.5698,9.46,Unhealthy
0.1043,0.5698,9.47,Unhealthy
0.129,0.6006,9.48,Unhealthy
0.1043,0.6006,9.49,Unhealthy
0.0796,0.6006,9.5,Unhealthy
0.0796,0.6313,9.51,Unhealthy
0.0796,0.6313,9.52,Unhealthy
0.1043,0.6621,9.53,Unhealthy
0.0796,0.6313,9.54,Unhealthy
0.0796,0.5698,9.55,Unhealthy
0.0548,0.6006,9.56,Unhealthy
0.0548,0.6621,9.57,Unhealthy
0.0796,0.6929,9.58,Unhealthy
0.0548,0.6621,9.59,Unhealthy
0.0548,0.6621,9.6,Unhealthy
0.0548,0.6929,9.61,Unhealthy
0.0548,0.6929,9.62,Unhealthy
0.0796,0.7237,9.63,Unhealthy
0.0548,0.7237,9.64,Unhealthy
0.0548,0.7545,9.65,Unhealthy
0.0548,0.7853,9.66,Unhealthy
0.0301,0.7853,9.67,Unhealthy
0.0548,0.7545,9.68,Unhealthy
0.0054,0.6621,9.69,Unhealthy
0.0193,0.5698,9.7,Unhealthy
0.0193,0.5698,9.71,Unhealthy
0.0193,0.539,9.72,Unhealthy
0.0054,0.5698,9.73,Unhealthy
0.0193,0.5698,9.74,Unhealthy
0.0193,0.6006,9.75,Unhealthy
0.0193,0.6006,9.76,Unhealthy
0.044,0.6006,9.77,Unhealthy
0.0193,0.6621,9.78,Unhealthy
0.044,0.6621,9.79,Unhealthy
0.044,0.6929,9.8,Unhealthy
0.044,0.6929,9.81,Unhealthy
0.0687,0.6929,9.82,Unhealthy
0.044,0.7237,9.83,Unhealthy
0.0934,0.7237,9.84,Unhealthy
0.0934,0.7237,9.85,Unhealthy
0.0934,0.7237,9.86,Unhealthy
0.1181,0.6929,9.87,Unhealthy
0.0687,0.7237,9.88,Unhealthy
0.0687,0.6929,9.89,Unhealthy
0.044,0.6929,9.9,Unhealthy
0.044,0.6929,9.91,Unhealthy
0.044,0.6929,9.92,Unhealthy
0.0193,0.7237,9.93,Unhealthy
0.044,0.6929,9.94,Unhealthy
0.0193,0.6621,9.95,Unhealthy
0.0301,0.6929,9.96,Unhealthy
0.0301,0.6929,9.97,Unhealthy
0.0796,0.7237,9.98,Unhealthy
0.0796,0.7237,9.99,Unhealthy
0.0796,0.6929,10,Unhealthy
0.1043,0.7237,10.01,Unhealthy
0.0796,0.7237,10.02,Unhealthy
0.1043,0.7853,10.03,Unhealthy
0.1043,0.7545,10.04,Unhealthy
0.1043,0.7545,10.05,Unhealthy
0.1043,0.7545,10.06,Unhealthy
0.0796,0.7545,10.07,Unhealthy
0.129,0.7853,10.08,Unhealthy
0.1043,0.7545,10.09,Unhealthy
0.1043,0.7853,10.1,Unhealthy
0.1043,0.7545,10.11,Unhealthy
0.1043,0.7237,10.12,Unhealthy
0.129,0.7853,10.13,Unhealthy
0.1043,0.7237,10.14,Unhealthy
0.129,0.7237,10.15,Unhealthy
0.1043,0.6929,10.16,Unhealthy
0.1043,0.6929,10.17,Unhealthy
0.1537,0.7237,10.18,Unhealthy
0.129,0.6929,10.19,Unhealthy
0.129,0.6621,10.2,Unhealthy
0.1537,0.6929,10.21,Unhealthy
0.1043,0.6621,10.22,Unhealthy
0.1537,0.6929,10.23,Unhealthy
0.129,0.6621,10.24,Unhealthy
0.1537,0.6621,10.25,Unhealthy
0.1537,0.6621,10.26,Unhealthy
0.129,0.6621,10.27,Unhealthy
0.1784,0.7237,10.28,Unhealthy
0.1537,0.6929,10.29,Unhealthy
0.1784,0.6929,10.3,Unhealthy
0.1537,0.7237,10.31,Unhealthy
0.1537,0.6929,10.32,Unhealthy
0.1784,0.7237,10.33,Unhealthy
0.1537,0.7237,10.34,Unhealthy
0.1537,0.7237,10.35,Unhealthy
0.1537,0.7237,10.36,Unhealthy
0.1537,0.7237,10.37,Unhealthy
0.1784,0.7545,10.38,Unhealthy
0.1784,0.7237,10.39,Unhealthy
0.1784,0.7237,10.4,Unhealthy
0.1784,0.7237,10.41,Unhealthy
0.1784,0.7237,10.42,Unhealthy
0.1784,0.7237,10.43,Unhealthy
0.1784,0.7237,10.44,Unhealthy
0.1784,0.6929,10.45,Unhealthy
0.1784,0.6929,10.46,Unhealthy
0.1537,0.6621,10.47,Unhealthy
0.1784,0.6929,10.48,Unhealthy
0.1537,0.6313,10.49,Unhealthy
0.1537,0.6006,10.5,Unhealthy
0.129,0.6006,10.51,Unhealthy
0.1043,0.5698,10.52,Unhealthy
0.1537,0.6006,10.53,Unhealthy
0.129,0.539,10.54,Unhealthy
0.1537,0.539,10.55,Unhealthy
0.1784,0.5082,10.56,Unhealthy
0.1537,0.5082,10.57,Unhealthy
0.1784,0.539,10.58,Unhealthy
0.1784,0.5082,10.59,Unhealthy
0.1784,0.5082,10.6,Unhealthy
0.1537,0.5082,10.61,Unhealthy
0.129,0.4774,10.62,Unhealthy
0.1537,0.5082,10.63,Unhealthy
0.129,0.4774,10.64,Unhealthy
0.129,0.5082,10.65,Unhealthy
0.129,0.5082,10.66,Unhealthy
0.1043,0.4774,10.67,Unhealthy
0.1537,0.5082,10.68,Unhealthy
0.1043,0.4774,10.69,Unhealthy
0.0796,0.5082,10.7,Unhealthy
0.0548,0.4774,10.71,Unhealthy
0.0301,0.4774,10.72,Unhealthy
0.0796,0.539,10.73,Unhealthy
0.0796,0.5082,10.74,Unhealthy
0.1043,0.5082,10.75,Unhealthy
0.1043,0.5082,10.76,Unhealthy
0.1043,0.4774,10.77,Unhealthy
0.1784,0.539,10.78,Unhealthy
0.1537,0.5082,10.79,Unhealthy
0.1537,0.5082,10.8,Unhealthy
0.129,0.539,10.81,Unhealthy
0.1043,0.5082,10.82,Unhealthy
0.1537,0.5698,10.83,Unhealthy
0.129,0.539,10.84,Unhealthy
0.129,0.539,10.85,Unhealthy
0.0796,0.5082,10.86,Unhealthy
0.0548,0.5082,10.87,Unhealthy
0.0301,0.539,10.88,Unhealthy
0.0934,0.5082,10.89,Unhealthy
0.1675,0.5082,10.9,Unhealthy
0.2663,0.539,10.91,Unhealthy
0.3651,0.5082,10.92,Unhealthy
0.3899,0.5698,10.93,Unhealthy
0.464,0.5698,10.94,Unhealthy
0.4393,0.5698,10.95,Unhealthy
0.3157,0.5698,10.96,Unhealthy
0.1922,0.539,10.97,Unhealthy
0.0193,0.6006,10.98,Unhealthy
0.0548,0.6006,10.99,Unhealthy
0.0796,0.5698,11,Unhealthy
0.0548,0.5698,11.01,Unhealthy
0.0054,0.539,11.02,Unhealthy
0.0301,0.6006,11.03,Unhealthy
0.0193,0.5698,11.04,Unhealthy
0.0193,0.6006,11.05,Unhealthy
0.0193,0.5698,11.06,Unhealthy
0.044,0.5698,11.07,Unhealthy
0.0193,0.6006,11.08,Unhealthy
0.0193,0.5698,11.09,Unhealthy
0.0193,0.6006,11.1,Unhealthy
0.0193,0.6006,11.11,Unhealthy
0.0193,0.5698,11.12,Unhealthy
0.0193,0.6006,11.13,Unhealthy
0.0193,0.6006,11.14,Unhealthy
0.0193,0.6006,11.15,Unhealthy
0.0193,0.6006,11.16,Unhealthy
0.0193,0.5698,11.17,Unhealthy
0.0301,0.6006,11.18,Unhealthy
0.0548,0.6006,11.19,Unhealthy
0.1043,0.6006,11.2,Unhealthy
0.129,0.6006,11.21,Unhealthy
0.1537,0.5698,11.22,Unhealthy
0.1784,0.6006,11.23,Unhealthy
0.1537,0.6006,11.24,Unhealthy
0.1537,0.6006,11.25,Unhealthy
0.1537,0.5698,11.26,Unhealthy
0.129,0.5698,11.27,Unhealthy
0.1784,0.6006,11.28,Unhealthy
0.1537,0.5698,11.29,Unhealthy
0.1537,0.5698,11.3,Unhealthy
0.1537,0.5698,11.31,Unhealthy
0.1537,0.5698,11.32,Unhealthy
0.1784,0.6006,11.33,Unhealthy
0.1537,0.5698,11.34,Unhealthy
0.1784,0.6006,11.35,Unhealthy
0.1537,0.5698,11.36,Unhealthy
0.1537,0.539,11.37,Unhealthy
0.1784,0.6006,11.38,Unhealthy
0.1537,0.5698,11.39,Unhealthy
0.1784,0.5698,11.4,Unhealthy
0.1537,0.5698,11.41,Unhealthy
0.1537,0.539,11.42,Unhealthy
0.1784,0.5698,11.43,Unhealthy
0.1537,0.5698,11.44,Unhealthy
0.1537,0.6006,11.45,Unhealthy
0.1537,0.5698,11.46,Unhealthy
0.1537,0.539,11.47,Unhealthy
0.1784,0.5698,11.48,Unhealthy
0.1537,0.5698,11.49,Unhealthy
0.1784,0.6006,11.5,Unhealthy
0.1537,0.5698,11.51,Unhealthy
0.1537,0.539,11.52,Unhealthy
0.1784,0.6006,11.53,Unhealthy
0.1537,0.5698,11.54,Unhealthy
0.1784,0.6006,11.55,Unhealthy
0.1784,0.6006,11.56,Unhealthy
0.1537,0.5698,11.57,Unhealthy
0.1784,0.6006,11.58,Unhealthy
0.1537,0.6006,11.59,Unhealthy
0.1784,0.6006,11.6,Unhealthy
0.1537,0.6006,11.61,Unhealthy
0.1537,0.5698,11.62,Unhealthy
0.1784,0.6006,11.63,Unhealthy
0.1537,0.6006,11.64,Unhealthy
0.1784,0.6006,11.65,Unhealthy
0.1537,0.6006,11.66,Unhealthy
0.1537,0.5698,11.67,Unhealthy
0.1784,0.6313,11.68,Unhealthy
0.1537,0.6006,11.69,Unhealthy
0.1784,0.6006,11.7,Unhealthy
0.1537,0.6006,11.71,Unhealthy
0.1537,0.5698,11.72,Unhealthy
0.1784,0.6313,11.73,Unhealthy
0.1784,0.6006,11.74,Unhealthy
0.1784,0.6313,11.75,Unhealthy
0.1537,0.6006,11.76,Unhealthy
0.1537,0.6006,11.77,Unhealthy
0.1784,0.6313,11.78,Unhealthy
0.1537,0.6006,11.79,Unhealthy
0.1784,0.6313,11.8,Unhealthy
0.1537,0.6006,11.81,Unhealthy
0.1537,0.6006,11.82,Unhealthy
0.1784,0.6313,11.83,Unhealthy
0.1784,0.6313,11.84,Unhealthy
0.1784,0.6313,11.85,Unhealthy
0.1537,0.6006,11.86,Unhealthy
0.1537,0.6006,11.87,Unhealthy
0.1784,0.6313,11.88,Unhealthy
0.1784,0.6006,11.89,Unhealthy
0.1784,0.6006,11.9,Unhealthy
0.1784,0.6006,11.91,Unhealthy
0.1537,0.6006,11.92,Unhealthy
0.1784,0.6313,11.93,Unhealthy
0.1784,0.6006,11.94,Unhealthy
0.1784,0.6006,11.95,Unhealthy
0.1537,0.6006,11.96,Unhealthy
0.1537,0.6006,11.97,Unhealthy
0.1784,0.6006,11.98,Unhealthy
0.1784,0.6006,11.99,Unhealthy
0.1784,0.6006,12,Unhealthy
0.1784,0.6006,12.01,Unhealthy
0.1537,0.6006,12.02,Unhealthy
0.1784,0.6006,12.03,Unhealthy
0.1784,0.6006,12.04,Unhealthy
0.1784,0.6313,12.05,Unhealthy
0.1537,0.6006,12.06,Unhealthy
0.1537,0.5698,12.07,Unhealthy
0.1784,0.6006,12.08,Unhealthy
0.1784,0.6006,12.09,Unhealthy
0.1784,0.6313,12.1,Unhealthy
0.1784,0.6006,12.11,Unhealthy
0.1537,0.6006,12.12,Unhealthy
0.1784,0.6313,12.13,Unhealthy
0.1784,0.6006,12.14,Unhealthy
0.1784,0.6313,12.15,Unhealthy
0.1784,0.6006,12.16,Unhealthy
0.1537,0.6006,12.17,Unhealthy
0.1784,0.6006,12.18,Unhealthy
0.1537,0.6006,12.19,Unhealthy
0.1784,0.6313,12.2,Unhealthy
0.1784,0.6006,12.21,Unhealthy
0.1537,0.6006,12.22,Unhealthy
0.1784,0.6006,12.23,Unhealthy
0.1784,0.6313,12.24,Unhealthy
0.1784,0.6313,12.25,Unhealthy
0.1784,0.6313,12.26,Unhealthy
0.1537,0.6006,12.27,Unhealthy
0.1784,0.6313,12.28,Unhealthy
0.1784,0.6006,12.29,Unhealthy
0.2031,0.6621,12.3,Unhealthy
0.2031,0.6313,12.31,Unhealthy
0.1784,0.6006,12.32,Unhealthy
0.2031,0.6313,12.33,Unhealthy
0.2031,0.6006,12.34,Unhealthy
0.2278,0.6621,12.35,Unhealthy
0.1784,0.6313,12.36,Unhealthy
0.1784,0.6006,12.37,Unhealthy
0.1784,0.6313,12.38,Unhealthy
0.1537,0.6006,12.39,Unhealthy
0.1784,0.6621,12.4,Unhealthy
0.1784,0.6313,12.41,Unhealthy
0.1537,0.6006,12.42,Unhealthy
0.1784,0.6313,12.43,Unhealthy
0.1784,0.6006,12.44,Unhealthy
0.2031,0.6621,12.45,Unhealthy
0.1784,0.6313,12.46,Unhealthy
0.1784,0.6313,12.47,Unhealthy
0.1784,0.6313,12.48,Unhealthy
0.1537,0.6006,12.49,Unhealthy
0.1784,0.6621,12.5,Unhealthy
0.1537,0.6313,12.51,Unhealthy
0.1537,0.6313,12.52,Unhealthy
0.1537,0.6313,12.53,Unhealthy
0.129,0.6006,12.54,Unhealthy
0.1537,0.6313,12.55,Unhealthy
0.1537,0.6006,12.56,Unhealthy
0.1537,0.6006,12.57,Unhealthy
0.1537,0.6006,12.58,Unhealthy
0.1537,0.6006,12.59,Unhealthy
0.1784,0.6006,12.6,Unhealthy
0.1784,0.5698,12.61,Unhealthy
0.1784,0.5698,12.62,Unhealthy
0.1784,0.539,12.63,Unhealthy
0.1537,0.5082,12.64,Unhealthy
0.1784,0.5698,12.65,Unhealthy
0.1537,0.539,12.66,Unhealthy
0.129,0.5082,12.67,Unhealthy
0.129,0.539,12.68,Unhealthy
0.129,0.5082,12.69,Unhealthy
0.1537,0.5698,12.7,Unhealthy
0.1537,0.539,12.71,Unhealthy
0.1537,0.5082,12.72,Unhealthy
0.1537,0.539,12.73,Unhealthy
0.1537,0.539,12.74,Unhealthy
0.1784,0.5698,12.75,Unhealthy
0.129,0.5698,12.76,Unhealthy
0.1784,0.5698,12.77,Unhealthy
0.1784,0.5698,12.78,Unhealthy
0.1784,0.539,12.79,Unhealthy
0.2525,0.6006,12.8,Unhealthy
0.2525,0.6006,12.81,Unhealthy
0.2278,0.5698,12.82,Unhealthy
0.2525,0.5698,12.83,Unhealthy
0.2278,0.5698,12.84,Unhealthy
0.2525,0.6006,12.85,Unhealthy
0.2525,0.5698,12.86,Unhealthy
0.2278,0.539,12.87,Unhealthy
0.2278,0.5698,12.88,Unhealthy
0.1784,0.539,12.89,Unhealthy
0.2278,0.6006,12.9,Unhealthy
0.1784,0.5698,12.91,Unhealthy
0.1784,0.6006,12.92,Unhealthy
0.1784,0.5698,12.93,Unhealthy
0.1537,0.539,12.94,Unhealthy
0.1784,0.6006,12.95,Unhealthy
0.129,0.6006,12.96,Unhealthy
0.129,0.5698,12.97,Unhealthy
0.1537,0.6006,12.98,Unhealthy
0.1043,0.6006,12.99,Unhealthy
0.1537,0.6621,13,Unhealthy
0.129,0.6313,13.01,Unhealthy
0.129,0.6313,13.02,Unhealthy
0.1043,0.6621,13.03,Unhealthy
0.1043,0.6313,13.04,Unhealthy
0.129,0.6929,13.05,Unhealthy
0.1043,0.6313,13.06,Unhealthy
0.1043,0.6621,13.07,Unhealthy
0.1043,0.6621,13.08,Unhealthy
0.1043,0.6621,13.09,Unhealthy
0.129,0.6929,13.1,Unhealthy
0.1043,0.6621,13.11,Unhealthy
0.0796,0.6621,13.12,Unhealthy
0.1043,0.6621,13.13,Unhealthy
0.0796,0.6313,13.14,Unhealthy
0.129,0.6621,13.15,Unhealthy
0.0796,0.6621,13.16,Unhealthy
0.0796,0.6313,13.17,Unhealthy
0.0796,0.6313,13.18,Unhealthy
0.0548,0.6006,13.19,Unhealthy
0.0796,0.6313,13.2,Unhealthy
0.0548,0.6313,13.21,Unhealthy
0.0548,0.6006,13.22,Unhealthy
0.0548,0.6621,13.23,Unhealthy
0.0301,0.6621,13.24,Unhealthy
0.0301,0.6929,13.25,Unhealthy
0.0054,0.6929,13.26,Unhealthy
0.0054,0.6929,13.27,Unhealthy
0.0193,0.6929,13.28,Unhealthy
0.044,0.6929,13.29,Unhealthy
0.0193,0.7237,13.3,Unhealthy
0.0193,0.7237,13.31,Unhealthy
0.0193,0.7237,13.32,Unhealthy
0.044,0.7237,13.33,Unhealthy
0.044,0.6929,13.34,Unhealthy
0.0193,0.7545,13.35,Unhealthy
0.044,0.7237,13.36,Unhealthy
0.044,0.7237,13.37,Unhealthy
0.044,0.7237,13.38,Unhealthy
0.0687,0.6929,13.39,Unhealthy
0.044,0.7237,13.4,Unhealthy
0.0687,0.7237,13.41,Unhealthy
0.0687,0.7237,13.42,Unhealthy
0.0934,0.6929,13.43,Unhealthy
0.0934,0.6929,13.44,Unhealthy
0.044,0.7545,13.45,Unhealthy
0.0687,0.7237,13.46,Unhealthy
0.0687,0.7237,13.47,Unhealthy
0.0934,0.7237,13.48,Unhealthy
0.1181,0.7237,13.49,Unhealthy
0.0934,0.7545,13.5,Unhealthy
0.1181,0.7545,13.51,Unhealthy
0.1181,0.7545,13.52,Unhealthy
0.1428,0.7545,13.53,Unhealthy
0.1428,0.7237,13.54,Unhealthy
0.1181,0.7545,13.55,Unhealthy
0.1428,0.7545,13.56,Unhealthy
0.1428,0.7545,13.57,Unhealthy
0.1675,0.7237,13.58,Unhealthy
0.1675,0.7237,13.59,Unhealthy
0.1675,0.7545,13.6,Unhealthy
0.1675,0.6929,13.61,Unhealthy
0.1922,0.6929,13.62,Unhealthy
0.1922,0.6929,13.63,Unhealthy
0.2169,0.6621,13.64,Unhealthy
0.2169,0.6929,13.65,Unhealthy
0.2416,0.6621,13.66,Unhealthy
0.2169,0.6621,13.67,Unhealthy
0.2169,0.6621,13.68,Unhealthy
0.2169,0.6313,13.69,Unhealthy
0.1675,0.6929,13.7,Unhealthy
0.1675,0.6929,13.71,Unhealthy
0.1675,0.7237,13.72,Unhealthy
0.1428,0.7237,13.73,Unhealthy
0.1428,0.7237,13.74,Unhealthy
0.1181,0.8161,13.75,Unhealthy
0.1181,0.8161,13.76,Unhealthy
0.0934,0.8469,13.77,Unhealthy
0.1181,0.8469,13.78,Unhealthy
0.1428,0.8161,13.79,Unhealthy
0.1181,0.8777,13.8,Unhealthy
0.1428,0.8469,13.81,Unhealthy
0.1428,0.8469,13.82,Unhealthy
0.1428,0.8161,13.83,Unhealthy
0.1675,0.7545,13.84,Unhealthy
0.1181,0.8161,13.85,Unhealthy
0.1428,0.7545,13.86,Unhealthy
0.1428,0.7237,13.87,Unhealthy
0.1428,0.6929,13.88,Unhealthy
0.1675,0.6621,13.89,Unhealthy
0.1181,0.6929,13.9,Unhealthy
0.1428,0.6621,13.91,Unhealthy
0.1181,0.6929,13.92,Unhealthy
0.0934,0.6621,13.93,Unhealthy
0.0934,0.6621,13.94,Unhealthy
0.0193,0.7237,13.95,Unhealthy
0.0193,0.6929,13.96,Unhealthy
0.0054,0.7237,13.97,Unhealthy
0.0054,0.7237,13.98,Unhealthy
0.0301,0.7545,13.99,Unhealthy
0.0796,0.7853,14,Unhealthy
0.0548,0.7853,14.01,Unhealthy
0.0796,0.7853,14.02,Unhealthy
0.0796,0.8161,14.03,Unhealthy
0.0548,0.7853,14.04,Unhealthy
0.0796,0.8469,14.05,Unhealthy
0.0796,0.8161,14.06,Unhealthy
0.0796,0.7853,14.07,Unhealthy
0.0796,0.7853,14.08,Unhealthy
0.0796,0.7545,14.09,Unhealthy
0.1043,0.7853,14.1,Unhealthy
0.0796,0.7545,14.11,Unhealthy
0.1043,0.7545,14.12,Unhealthy
0.1043,0.7545,14.13,Unhealthy
0.0796,0.7237,14.14,Unhealthy
0.1043,0.7545,14.15,Unhealthy
0.1043,0.7237,14.16,Unhealthy
0.1043,0.7545,14.17,Unhealthy
0.129,0.7237,14.18,Unhealthy
0.1043,0.6929,14.19,Unhealthy
0.1537,0.7545,14.2,Unhealthy
0.129,0.7237,14.21,Unhealthy
0.1537,0.7237,14.22,Unhealthy
0.129,0.7237,14.23,Unhealthy
0.129,0.6929,14.24,Unhealthy
0.1784,0.7237,14.25,Unhealthy
0.1537,0.6929,14.26,Unhealthy
0.1784,0.6929,14.27,Unhealthy
0.1537,0.6929,14.28,Unhealthy
0.1537,0.6621,14.29,Unhealthy
0.1784,0.7237,14.3,Unhealthy
0.1784,0.6929,14.31,Unhealthy
0.2031,0.6929,14.32,Unhealthy
0.1784,0.6621,14.33,Unhealthy
0.1784,0.6313,14.34,Unhealthy
0.2031,0.6929,14.35,Unhealthy
0.1784,0.6313,14.36,Unhealthy
0.129,0.6621,14.37,Unhealthy
0.0301,0.6313,14.38,Unhealthy
0.044,0.6313,14.39,Unhealthy
0.0687,0.6621,14.4,Unhealthy
0.1181,0.6313,14.41,Unhealthy
0.0934,0.6621,14.42,Unhealthy
0.1181,0.6313,14.43,Unhealthy
0.1428,0.6006,14.44,Unhealthy
0.1181,0.6621,14.45,Unhealthy
0.1428,0.6313,14.46,Unhealthy
0.1428,0.6621,14.47,Unhealthy
0.1428,0.6313,14.48,Unhealthy
0.1428,0.6006,14.49,Unhealthy
0.1181,0.6621,14.5,Unhealthy
0.0934,0.6313,14.51,Unhealthy
0.0193,0.6621,14.52,Unhealthy
0.0301,0.6621,14.53,Unhealthy
0.0548,0.6313,14.54,Unhealthy
0.1537,0.6929,14.55,Unhealthy
0.1784,0.6621,14.56,Unhealthy
0.2031,0.6929,14.57,Unhealthy
0.2031,0.6621,14.58,Unhealthy
0.1784,0.6621,14.59,Unhealthy
0.2278,0.6621,14.6,Unhealthy
0.2031,0.6313,14.61,Unhealthy
0.2278,0.6621,14.62,Unhealthy
0.2031,0.6313,14.63,Unhealthy
0.1784,0.6006,14.64,Unhealthy
0.2031,0.6313,14.65,Unhealthy
0.1784,0.6006,14.66,Unhealthy
0.1784,0.6621,14.67,Unhealthy
0.1784,0.6313,14.68,Unhealthy
0.1537,0.6313,14.69,Unhealthy
0.1537,0.6313,14.7,Unhealthy
0.1537,0.6313,14.71,Unhealthy
0.1784,0.6621,14.72,Unhealthy
0.1537,0.6313,14.73,Unhealthy
0.129,0.6006,14.74,Unhealthy
0.1784,0.6313,14.75,Unhealthy
0.1537,0.6006,14.76,Unhealthy
0.1784,0.6006,14.77,Unhealthy
0.1784,0.5698,14.78,Unhealthy
0.1784,0.539,14.79,Unhealthy
0.2278,0.6006,14.8,Unhealthy
0.2031,0.5698,14.81,Unhealthy
0.2278,0.6006,14.82,Unhealthy
0.2278,0.5698,14.83,Unhealthy
0.2278,0.5698,14.84,Unhealthy
0.2525,0.6006,14.85,Unhealthy
0.2525,0.6313,14.86,Unhealthy
0.2772,0.6006,14.87,Unhealthy
0.2525,0.6006,14.88,Unhealthy
0.2278,0.5698,14.89,Unhealthy
0.2525,0.6006,14.9,Unhealthy
0.2278,0.6006,14.91,Unhealthy
0.2525,0.6006,14.92,Unhealthy
0.2525,0.6006,14.93,Unhealthy
0.2278,0.5698,14.94,Unhealthy
0.2278,0.6006,14.95,Unhealthy
0.1784,0.5698,14.96,Unhealthy
0.1537,0.6006,14.97,Unhealthy
0.1043,0.6006,14.98,Unhealthy
0.0796,0.5698,14.99,Unhealthy
0.0796,0.6006,15,Unhealthy
