F1,F2,t,Target
0.0072,0.033,1.01,Unhealthy
0.0067,0.0054,1.02,Unhealthy
0.0072,0.033,1.03,Unhealthy
0.0072,0.0138,1.04,Unhealthy
0.0072,0.0138,1.05,Unhealthy
0.0072,0.0138,1.06,Unhealthy
0.0067,0.0054,1.07,Unhealthy
0.0072,0.033,1.08,Unhealthy
0.0072,0.0138,1.09,Unhealthy
0.0072,0.0054,1.1,Unhealthy
0.0072,0.0138,1.11,Unhealthy
0.0067,0.0054,1.12,Unhealthy
0.0072,0.033,1.13,Unhealthy
0.0072,0.0138,1.14,Unhealthy
0.0072,0.0138,1.15,Unhealthy
0.0072,0.0138,1.16,Unhealthy
0.0067,0.0054,1.17,Unhealthy
0.0211,0.033,1.18,Unhealthy
0.0072,0.0138,1.19,Unhealthy
0.0072,0.0138,1.2,Unhealthy
0.0072,0.0138,1.21,Unhealthy
0.0072,0.0054,1.22,Unhealthy
0.0211,0.033,1.23,Unhealthy
0.0072,0.0054,1.24,Unhealthy
0.0072,0.0054,1.25,Unhealthy
0.0072,0.0138,1.26,Unhealthy
0.0072,0.0054,1.27,Unhealthy
0.0072,0.033,1.28,Unhealthy
0.0072,0.0138,1.29,Unhealthy
0.0072,0.0054,1.3,Unhealthy
0.0072,0.0138,1.31,Unhealthy
0.0072,0.0054,1.32,Unhealthy
0.0211,0.033,1.33,Unhealthy
0.0072,0.033,1.34,Unhealthy
0.0072,0.0138,1.35,Unhealthy
0.0072,0.033,1.36,Unhealthy
0.0072,0.0138,1.37,Unhealthy
0.0349,0.033,1.38,Unhealthy
0.0072,0.0138,1.39,Unhealthy
0.0072,0.033,1.4,Unhealthy
0.0072,0.0138,1.41,Unhealthy
0.0072,0.0138,1.42,Unhealthy
0.0211,0.033,1.43,Unhealthy
0.0072,0.033,1.44,Unhealthy
0.0072,0.033,1.45,Unhealthy
0.0072,0.033,1.46,Unhealthy
0.0072,0.0138,1.47,Unhealthy
0.0211,0.033,1.48,Unhealthy
0.0211,0.0138,1.49,Unhealthy
0.0072,0.033,1.5,Unhealthy
0.0072,0.0138,1.51,Unhealthy
0.0072,0.0138,1.52,Unhealthy
0.0211,0.033,1.53,Unhealthy
0.0072,0.0138,1.54,Unhealthy
0.0072,0.0138,1.55,Unhealthy
0.0072,0.0138,1.56,Unhealthy
0.0072,0.0054,1.57,Unhealthy
0.0211,0.033,1.58,Unhealthy
0.0211,0.0138,1.59,Unhealthy
0.0211,0.033,1.6,Unhealthy
0.0072,0.0138,1.61,Unhealthy
0.0072,0.0138,1.62,Unhealthy
0.0211,0.033,1.63,Unhealthy
0.0072,0.0138,1.64,Unhealthy
0.0211,0.033,1.65,Unhealthy
0.0072,0.0138,1.66,Unhealthy
0.0072,0.0138,1.67,Unhealthy
0.0349,0.033,1.68,Unhealthy
0.0211,0.0138,1.69,Unhealthy
0.0072,0.0138,1.7,Unhealthy
0.0072,0.0138,1.71,Unhealthy
0.0072,0.0054,1.72,Unhealthy
0.0349,0.033,1.73,Unhealthy
0.0072,0.0138,1.74,Unhealthy
0.0072,0.0138,1.75,Unhealthy
0.0072,0.0138,1.76,Unhealthy
0.0072,0.0054,1.77,Unhealthy
0.0211,0.033,1.78,Unhealthy
0.0211,0.0138,1.79,Unhealthy
0.0072,0.0138,1.8,Unhealthy
0.0072,0.0054,1.81,Unhealthy
0.0072,0.0246,1.82,Unhealthy
0.0211,0.033,1.83,Unhealthy
0.0072,0.0054,1.84,Unhealthy
0.0072,0.0138,1.85,Unhealthy
0.0072,0.0138,1.86,Unhealthy
0.0067,0.0054,1.87,Unhealthy
0.0072,0.0138,1.88,Unhealthy
0.0072,0.0138,1.89,Unhealthy
0.0072,0.0138,1.9,Unhealthy
0.0072,0.0138,1.91,Unhealthy
0.0067,0.0054,1.92,Unhealthy
0.0072,0.033,1.93,Unhealthy
0.0072,0.0138,1.94,Unhealthy
0.0072,0.0138,1.95,Unhealthy
0.0072,0.0138,1.96,Unhealthy
0.0067,0.0054,1.97,Unhealthy
0.0072,0.033,1.98,Unhealthy
0.0072,0.033,1.99,Unhealthy
0.0072,0.0138,2,Unhealthy
0.0072,0.0138,2.01,Unhealthy
0.0072,0.0138,2.02,Unhealthy
0.0211,0.033,2.03,Unhealthy
0.0072,0.0138,2.04,Unhealthy
0.0072,0.0138,2.05,Unhealthy
0.0072,0.033,2.06,Unhealthy
0.0067,0.0054,2.07,Unhealthy
0.0072,0.033,2.08,Unhealthy
0.0072,0.033,2.09,Unhealthy
0.0072,0.033,2.1,Unhealthy
0.0072,0.033,2.11,Unhealthy
0.0072,0.0138,2.12,Unhealthy
0.0072,0.033,2.13,Unhealthy
0.0072,0.0138,2.14,Unhealthy
0.0072,0.0138,2.15,Unhealthy
0.0072,0.033,2.16,Unhealthy
0.0072,0.0138,2.17,Unhealthy
0.0072,0.033,2.18,Unhealthy
0.0072,0.033,2.19,Unhealthy
0.0072,0.033,2.2,Unhealthy
0.0072,0.0138,2.21,Unhealthy
0.0072,0.0138,2.22,Unhealthy
0.0072,0.033,2.23,Unhealthy
0.0072,0.033,2.24,Unhealthy
0.0072,0.033,2.25,Unhealthy
0.0072,0.033,2.26,Unhealthy
0.0067,0.0138,2.27,Unhealthy
0.0072,0.0522,2.28,Unhealthy
0.0072,0.033,2.29,Unhealthy
0.0072,0.033,2.3,Unhealthy
0.0072,0.033,2.31,Unhealthy
0.0072,0.0138,2.32,Unhealthy
0.0211,0.0522,2.33,Unhealthy
0.0072,0.033,2.34,Unhealthy
0.0211,0.033,2.35,Unhealthy
0.0072,0.033,2.36,Unhealthy
0.0072,0.0138,2.37,Unhealthy
0.0211,0.0522,2.38,Unhealthy
0.0211,0.033,2.39,Unhealthy
0.0211,0.0522,2.4,Unhealthy
0.0211,0.0522,2.41,Unhealthy
0.0072,0.0522,2.42,Unhealthy
0.0349,0.1098,2.43,Unhealthy
0.0211,0.1098,2.44,Unhealthy
0.0211,0.129,2.45,Unhealthy
0.0211,0.1098,2.46,Unhealthy
0.0072,0.0906,2.47,Unhealthy
0.0211,0.1098,2.48,Unhealthy
0.0067,0.0906,2.49,Unhealthy
0.0067,0.0714,2.5,Unhealthy
0.0205,0.0522,2.51,Unhealthy
0.0344,0.0522,2.52,Unhealthy
0.0205,0.0522,2.53,Unhealthy
0.0072,0.033,2.54,Unhealthy
0.0072,0.033,2.55,Unhealthy
0.0072,0.033,2.56,Unhealthy
0.0072,0.033,2.57,Unhealthy
0.0211,0.0522,2.58,Unhealthy
0.0072,0.0522,2.59,Unhealthy
0.0211,0.0522,2.6,Unhealthy
0.0072,0.0522,2.61,Unhealthy
0.0072,0.033,2.62,Unhealthy
0.0349,0.0522,2.63,Unhealthy
0.0072,0.0522,2.64,Unhealthy
0.0072,0.0522,2.65,Unhealthy
0.0211,0.0522,2.66,Unhealthy
0.0072,0.033,2.67,Unhealthy
0.0211,0.0522,2.68,Unhealthy
0.0211,0.0522,2.69,Unhealthy
0.0072,0.0522,2.7,Unhealthy
0.0211,0.033,2.71,Unhealthy
0.0072,0.033,2.72,Unhealthy
0.0349,0.0522,2.73,Unhealthy
0.0211,0.0522,2.74,Unhealthy
0.0211,0.0522,2.75,Unhealthy
0.0072,0.0522,2.76,Unhealthy
0.0072,0.033,2.77,Unhealthy
0.0349,0.0522,2.78,Unhealthy
0.0211,0.0522,2.79,Unhealthy
0.0211,0.0522,2.8,Unhealthy
0.0211,0.0522,2.81,Unhealthy
0.0072,0.033,2.82,Unhealthy
0.0349,0.0522,2.83,Unhealthy
0.0211,0.0522,2.84,Unhealthy
0.0211,0.0522,2.85,Unhealthy
0.0211,0.0522,2.86,Unhealthy
0.0072,0.033,2.87,Unhealthy
0.0349,0.0522,2.88,Unhealthy
0.0211,0.0522,2.89,Unhealthy
0.0211,0.0522,2.9,Unhealthy
0.0211,0.0522,2.91,Unhealthy
0.0072,0.033,2.92,Unhealthy
0.0349,0.0522,2.93,Unhealthy
0.0211,0.0522,2.94,Unhealthy
0.0211,0.0522,2.95,Unhealthy
0.0072,0.033,2.96,Unhealthy
0.0072,0.033,2.97,Unhealthy
0.0349,0.0522,2.98,Unhealthy
0.0072,0.0522,2.99,Unhealthy
0.0211,0.0522,3,Unhealthy
0.0211,0.033,3.01,Unhealthy
0.0072,0.033,3.02,Unhealthy
0.0349,0.0522,3.03,Unhealthy
0.0349,0.0522,3.04,Unhealthy
0.0211,0.0522,3.05,Unhealthy
0.0211,0.0522,3.06,Unhealthy
0.0211,0.0522,3.07,Unhealthy
0.0349,0.0714,3.08,Unhealthy
0.0349,0.0714,3.09,Unhealthy
0.0349,0.0714,3.1,Unhealthy
0.0349,0.0714,3.11,Unhealthy
0.0211,0.0522,3.12,Unhealthy
0.0349,0.0906,3.13,Unhealthy
0.0349,0.0522,3.14,Unhealthy
0.0349,0.0714,3.15,Unhealthy
0.0211,0.0522,3.16,Unhealthy
0.0349,0.0522,3.17,Unhealthy
0.0349,0.0906,3.18,Unhealthy
0.0349,0.0714,3.19,Unhealthy
0.0349,0.0714,3.2,Unhealthy
0.0349,0.0522,3.21,Unhealthy
0.0211,0.0522,3.22,Unhealthy
0.0349,0.0906,3.23,Unhealthy
0.0349,0.0522,3.24,Unhealthy
0.0349,0.0714,3.25,Unhealthy
0.0349,0.0522,3.26,Unhealthy
0.0211,0.0522,3.27,Unhealthy
0.0349,0.0906,3.28,Unhealthy
0.0349,0.0714,3.29,Unhealthy
0.0349,0.0714,3.3,Unhealthy
0.0349,0.0714,3.31,Unhealthy
0.0211,0.0522,3.32,Unhealthy
0.0488,0.0906,3.33,Unhealthy
0.0349,0.0714,3.34,Unhealthy
0.0211,0.0714,3.35,Unhealthy
0.0349,0.0714,3.36,Unhealthy
0.0211,0.0714,3.37,Unhealthy
0.0488,0.0906,3.38,Unhealthy
0.0349,0.0714,3.39,Unhealthy
0.0211,0.0714,3.4,Unhealthy
0.0349,0.0714,3.41,Unhealthy
0.0211,0.0522,3.42,Unhealthy
0.0488,0.0906,3.43,Unhealthy
0.0211,0.0714,3.44,Unhealthy
0.0349,0.0906,3.45,Unhealthy
0.0349,0.0714,3.46,Unhealthy
0.0211,0.0714,3.47,Unhealthy
0.0349,0.0906,3.48,Unhealthy
0.0349,0.0714,3.49,Unhealthy
0.0349,0.0906,3.5,Unhealthy
0.0211,0.0906,3.51,Unhealthy
0.0072,0.0522,3.52,Unhealthy
0.0349,0.0906,3.53,Unhealthy
0.0211,0.0714,3.54,Unhealthy
0.0211,0.0906,3.55,Unhealthy
0.0211,0.0906,3.56,Unhealthy
0.0072,0.0522,3.57,Unhealthy
0.0211,0.0906,3.58,Unhealthy
0.0072,0.0906,3.59,Unhealthy
0.0072,0.0906,3.6,Unhealthy
0.0067,0.0906,3.61,Unhealthy
0.0205,0.0714,3.62,Unhealthy
0.0205,0.0906,3.63,Unhealthy
0.0482,0.0906,3.64,Unhealthy
0.0482,0.0714,3.65,Unhealthy
0.0482,0.0906,3.66,Unhealthy
0.0482,0.0522,3.67,Unhealthy
0.0344,0.0906,3.68,Unhealthy
0.0482,0.0714,3.69,Unhealthy
0.0344,0.0714,3.7,Unhealthy
0.0344,0.0714,3.71,Unhealthy
0.0344,0.0522,3.72,Unhealthy
0.0067,0.0906,3.73,Unhealthy
0.0067,0.0714,3.74,Unhealthy
0.0067,0.0714,3.75,Unhealthy
0.0067,0.0714,3.76,Unhealthy
0.0067,0.0714,3.77,Unhealthy
0.0349,0.0906,3.78,Unhealthy
0.0349,0.0906,3.79,Unhealthy
0.0349,0.0906,3.8,Unhealthy
0.0349,0.0906,3.81,Unhealthy
0.0211,0.0906,3.82,Unhealthy
0.0349,0.1098,3.83,Unhealthy
0.0349,0.1098,3.84,Unhealthy
0.0349,0.129,3.85,Unhealthy
0.0349,0.1098,3.86,Unhealthy
0.0211,0.1098,3.87,Unhealthy
0.0349,0.129,3.88,Unhealthy
0.0211,0.129,3.89,Unhealthy
0.0349,0.1482,3.9,Unhealthy
0.0349,0.129,3.91,Unhealthy
0.0211,0.129,3.92,Unhealthy
0.0488,0.1482,3.93,Unhealthy
0.0349,0.1482,3.94,Unhealthy
0.0349,0.1482,3.95,Unhealthy
0.0349,0.1482,3.96,Unhealthy
0.0211,0.129,3.97,Unhealthy
0.0349,0.1482,3.98,Unhealthy
0.0072,0.1482,3.99,Unhealthy
0.0211,0.1674,4,Unhealthy
0.0072,0.1674,4.01,Unhealthy
0.0072,0.1674,4.02,Unhealthy
0.0072,0.1866,4.03,Unhealthy
0.0072,0.1866,4.04,Unhealthy
0.0072,0.1866,4.05,Unhealthy
0.0072,0.1866,4.06,Unhealthy
0.0067,0.1866,4.07,Unhealthy
0.0211,0.2058,4.08,Unhealthy
0.0072,0.1866,4.09,Unhealthy
0.0211,0.2058,4.1,Unhealthy
0.0211,0.1866,4.11,Unhealthy
0.0211,0.1866,4.12,Unhealthy
0.0349,0.2058,4.13,Unhealthy
0.0211,0.2058,4.14,Unhealthy
0.0349,0.2058,4.15,Unhealthy
0.0349,0.2058,4.16,Unhealthy
0.0211,0.2058,4.17,Unhealthy
0.0349,0.225,4.18,Unhealthy
0.0211,0.225,4.19,Unhealthy
0.0349,0.2442,4.2,Unhealthy
0.0349,0.2634,4.21,Unhealthy
0.0211,0.2634,4.22,Unhealthy
0.0349,0.2826,4.23,Unhealthy
0.0211,0.2826,4.24,Unhealthy
0.0349,0.3018,4.25,Unhealthy
0.0349,0.3018,4.26,Unhealthy
0.0072,0.2826,4.27,Unhealthy
0.0349,0.321,4.28,Unhealthy
0.0349,0.225,4.29,Unhealthy
0.0349,0.1866,4.3,Unhealthy
0.0211,0.1674,4.31,Unhealthy
0.0072,0.2058,4.32,Unhealthy
0.0349,0.2442,4.33,Unhealthy
0.0349,0.2442,4.34,Unhealthy
0.0349,0.225,4.35,Unhealthy
0.0349,0.2058,4.36,Unhealthy
0.0211,0.1866,4.37,Unhealthy
0.0349,0.2058,4.38,Unhealthy
0.0349,0.1866,4.39,Unhealthy
0.0349,0.1866,4.4,Unhealthy
0.0349,0.2058,4.41,Unhealthy
0.0211,0.1866,4.42,Unhealthy
0.0349,0.225,4.43,Unhealthy
0.0349,0.2058,4.44,Unhealthy
0.0349,0.2058,4.45,Unhealthy
0.0349,0.1866,4.46,Unhealthy
0.0211,0.1482,4.47,Unhealthy
0.0349,0.1482,4.48,Unhealthy
0.0349,0.1098,4.49,Unhealthy
0.0349,0.129,4.5,Unhealthy
0.0349,0.129,4.51,Unhealthy
0.0211,0.1098,4.52,Unhealthy
0.0349,0.129,4.53,Unhealthy
0.0349,0.1098,4.54,Unhealthy
0.0349,0.129,4.55,Unhealthy
0.0349,0.1098,4.56,Unhealthy
0.0211,0.1098,4.57,Unhealthy
0.0349,0.129,4.58,Unhealthy
0.0349,0.1098,4.59,Unhealthy
0.0349,0.129,4.6,Unhealthy
0.0349,0.129,4.61,Unhealthy
0.0349,0.1098,4.62,Unhealthy
0.0349,0.129,4.63,Unhealthy
0.0349,0.0906,4.64,Unhealthy
0.0349,0.1098,4.65,Unhealthy
0.0072,0.0906,4.66,Unhealthy
0.0205,0.0714,4.67,Unhealthy
0.0211,0.0906,4.68,Unhealthy
0.0072,0.0906,4.69,Unhealthy
0.0211,0.1098,4.7,Unhealthy
0.0211,0.0906,4.71,Unhealthy
0.0072,0.0906,4.72,Unhealthy
0.0349,0.1098,4.73,Unhealthy
0.0211,0.1098,4.74,Unhealthy
0.0211,0.1098,4.75,Unhealthy
0.0072,0.1098,4.76,Unhealthy
0.0067,0.0906,4.77,Unhealthy
0.0072,0.0906,4.78,Unhealthy
0.0067,0.0906,4.79,Unhealthy
0.0349,0.1098,4.8,Unhealthy
0.0488,0.1098,4.81,Unhealthy
0.0349,0.0906,4.82,Unhealthy
0.0488,0.129,4.83,Unhealthy
0.0349,0.1098,4.84,Unhealthy
0.0488,0.1098,4.85,Unhealthy
0.0349,0.1098,4.86,Unhealthy
0.0349,0.0906,4.87,Unhealthy
0.0488,0.129,4.88,Unhealthy
0.0349,0.1098,4.89,Unhealthy
0.0488,0.129,4.9,Unhealthy
0.0488,0.129,4.91,Unhealthy
0.0211,0.1098,4.92,Unhealthy
0.0349,0.129,4.93,Unhealthy
0.0072,0.1098,4.94,Unhealthy
0.0072,0.129,4.95,Unhealthy
0.0072,0.129,4.96,Unhealthy
0.0067,0.1098,4.97,Unhealthy
0.0349,0.129,4.98,Unhealthy
0.0349,0.1098,4.99,Unhealthy
0.0488,0.129,5,Unhealthy
0.0349,0.1098,5.01,Unhealthy
0.0349,0.0906,5.02,Unhealthy
0.0488,0.129,5.03,Unhealthy
0.0349,0.1098,5.04,Unhealthy
0.0488,0.129,5.05,Unhealthy
0.0488,0.1098,5.06,Unhealthy
0.0349,0.0906,5.07,Unhealthy
0.0488,0.1098,5.08,Unhealthy
0.0488,0.1098,5.09,Unhealthy
0.0488,0.1098,5.1,Unhealthy
0.0488,0.1098,5.11,Unhealthy
0.0349,0.0906,5.12,Unhealthy
0.0488,0.1098,5.13,Unhealthy
0.0349,0.0906,5.14,Unhealthy
0.0488,0.1098,5.15,Unhealthy
0.0349,0.0906,5.16,Unhealthy
0.0349,0.0906,5.17,Unhealthy
0.0488,0.1098,5.18,Unhealthy
0.0349,0.1098,5.19,Unhealthy
0.0488,0.1098,5.2,Unhealthy
0.0488,0.129,5.21,Unhealthy
0.0349,0.1098,5.22,Unhealthy
0.0488,0.129,5.23,Unhealthy
0.0488,0.129,5.24,Unhealthy
0.0488,0.129,5.25,Unhealthy
0.0488,0.129,5.26,Unhealthy
0.0349,0.1098,5.27,Unhealthy
0.0349,0.129,5.28,Unhealthy
0.0349,0.129,5.29,Unhealthy
0.0488,0.1482,5.3,Unhealthy
0.0488,0.129,5.31,Unhealthy
0.0349,0.1098,5.32,Unhealthy
0.0488,0.129,5.33,Unhealthy
0.0488,0.129,5.34,Unhealthy
0.0488,0.129,5.35,Unhealthy
0.0488,0.129,5.36,Unhealthy
0.0349,0.129,5.37,Unhealthy
0.0488,0.129,5.38,Unhealthy
0.0488,0.129,5.39,Unhealthy
0.0488,0.129,5.4,Unhealthy
0.0488,0.129,5.41,Unhealthy
0.0349,0.129,5.42,Unhealthy
0.0488,0.1482,5.43,Unhealthy
0.0488,0.129,5.44,Unhealthy
0.0488,0.129,5.45,Unhealthy
0.0488,0.129,5.46,Unhealthy
0.0349,0.129,5.47,Unhealthy
0.0488,0.129,5.48,Unhealthy
0.0488,0.129,5.49,Unhealthy
0.0626,0.1482,5.5,Unhealthy
0.0488,0.129,5.51,Unhealthy
0.0349,0.129,5.52,Unhealthy
0.0488,0.129,5.53,Unhealthy
0.0488,0.129,5.54,Unhealthy
0.0488,0.1482,5.55,Unhealthy
0.0488,0.129,5.56,Unhealthy
0.0349,0.129,5.57,Unhealthy
0.0488,0.129,5.58,Unhealthy
0.0349,0.1482,5.59,Unhealthy
0.0488,0.1482,5.6,Unhealthy
0.0488,0.129,5.61,Unhealthy
0.0349,0.129,5.62,Unhealthy
0.0488,0.1482,5.63,Unhealthy
0.0488,0.129,5.64,Unhealthy
0.0626,0.1674,5.65,Unhealthy
0.0488,0.129,5.66,Unhealthy
0.0488,0.129,5.67,Unhealthy
0.0488,0.1482,5.68,Unhealthy
0.0488,0.129,5.69,Unhealthy
0.0488,0.1482,5.7,Unhealthy
0.0488,0.129,5.71,Unhealthy
0.0349,0.129,5.72,Unhealthy
0.0488,0.1482,5.73,Unhealthy
0.0488,0.129,5.74,Unhealthy
0.0488,0.1482,5.75,Unhealthy
0.0488,0.1482,5.76,Unhealthy
0.0349,0.129,5.77,Unhealthy
0.0488,0.1482,5.78,Unhealthy
0.0488,0.129,5.79,Unhealthy
0.0488,0.1482,5.8,Unhealthy
0.0488,0.129,5.81,Unhealthy
0.0488,0.129,5.82,Unhealthy
0.0488,0.129,5.83,Unhealthy
0.0488,0.129,5.84,Unhealthy
0.0488,0.1482,5.85,Unhealthy
0.0488,0.129,5.86,Unhealthy
0.0488,0.129,5.87,Unhealthy
0.0488,0.1482,5.88,Unhealthy
0.0488,0.129,5.89,Unhealthy
0.0626,0.1482,5.9,Unhealthy
0.0488,0.129,5.91,Unhealthy
0.0488,0.129,5.92,Unhealthy
0.0488,0.129,5.93,Unhealthy
0.0488,0.129,5.94,Unhealthy
0.0626,0.1482,5.95,Unhealthy
0.0488,0.129,5.96,Unhealthy
0.0488,0.129,5.97,Unhealthy
0.0488,0.129,5.98,Unhealthy
0.0488,0.129,5.99,Unhealthy
0.0626,0.1674,6,Unhealthy
0.0488,0.129,6.01,Unhealthy
0.0488,0.129,6.02,Unhealthy
0.0626,0.1482,6.03,Unhealthy
0.0488,0.1482,6.04,Unhealthy
0.0626,0.1482,6.05,Unhealthy
0.0488,0.1482,6.06,Unhealthy
0.0488,0.129,6.07,Unhealthy
0.0488,0.1482,6.08,Unhealthy
0.0488,0.1482,6.09,Unhealthy
0.0626,0.1482,6.1,Unhealthy
0.0626,0.1482,6.11,Unhealthy
0.0488,0.129,6.12,Unhealthy
0.0626,0.1482,6.13,Unhealthy
0.0488,0.1482,6.14,Unhealthy
0.0626,0.1482,6.15,Unhealthy
0.0488,0.1482,6.16,Unhealthy
0.0488,0.129,6.17,Unhealthy
0.0626,0.1482,6.18,Unhealthy
0.0626,0.129,6.19,Unhealthy
0.0626,0.1482,6.2,Unhealthy
0.0488,0.1482,6.21,Unhealthy
0.0488,0.129,6.22,Unhealthy
0.0626,0.1674,6.23,Unhealthy
0.0488,0.1482,6.24,Unhealthy
0.0626,0.1674,6.25,Unhealthy
0.0488,0.1482,6.26,Unhealthy
0.0488,0.1482,6.27,Unhealthy
0.0626,0.1482,6.28,Unhealthy
0.0488,0.1482,6.29,Unhealthy
0.0626,0.1674,6.3,Unhealthy
0.0488,0.1482,6.31,Unhealthy
0.0488,0.129,6.32,Unhealthy
0.0488,0.1482,6.33,Unhealthy
0.0488,0.1482,6.34,Unhealthy
0.0626,0.1674,6.35,Unhealthy
0.0488,0.1482,6.36,Unhealthy
0.0488,0.129,6.37,Unhealthy
0.0488,0.1482,6.38,Unhealthy
0.0488,0.1482,6.39,Unhealthy
0.0626,0.1674,6.4,Unhealthy
0.0488,0.1482,6.41,Unhealthy
0.0488,0.1482,6.42,Unhealthy
0.0626,0.1482,6.43,Unhealthy
0.0488,0.1482,6.44,Unhealthy
0.0626,0.1674,6.45,Unhealthy
0.0488,0.1482,6.46,Unhealthy
0.0349,0.1482,6.47,Unhealthy
0.0488,0.1482,6.48,Unhealthy
0.0488,0.1482,6.49,Unhealthy
0.0488,0.1674,6.5,Unhealthy
0.0488,0.1482,6.51,Unhealthy
0.0488,0.1482,6.52,Unhealthy
0.0488,0.1674,6.53,Unhealthy
0.0488,0.1482,6.54,Unhealthy
0.0488,0.1482,6.55,Unhealthy
0.0488,0.1482,6.56,Unhealthy
0.0488,0.1482,6.57,Unhealthy
0.0488,0.1482,6.58,Unhealthy
0.0488,0.1482,6.59,Unhealthy
0.0626,0.1674,6.6,Unhealthy
0.0488,0.1482,6.61,Unhealthy
0.0349,0.129,6.62,Unhealthy
0.0488,0.1674,6.63,Unhealthy
0.0488,0.1482,6.64,Unhealthy
0.0488,0.1674,6.65,Unhealthy
0.0488,0.1482,6.66,Unhealthy
0.0349,0.129,6.67,Unhealthy
0.0488,0.1674,6.68,Unhealthy
0.0488,0.1482,6.69,Unhealthy
0.0488,0.1674,6.7,Unhealthy
0.0488,0.1482,6.71,Unhealthy
0.0488,0.1482,6.72,Unhealthy
0.0488,0.1482,6.73,Unhealthy
0.0488,0.1482,6.74,Unhealthy
0.0626,0.1674,6.75,Unhealthy
0.0488,0.1482,6.76,Unhealthy
0.0488,0.1482,6.77,Unhealthy
0.0488,0.1482,6.78,Unhealthy
0.0488,0.1482,6.79,Unhealthy
0.0626,0.1674,6.8,Unhealthy
0.0488,0.1482,6.81,Unhealthy
0.0488,0.1482,6.82,Unhealthy
0.0488,0.1482,6.83,Unhealthy
0.0626,0.1674,6.84,Unhealthy
0.0626,0.1674,6.85,Unhealthy
0.0488,0.1482,6.86,Unhealthy
0.0488,0.1482,6.87,Unhealthy
0.0488,0.1674,6.88,Unhealthy
0.0488,0.129,6.89,Unhealthy
0.0626,0.1674,6.9,Unhealthy
0.0626,0.1482,6.91,Unhealthy
0.0488,0.1482,6.92,Unhealthy
0.0626,0.1674,6.93,Unhealthy
0.0488,0.1482,6.94,Unhealthy
0.0626,0.1674,6.95,Unhealthy
0.0626,0.1482,6.96,Unhealthy
0.0488,0.1482,6.97,Unhealthy
0.0626,0.1674,6.98,Unhealthy
0.0488,0.1482,6.99,Unhealthy
0.0626,0.1674,7,Unhealthy
0.0626,0.1482,7.01,Unhealthy
0.0488,0.1482,7.02,Unhealthy
0.0626,0.1482,7.03,Unhealthy
0.0488,0.1482,7.04,Unhealthy
0.0626,0.1674,7.05,Unhealthy
0.0626,0.1482,7.06,Unhealthy
0.0488,0.1482,7.07,Unhealthy
0.0626,0.1482,7.08,Unhealthy
0.0488,0.1482,7.09,Unhealthy
0.0765,0.1674,7.1,Unhealthy
0.0626,0.1482,7.11,Unhealthy
0.0488,0.129,7.12,Unhealthy
0.0626,0.1674,7.13,Unhealthy
0.0626,0.1482,7.14,Unhealthy
0.0626,0.1674,7.15,Unhealthy
0.0626,0.1482,7.16,Unhealthy
0.0488,0.1482,7.17,Unhealthy
0.0488,0.1482,7.18,Unhealthy
0.0488,0.1482,7.19,Unhealthy
0.0626,0.1674,7.2,Unhealthy
0.0488,0.1482,7.21,Unhealthy
0.0488,0.1482,7.22,Unhealthy
0.0488,0.1482,7.23,Unhealthy
0.0488,0.1482,7.24,Unhealthy
0.0626,0.1674,7.25,Unhealthy
0.0488,0.1482,7.26,Unhealthy
0.0488,0.1482,7.27,Unhealthy
0.0488,0.1482,7.28,Unhealthy
0.0488,0.1482,7.29,Unhealthy
0.0626,0.1674,7.3,Unhealthy
0.0626,0.1482,7.31,Unhealthy
0.0488,0.129,7.32,Unhealthy
0.0488,0.1482,7.33,Unhealthy
0.0488,0.1482,7.34,Unhealthy
0.0626,0.1674,7.35,Unhealthy
0.0488,0.1482,7.36,Unhealthy
0.0488,0.129,7.37,Unhealthy
0.0626,0.1482,7.38,Unhealthy
0.0626,0.1482,7.39,Unhealthy
0.0626,0.1674,7.4,Unhealthy
0.0626,0.1482,7.41,Unhealthy
0.0626,0.1482,7.42,Unhealthy
0.0626,0.1482,7.43,Unhealthy
0.0626,0.1482,7.44,Unhealthy
0.0765,0.1674,7.45,Unhealthy
0.0626,0.1482,7.46,Unhealthy
0.0488,0.129,7.47,Unhealthy
0.0626,0.1482,7.48,Unhealthy
0.0626,0.129,7.49,Unhealthy
0.0765,0.1674,7.5,Unhealthy
0.0626,0.1482,7.51,Unhealthy
0.0626,0.1482,7.52,Unhealthy
0.0626,0.1482,7.53,Unhealthy
0.0626,0.1482,7.54,Unhealthy
0.0765,0.1674,7.55,Unhealthy
0.0626,0.1482,7.56,Unhealthy
0.0626,0.1482,7.57,Unhealthy
0.0626,0.1482,7.58,Unhealthy
0.0626,0.129,7.59,Unhealthy
0.0765,0.1674,7.6,Unhealthy
0.0626,0.1482,7.61,Unhealthy
0.0626,0.1482,7.62,Unhealthy
0.0626,0.1482,7.63,Unhealthy
0.0626,0.129,7.64,Unhealthy
0.0765,0.1674,7.65,Unhealthy
0.0626,0.1482,7.66,Unhealthy
0.0626,0.1482,7.67,Unhealthy
0.0626,0.1482,7.68,Unhealthy
0.0626,0.1482,7.69,Unhealthy
0.0765,0.1674,7.7,Unhealthy
0.0626,0.1482,7.71,Unhealthy
0.0626,0.1482,7.72,Unhealthy
0.0626,0.1482,7.73,Unhealthy
0.0626,0.1482,7.74,Unhealthy
0.0765,0.1674,7.75,Unhealthy
0.0626,0.1482,7.76,Unhealthy
0.0626,0.1482,7.77,Unhealthy
0.0765,0.1482,7.78,Unhealthy
0.0488,0.129,7.79,Unhealthy
0.0765,0.1674,7.8,Unhealthy
0.0626,0.1482,7.81,Unhealthy
0.0488,0.129,7.82,Unhealthy
0.0765,0.1482,7.83,Unhealthy
0.0626,0.1482,7.84,Unhealthy
0.0765,0.1674,7.85,Unhealthy
0.0626,0.1482,7.86,Unhealthy
0.0626,0.1482,7.87,Unhealthy
0.0626,0.1482,7.88,Unhealthy
0.0626,0.1482,7.89,Unhealthy
0.0765,0.1674,7.9,Unhealthy
0.0765,0.1482,7.91,Unhealthy
0.0765,0.1482,7.92,Unhealthy
0.0626,0.1482,7.93,Unhealthy
0.0626,0.1482,7.94,Unhealthy
0.0765,0.1674,7.95,Unhealthy
0.0626,0.1482,7.96,Unhealthy
0.0626,0.1482,7.97,Unhealthy
0.0626,0.1482,7.98,Unhealthy
0.0626,0.1482,7.99,Unhealthy
0.0765,0.1866,8,Unhealthy
0.0626,0.1482,8.01,Unhealthy
0.0626,0.1482,8.02,Unhealthy
0.0626,0.1674,8.03,Unhealthy
0.0626,0.1482,8.04,Unhealthy
0.0765,0.1674,8.05,Unhealthy
0.0626,0.1482,8.06,Unhealthy
0.0765,0.1674,8.07,Unhealthy
0.0626,0.1482,8.08,Unhealthy
0.0626,0.1482,8.09,Unhealthy
0.0765,0.1674,8.1,Unhealthy
0.0626,0.1482,8.11,Unhealthy
0.0626,0.1482,8.12,Unhealthy
0.0765,0.1482,8.13,Unhealthy
0.0626,0.1482,8.14,Unhealthy
0.0903,0.1866,8.15,Unhealthy
0.0765,0.1674,8.16,Unhealthy
0.0765,0.1674,8.17,Unhealthy
0.0765,0.1674,8.18,Unhealthy
0.0626,0.1482,8.19,Unhealthy
0.0765,0.1866,8.2,Unhealthy
0.0765,0.1482,8.21,Unhealthy
0.0765,0.1674,8.22,Unhealthy
0.0765,0.1482,8.23,Unhealthy
0.0626,0.1482,8.24,Unhealthy
0.0765,0.1674,8.25,Unhealthy
0.0765,0.1674,8.26,Unhealthy
0.0765,0.1674,8.27,Unhealthy
0.0765,0.1674,8.28,Unhealthy
0.0765,0.1482,8.29,Unhealthy
0.0903,0.1674,8.3,Unhealthy
0.0765,0.1482,8.31,Unhealthy
0.0765,0.1482,8.32,Unhealthy
0.0765,0.1674,8.33,Unhealthy
0.0765,0.1482,8.34,Unhealthy
0.0903,0.1674,8.35,Unhealthy
0.0765,0.1674,8.36,Unhealthy
0.0765,0.1674,8.37,Unhealthy
0.0765,0.1482,8.38,Unhealthy
0.0626,0.1482,8.39,Unhealthy
0.0903,0.1866,8.4,Unhealthy
0.0765,0.1674,8.41,Unhealthy
0.0765,0.1482,8.42,Unhealthy
0.0765,0.1674,8.43,Unhealthy
0.0765,0.1482,8.44,Unhealthy
0.0903,0.1674,8.45,Unhealthy
0.0765,0.1674,8.46,Unhealthy
0.0765,0.1482,8.47,Unhealthy
0.0765,0.1674,8.48,Unhealthy
0.0626,0.1482,8.49,Unhealthy
0.0903,0.1674,8.5,Unhealthy
0.0765,0.1674,8.51,Unhealthy
0.0765,0.1482,8.52,Unhealthy
0.0765,0.1674,8.53,Unhealthy
0.0626,0.1482,8.54,Unhealthy
0.0903,0.1866,8.55,Unhealthy
0.0765,0.1674,8.56,Unhealthy
0.0765,0.1674,8.57,Unhealthy
0.0765,0.1674,8.58,Unhealthy
0.0765,0.1482,8.59,Unhealthy
0.0903,0.1866,8.6,Unhealthy
0.0903,0.1674,8.61,Unhealthy
0.0765,0.1866,8.62,Unhealthy
0.0765,0.1674,8.63,Unhealthy
0.0626,0.1482,8.64,Unhealthy
0.0903,0.1866,8.65,Unhealthy
0.0765,0.1674,8.66,Unhealthy
0.0765,0.1674,8.67,Unhealthy
0.0765,0.1674,8.68,Unhealthy
0.0626,0.1674,8.69,Unhealthy
0.0903,0.1866,8.7,Unhealthy
0.0765,0.1674,8.71,Unhealthy
0.0765,0.1674,8.72,Unhealthy
0.0765,0.1674,8.73,Unhealthy
0.0626,0.1674,8.74,Unhealthy
0.0903,0.1866,8.75,Unhealthy
0.0765,0.1674,8.76,Unhealthy
0.0765,0.1866,8.77,Unhealthy
0.0765,0.1866,8.78,Unhealthy
0.0626,0.1866,8.79,Unhealthy
0.0903,0.2058,8.8,Unhealthy
0.0765,0.2058,8.81,Unhealthy
0.0765,0.1866,8.82,Unhealthy
0.0765,0.2058,8.83,Unhealthy
0.0626,0.1866,8.84,Unhealthy
0.0903,0.2058,8.85,Unhealthy
0.0626,0.1866,8.86,Unhealthy
0.0626,0.1866,8.87,Unhealthy
0.0626,0.1866,8.88,Unhealthy
0.0349,0.1674,8.89,Unhealthy
0.0488,0.1866,8.9,Unhealthy
0.0488,0.1674,8.91,Unhealthy
0.0349,0.1674,8.92,Unhealthy
0.0211,0.1674,8.93,Unhealthy
0.0072,0.1482,8.94,Unhealthy
0.0072,0.1866,8.95,Unhealthy
0.0067,0.1674,8.96,Unhealthy
0.0205,0.1674,8.97,Unhealthy
0.0344,0.1482,8.98,Unhealthy
0.0482,0.1482,8.99,Unhealthy
0.0344,0.1674,9,Unhealthy
0.0349,0.1674,9.01,Unhealthy
0.0488,0.1866,9.02,Unhealthy
0.0072,0.1866,9.03,Unhealthy
0.0067,0.1866,9.04,Unhealthy
0.0205,0.1866,9.05,Unhealthy
0.0344,0.1866,9.06,Unhealthy
0.0482,0.1866,9.07,Unhealthy
0.0344,0.1866,9.08,Unhealthy
0.0482,0.1674,9.09,Unhealthy
0.0067,0.1866,9.1,Unhealthy
0.0344,0.1674,9.11,Unhealthy
0.0621,0.1674,9.12,Unhealthy
0.0621,0.1482,9.13,Unhealthy
0.1036,0.1482,9.14,Unhealthy
0.0621,0.1866,9.15,Unhealthy
0.0621,0.1674,9.16,Unhealthy
0.0344,0.1674,9.17,Unhealthy
0.0344,0.1866,9.18,Unhealthy
0.0344,0.1674,9.19,Unhealthy
0.0067,0.1866,9.2,Unhealthy
0.0067,0.1674,9.21,Unhealthy
0.0072,0.1674,9.22,Unhealthy
0.0067,0.1482,9.23,Unhealthy
0.0067,0.129,9.24,Unhealthy
0.0072,0.129,9.25,Unhealthy
0.0072,0.129,9.26,Unhealthy
0.0072,0.1098,9.27,Unhealthy
0.0211,0.1098,9.28,Unhealthy
0.0211,0.0906,9.29,Unhealthy
0.0488,0.1098,9.3,Unhealthy
0.0488,0.0906,9.31,Unhealthy
0.0626,0.0906,9.32,Unhealthy
0.0626,0.0906,9.33,Unhealthy
0.0626,0.0714,9.34,Unhealthy
0.0903,0.0906,9.35,Unhealthy
0.0765,0.0906,9.36,Unhealthy
0.0765,0.0906,9.37,Unhealthy
0.0765,0.0906,9.38,Unhealthy
0.0765,0.0906,9.39,Unhealthy
0.0903,0.1098,9.4,Unhealthy
0.0765,0.1098,9.41,Unhealthy
0.0765,0.1098,9.42,Unhealthy
0.0765,0.129,9.43,Unhealthy
0.0765,0.1098,9.44,Unhealthy
0.0903,0.1482,9.45,Unhealthy
0.0765,0.129,9.46,Unhealthy
0.0765,0.1482,9.47,Unhealthy
0.0626,0.1482,9.48,Unhealthy
0.0626,0.129,9.49,Unhealthy
0.0765,0.1674,9.5,Unhealthy
0.0626,0.1674,9.51,Unhealthy
0.0626,0.1674,9.52,Unhealthy
0.0626,0.1866,9.53,Unhealthy
0.0488,0.1674,9.54,Unhealthy
0.0488,0.1866,9.55,Unhealthy
0.0349,0.1674,9.56,Unhealthy
0.0211,0.1674,9.57,Unhealthy
0.0072,0.1482,9.58,Unhealthy
0.0205,0.1482,9.59,Unhealthy
0.0205,0.1674,9.6,Unhealthy
0.0344,0.1674,9.61,Unhealthy
0.0621,0.1674,9.62,Unhealthy
0.0759,0.1674,9.63,Unhealthy
0.1036,0.1674,9.64,Unhealthy
0.1175,0.1866,9.65,Unhealthy
0.1452,0.1866,9.66,Unhealthy
0.1452,0.1866,9.67,Unhealthy
0.1591,0.1866,9.68,Unhealthy
0.1729,0.1866,9.69,Unhealthy
0.1591,0.2058,9.7,Unhealthy
0.1729,0.2058,9.71,Unhealthy
0.1868,0.2058,9.72,Unhealthy
0.2006,0.2058,9.73,Unhealthy
0.2283,0.2058,9.74,Unhealthy
0.2145,0.2442,9.75,Unhealthy
0.2283,0.225,9.76,Unhealthy
0.2145,0.225,9.77,Unhealthy
0.2145,0.225,9.78,Unhealthy
0.2145,0.225,9.79,Unhealthy
0.2006,0.2442,9.8,Unhealthy
0.2006,0.2442,9.81,Unhealthy
0.2006,0.2442,9.82,Unhealthy
0.2006,0.2442,9.83,Unhealthy
0.2145,0.225,9.84,Unhealthy
0.1868,0.2634,9.85,Unhealthy
0.2006,0.2442,9.86,Unhealthy
0.1868,0.2634,9.87,Unhealthy
0.1868,0.2442,9.88,Unhealthy
0.1868,0.225,9.89,Unhealthy
0.1591,0.2634,9.9,Unhealthy
0.1729,0.2442,9.91,Unhealthy
0.1591,0.2634,9.92,Unhealthy
0.1591,0.2442,9.93,Unhealthy
0.1452,0.2442,9.94,Unhealthy
0.1175,0.2634,9.95,Unhealthy
0.1036,0.2442,9.96,Unhealthy
0.0759,0.2442,9.97,Unhealthy
0.0482,0.2442,9.98,Unhealthy
0.0482,0.225,9.99,Unhealthy
0.0205,0.2442,10,Unhealthy
0.0067,0.2442,10.01,Unhealthy
0.0211,0.2442,10.02,Unhealthy
0.0349,0.2442,10.03,Unhealthy
0.0488,0.2442,10.04,Unhealthy
0.0903,0.2634,10.05,Unhealthy
0.0765,0.2442,10.06,Unhealthy
0.0903,0.2442,10.07,Unhealthy
0.0903,0.2442,10.08,Unhealthy
0.0765,0.2442,10.09,Unhealthy
0.0903,0.2634,10.1,Unhealthy
0.0903,0.2634,10.11,Unhealthy
0.0903,0.2634,10.12,Unhealthy
0.0903,0.2634,10.13,Unhealthy
0.0765,0.2442,10.14,Unhealthy
0.0903,0.2634,10.15,Unhealthy
0.0765,0.2442,10.16,Unhealthy
0.0903,0.2442,10.17,Unhealthy
0.0903,0.2442,10.18,Unhealthy
0.0765,0.225,10.19,Unhealthy
0.0903,0.2442,10.2,Unhealthy
0.0903,0.2442,10.21,Unhealthy
0.0903,0.2442,10.22,Unhealthy
0.0765,0.225,10.23,Unhealthy
0.0626,0.225,10.24,Unhealthy
0.0903,0.2442,10.25,Unhealthy
0.0765,0.2058,10.26,Unhealthy
0.0626,0.225,10.27,Unhealthy
0.0488,0.225,10.28,Unhealthy
0.0349,0.2058,10.29,Unhealthy
0.0349,0.2442,10.3,Unhealthy
0.0067,0.225,10.31,Unhealthy
0.0067,0.2442,10.32,Unhealthy
0.0482,0.225,10.33,Unhealthy
0.0759,0.2058,10.34,Unhealthy
0.0898,0.2442,10.35,Unhealthy
0.1452,0.2058,10.36,Unhealthy
0.1591,0.225,10.37,Unhealthy
0.2006,0.2058,10.38,Unhealthy
0.2145,0.2058,10.39,Unhealthy
0.2283,0.225,10.4,Unhealthy
0.256,0.225,10.41,Unhealthy
0.256,0.2442,10.42,Unhealthy
0.2699,0.2442,10.43,Unhealthy
0.2976,0.2058,10.44,Unhealthy
0.2976,0.2442,10.45,Unhealthy
0.3253,0.225,10.46,Unhealthy
0.3253,0.2442,10.47,Unhealthy
0.353,0.2442,10.48,Unhealthy
0.3669,0.2058,10.49,Unhealthy
0.3669,0.2442,10.5,Unhealthy
0.3807,0.2442,10.51,Unhealthy
0.3946,0.2442,10.52,Unhealthy
0.3946,0.2442,10.53,Unhealthy
0.3946,0.225,10.54,Unhealthy
0.3669,0.2634,10.55,Unhealthy
0.3807,0.225,10.56,Unhealthy
0.3669,0.2442,10.57,Unhealthy
0.353,0.225,10.58,Unhealthy
0.353,0.2058,10.59,Unhealthy
0.3253,0.2442,10.6,Unhealthy
0.3253,0.225,10.61,Unhealthy
0.3253,0.2442,10.62,Unhealthy
0.3253,0.2442,10.63,Unhealthy
0.3253,0.225,10.64,Unhealthy
0.2976,0.2442,10.65,Unhealthy
0.3253,0.225,10.66,Unhealthy
0.3253,0.225,10.67,Unhealthy
0.353,0.2058,10.68,Unhealthy
0.3946,0.2058,10.69,Unhealthy
0.4223,0.2442,10.7,Unhealthy
0.4639,0.225,10.71,Unhealthy
0.5054,0.2442,10.72,Unhealthy
0.547,0.2442,10.73,Unhealthy
0.5747,0.2442,10.74,Unhealthy
0.5747,0.2634,10.75,Unhealthy
0.5747,0.2634,10.76,Unhealthy
0.5747,0.2634,10.77,Unhealthy
0.5886,0.2634,10.78,Unhealthy
0.6024,0.2442,10.79,Unhealthy
0.5886,0.2826,10.8,Unhealthy
0.5886,0.2442,10.81,Unhealthy
0.5609,0.2634,10.82,Unhealthy
0.547,0.2442,10.83,Unhealthy
0.5331,0.2058,10.84,Unhealthy
0.4916,0.225,10.85,Unhealthy
0.4777,0.2058,10.86,Unhealthy
0.4362,0.1866,10.87,Unhealthy
0.4084,0.1674,10.88,Unhealthy
0.3946,0.129,10.89,Unhealthy
0.3392,0.129,10.9,Unhealthy
0.2976,0.0522,10.91,Unhealthy
0.2283,0.0138,10.92,Unhealthy
0.1868,0.0246,10.93,Unhealthy
0.1591,0.0822,10.94,Unhealthy
0.1175,0.0822,10.95,Unhealthy
0.1036,0.1589,10.96,Unhealthy
0.0621,0.1973,10.97,Unhealthy
0.0482,0.2357,10.98,Unhealthy
0.0344,0.2741,10.99,Unhealthy
0.0067,0.2741,11,Unhealthy
0.0067,0.2933,11.01,Unhealthy
0.0072,0.2741,11.02,Unhealthy
0.0211,0.2741,11.03,Unhealthy
0.0072,0.3317,11.04,Unhealthy
0.0211,0.3317,11.05,Unhealthy
0.0072,0.3509,11.06,Unhealthy
0.0211,0.3701,11.07,Unhealthy
0.0211,0.4277,11.08,Unhealthy
0.0072,0.5045,11.09,Unhealthy
0.0349,0.5045,11.1,Unhealthy
0.0488,0.5621,11.11,Unhealthy
0.0626,0.5621,11.12,Unhealthy
0.0626,0.6005,11.13,Unhealthy
0.0626,0.6389,11.14,Unhealthy
0.1042,0.6389,11.15,Unhealthy
0.0903,0.6197,11.16,Unhealthy
0.1042,0.5237,11.17,Unhealthy
0.0903,0.3893,11.18,Unhealthy
0.0903,0.2741,11.19,Unhealthy
0.118,0.1781,11.2,Unhealthy
0.1042,0.1589,11.21,Unhealthy
0.1042,0.1014,11.22,Unhealthy
0.1042,0.0822,11.23,Unhealthy
0.0903,0.0822,11.24,Unhealthy
0.118,0.0438,11.25,Unhealthy
0.1042,0.0822,11.26,Unhealthy
0.1042,0.1014,11.27,Unhealthy
0.1042,0.1206,11.28,Unhealthy
0.0903,0.2165,11.29,Unhealthy
0.1042,0.2741,11.3,Unhealthy
0.1042,0.3701,11.31,Unhealthy
0.118,0.4277,11.32,Unhealthy
0.1042,0.4661,11.33,Unhealthy
0.0903,0.4085,11.34,Unhealthy
0.1042,0.2549,11.35,Unhealthy
0.0765,0.1589,11.36,Unhealthy
0.0349,0.063,11.37,Unhealthy
0.0067,0.0138,11.38,Unhealthy
0.0482,0.0522,11.39,Unhealthy
0.0621,0.1098,11.4,Unhealthy
0.1036,0.0714,11.41,Unhealthy
0.1452,0.0906,11.42,Unhealthy
0.1868,0.0714,11.43,Unhealthy
0.256,0.0714,11.44,Unhealthy
0.2838,0.1098,11.45,Unhealthy
0.3392,0.1098,11.46,Unhealthy
0.3807,0.1482,11.47,Unhealthy
0.4223,0.129,11.48,Unhealthy
0.4639,0.1098,11.49,Unhealthy
0.4916,0.1482,11.5,Unhealthy
0.547,0.1482,11.51,Unhealthy
0.5609,0.1866,11.52,Unhealthy
0.6301,0.2058,11.53,Unhealthy
0.6855,0.1866,11.54,Unhealthy
0.7133,0.225,11.55,Unhealthy
0.7271,0.2442,11.56,Unhealthy
0.7133,0.2826,11.57,Unhealthy
0.7133,0.2634,11.58,Unhealthy
0.6994,0.2634,11.59,Unhealthy
0.6717,0.2826,11.6,Unhealthy
0.6717,0.3018,11.61,Unhealthy
0.6717,0.321,11.62,Unhealthy
0.6994,0.3018,11.63,Unhealthy
0.7548,0.3018,11.64,Unhealthy
0.7964,0.3402,11.65,Unhealthy
0.8241,0.3594,11.66,Unhealthy
0.838,0.3594,11.67,Unhealthy
0.838,0.3594,11.68,Unhealthy
0.8657,0.3594,11.69,Unhealthy
0.8518,0.3594,11.7,Unhealthy
0.8518,0.3402,11.71,Unhealthy
0.8518,0.3594,11.72,Unhealthy
0.8795,0.3594,11.73,Unhealthy
0.9211,0.3402,11.74,Unhealthy
0.9349,0.3594,11.75,Unhealthy
0.9349,0.3402,11.76,Unhealthy
0.9211,0.3594,11.77,Unhealthy
0.9072,0.3402,11.78,Unhealthy
0.8934,0.321,11.79,Unhealthy
0.8795,0.3402,11.8,Unhealthy
0.8934,0.321,11.81,Unhealthy
0.8795,0.3594,11.82,Unhealthy
0.8934,0.321,11.83,Unhealthy
0.9072,0.321,11.84,Unhealthy
0.8934,0.3402,11.85,Unhealthy
0.8934,0.3402,11.86,Unhealthy
0.8795,0.3594,11.87,Unhealthy
0.8657,0.3402,11.88,Unhealthy
0.8518,0.321,11.89,Unhealthy
0.8102,0.3402,11.9,Unhealthy
0.7687,0.3402,11.91,Unhealthy
0.6994,0.3594,11.92,Unhealthy
0.6578,0.3402,11.93,Unhealthy
0.5886,0.321,11.94,Unhealthy
0.45,0.3402,11.95,Unhealthy
0.2976,0.321,11.96,Unhealthy
0.1036,0.321,11.97,Unhealthy
0.0211,0.3018,11.98,Unhealthy
0.0626,0.2826,11.99,Unhealthy
0.1042,0.2826,12,Unhealthy
0.0903,0.2826,12.01,Unhealthy
0.1042,0.2826,12.02,Unhealthy
0.0903,0.2826,12.03,Unhealthy
0.0903,0.2826,12.04,Unhealthy
0.1042,0.3018,12.05,Unhealthy
0.0903,0.2826,12.06,Unhealthy
0.118,0.3018,12.07,Unhealthy
0.1042,0.3018,12.08,Unhealthy
0.1042,0.2826,12.09,Unhealthy
0.1042,0.3018,12.1,Unhealthy
0.1042,0.3018,12.11,Unhealthy
0.118,0.321,12.12,Unhealthy
0.1042,0.3018,12.13,Unhealthy
0.1042,0.2826,12.14,Unhealthy
0.1042,0.3018,12.15,Unhealthy
0.1042,0.2826,12.16,Unhealthy
0.118,0.321,12.17,Unhealthy
0.1042,0.2826,12.18,Unhealthy
0.0903,0.2826,12.19,Unhealthy
0.1042,0.3018,12.2,Unhealthy
0.1042,0.2826,12.21,Unhealthy
0.118,0.3018,12.22,Unhealthy
0.1042,0.3018,12.23,Unhealthy
0.0903,0.2826,12.24,Unhealthy
0.1042,0.3018,12.25,Unhealthy
0.0903,0.2826,12.26,Unhealthy
0.118,0.321,12.27,Unhealthy
0.1042,0.3018,12.28,Unhealthy
0.0903,0.2826,12.29,Unhealthy
0.1042,0.3018,12.3,Unhealthy
0.1042,0.3018,12.31,Unhealthy
0.118,0.3018,12.32,Unhealthy
0.1042,0.3018,12.33,Unhealthy
0.1042,0.2826,12.34,Unhealthy
0.1042,0.3018,12.35,Unhealthy
0.0903,0.2826,12.36,Unhealthy
0.118,0.3018,12.37,Unhealthy
0.1042,0.2826,12.38,Unhealthy
0.1042,0.2826,12.39,Unhealthy
0.118,0.3018,12.4,Unhealthy
0.1042,0.3018,12.41,Unhealthy
0.118,0.321,12.42,Unhealthy
0.1042,0.3018,12.43,Unhealthy
0.1042,0.2826,12.44,Unhealthy
0.118,0.3018,12.45,Unhealthy
0.1042,0.3018,12.46,Unhealthy
0.118,0.3018,12.47,Unhealthy
0.1042,0.3018,12.48,Unhealthy
0.1042,0.2826,12.49,Unhealthy
0.118,0.3018,12.5,Unhealthy
0.118,0.3018,12.51,Unhealthy
0.118,0.321,12.52,Unhealthy
0.1042,0.3018,12.53,Unhealthy
0.1042,0.2826,12.54,Unhealthy
0.118,0.3018,12.55,Unhealthy
0.0903,0.2826,12.56,Unhealthy
0.118,0.321,12.57,Unhealthy
0.118,0.3018,12.58,Unhealthy
0.1042,0.2826,12.59,Unhealthy
0.1042,0.3018,12.6,Unhealthy
0.1042,0.2826,12.61,Unhealthy
0.118,0.3018,12.62,Unhealthy
0.118,0.3018,12.63,Unhealthy
0.1042,0.2826,12.64,Unhealthy
0.118,0.3018,12.65,Unhealthy
0.1042,0.2826,12.66,Unhealthy
0.118,0.321,12.67,Unhealthy
0.118,0.3018,12.68,Unhealthy
0.1042,0.2826,12.69,Unhealthy
0.118,0.3018,12.7,Unhealthy
0.1042,0.2826,12.71,Unhealthy
0.118,0.3018,12.72,Unhealthy
0.118,0.3018,12.73,Unhealthy
0.1042,0.2826,12.74,Unhealthy
0.118,0.3018,12.75,Unhealthy
0.1042,0.3018,12.76,Unhealthy
0.1319,0.321,12.77,Unhealthy
0.118,0.3018,12.78,Unhealthy
0.118,0.3018,12.79,Unhealthy
0.118,0.3018,12.8,Unhealthy
0.1042,0.2826,12.81,Unhealthy
0.118,0.321,12.82,Unhealthy
0.118,0.3018,12.83,Unhealthy
0.1042,0.2826,12.84,Unhealthy
0.118,0.3018,12.85,Unhealthy
0.1042,0.2826,12.86,Unhealthy
0.118,0.321,12.87,Unhealthy
0.118,0.3018,12.88,Unhealthy
0.1042,0.2826,12.89,Unhealthy
0.118,0.3018,12.9,Unhealthy
0.1042,0.3018,12.91,Unhealthy
0.118,0.321,12.92,Unhealthy
0.118,0.3018,12.93,Unhealthy
0.1042,0.2826,12.94,Unhealthy
0.118,0.3018,12.95,Unhealthy
0.1042,0.2826,12.96,Unhealthy
0.1319,0.321,12.97,Unhealthy
0.118,0.3018,12.98,Unhealthy
0.1042,0.2826,12.99,Unhealthy
0.118,0.3018,13,Unhealthy
0.1042,0.2826,13.01,Unhealthy
0.118,0.321,13.02,Unhealthy
0.118,0.3018,13.03,Unhealthy
0.118,0.3018,13.04,Unhealthy
0.118,0.3018,13.05,Unhealthy
0.1042,0.2826,13.06,Unhealthy
0.1319,0.321,13.07,Unhealthy
0.118,0.3018,13.08,Unhealthy
0.118,0.2826,13.09,Unhealthy
0.118,0.3018,13.1,Unhealthy
0.118,0.2826,13.11,Unhealthy
0.1319,0.321,13.12,Unhealthy
0.118,0.3018,13.13,Unhealthy
0.1042,0.2826,13.14,Unhealthy
0.118,0.3018,13.15,Unhealthy
0.118,0.2826,13.16,Unhealthy
0.1319,0.321,13.17,Unhealthy
0.118,0.3018,13.18,Unhealthy
0.118,0.3018,13.19,Unhealthy
0.118,0.3018,13.2,Unhealthy
0.1042,0.3018,13.21,Unhealthy
0.118,0.3402,13.22,Unhealthy
0.118,0.3018,13.23,Unhealthy
0.118,0.3018,13.24,Unhealthy
0.118,0.3018,13.25,Unhealthy
0.1042,0.3018,13.26,Unhealthy
0.1319,0.321,13.27,Unhealthy
0.118,0.3018,13.28,Unhealthy
0.118,0.3018,13.29,Unhealthy
0.118,0.321,13.3,Unhealthy
0.118,0.2826,13.31,Unhealthy
0.118,0.321,13.32,Unhealthy
0.118,0.3018,13.33,Unhealthy
0.118,0.3018,13.34,Unhealthy
0.118,0.3018,13.35,Unhealthy
0.118,0.3018,13.36,Unhealthy
0.1319,0.321,13.37,Unhealthy
0.118,0.3018,13.38,Unhealthy
0.118,0.3018,13.39,Unhealthy
0.118,0.3018,13.4,Unhealthy
0.118,0.3018,13.41,Unhealthy
0.1319,0.321,13.42,Unhealthy
0.118,0.3018,13.43,Unhealthy
0.1319,0.321,13.44,Unhealthy
0.118,0.321,13.45,Unhealthy
0.118,0.2826,13.46,Unhealthy
0.1319,0.321,13.47,Unhealthy
0.118,0.3018,13.48,Unhealthy
0.118,0.321,13.49,Unhealthy
0.118,0.321,13.5,Unhealthy
0.118,0.3018,13.51,Unhealthy
0.118,0.3402,13.52,Unhealthy
0.118,0.321,13.53,Unhealthy
0.118,0.321,13.54,Unhealthy
0.118,0.321,13.55,Unhealthy
0.1042,0.321,13.56,Unhealthy
0.118,0.3402,13.57,Unhealthy
0.1042,0.3402,13.58,Unhealthy
0.118,0.3402,13.59,Unhealthy
0.118,0.321,13.6,Unhealthy
0.1042,0.321,13.61,Unhealthy
0.118,0.3402,13.62,Unhealthy
0.118,0.3402,13.63,Unhealthy
0.118,0.3402,13.64,Unhealthy
0.118,0.3402,13.65,Unhealthy
0.1042,0.321,13.66,Unhealthy
0.118,0.3402,13.67,Unhealthy
0.1042,0.3402,13.68,Unhealthy
0.1042,0.3402,13.69,Unhealthy
0.1042,0.3402,13.7,Unhealthy
0.0903,0.321,13.71,Unhealthy
0.1042,0.3402,13.72,Unhealthy
0.0903,0.3402,13.73,Unhealthy
0.1042,0.321,13.74,Unhealthy
0.1042,0.3402,13.75,Unhealthy
0.0903,0.321,13.76,Unhealthy
0.118,0.3402,13.77,Unhealthy
0.0903,0.3402,13.78,Unhealthy
0.1042,0.321,13.79,Unhealthy
0.0903,0.3402,13.8,Unhealthy
0.0765,0.3018,13.81,Unhealthy
0.1042,0.3594,13.82,Unhealthy
0.1042,0.3402,13.83,Unhealthy
0.0903,0.3402,13.84,Unhealthy
0.0903,0.3402,13.85,Unhealthy
0.0765,0.321,13.86,Unhealthy
0.1042,0.3402,13.87,Unhealthy
0.0903,0.3402,13.88,Unhealthy
0.0903,0.3402,13.89,Unhealthy
0.0903,0.3402,13.9,Unhealthy
0.0765,0.321,13.91,Unhealthy
0.1042,0.3402,13.92,Unhealthy
0.1042,0.3402,13.93,Unhealthy
0.1042,0.3402,13.94,Unhealthy
0.1042,0.3402,13.95,Unhealthy
0.0903,0.321,13.96,Unhealthy
0.1042,0.3594,13.97,Unhealthy
0.0903,0.3402,13.98,Unhealthy
0.0903,0.3402,13.99,Unhealthy
0.0903,0.3402,14,Unhealthy
0.0765,0.321,14.01,Unhealthy
0.0903,0.3594,14.02,Unhealthy
0.0903,0.3402,14.03,Unhealthy
0.0903,0.3594,14.04,Unhealthy
0.0765,0.3594,14.05,Unhealthy
0.0765,0.3402,14.06,Unhealthy
0.0903,0.3594,14.07,Unhealthy
0.0765,0.3594,14.08,Unhealthy
0.0765,0.3594,14.09,Unhealthy
0.0765,0.3594,14.1,Unhealthy
0.0626,0.3594,14.11,Unhealthy
0.0903,0.3786,14.12,Unhealthy
0.0765,0.3594,14.13,Unhealthy
0.0765,0.3594,14.14,Unhealthy
0.0765,0.3594,14.15,Unhealthy
0.0765,0.3594,14.16,Unhealthy
0.0903,0.3786,14.17,Unhealthy
0.0765,0.3594,14.18,Unhealthy
0.0765,0.3594,14.19,Unhealthy
0.0765,0.3594,14.2,Unhealthy
0.0765,0.3594,14.21,Unhealthy
0.0903,0.3786,14.22,Unhealthy
0.0903,0.3594,14.23,Unhealthy
0.0903,0.3594,14.24,Unhealthy
0.0903,0.3594,14.25,Unhealthy
0.0765,0.3594,14.26,Unhealthy
0.1042,0.3978,14.27,Unhealthy
0.0903,0.3786,14.28,Unhealthy
0.0903,0.3786,14.29,Unhealthy
0.0765,0.3978,14.3,Unhealthy
0.0765,0.3786,14.31,Unhealthy
0.0903,0.3978,14.32,Unhealthy
0.0765,0.3786,14.33,Unhealthy
0.0765,0.3786,14.34,Unhealthy
0.0765,0.3786,14.35,Unhealthy
0.0765,0.3786,14.36,Unhealthy
0.0903,0.3978,14.37,Unhealthy
0.0765,0.3786,14.38,Unhealthy
0.0903,0.3978,14.39,Unhealthy
0.0903,0.3786,14.4,Unhealthy
0.0765,0.3786,14.41,Unhealthy
0.1042,0.3978,14.42,Unhealthy
0.0903,0.3978,14.43,Unhealthy
0.0903,0.3786,14.44,Unhealthy
0.0903,0.3978,14.45,Unhealthy
0.0903,0.3594,14.46,Unhealthy
0.1042,0.3978,14.47,Unhealthy
0.1042,0.3786,14.48,Unhealthy
0.1042,0.3978,14.49,Unhealthy
0.1042,0.3786,14.5,Unhealthy
0.0903,0.3786,14.51,Unhealthy
0.1042,0.3978,14.52,Unhealthy
0.0903,0.3978,14.53,Unhealthy
0.0903,0.3978,14.54,Unhealthy
0.1042,0.3786,14.55,Unhealthy
0.0903,0.3594,14.56,Unhealthy
0.1042,0.3978,14.57,Unhealthy
0.0903,0.3786,14.58,Unhealthy
0.1042,0.3978,14.59,Unhealthy
0.0903,0.3786,14.6,Unhealthy
0.0903,0.3786,14.61,Unhealthy
0.118,0.3978,14.62,Unhealthy
0.1042,0.3786,14.63,Unhealthy
0.1042,0.3978,14.64,Unhealthy
0.1042,0.3786,14.65,Unhealthy
0.0903,0.3594,14.66,Unhealthy
0.1042,0.3978,14.67,Unhealthy
0.1042,0.3594,14.68,Unhealthy
0.1042,0.3594,14.69,Unhealthy
0.1042,0.3594,14.7,Unhealthy
0.1042,0.3402,14.71,Unhealthy
0.118,0.3594,14.72,Unhealthy
0.1042,0.3402,14.73,Unhealthy
0.0903,0.3402,14.74,Unhealthy
0.0903,0.3402,14.75,Unhealthy
0.0903,0.321,14.76,Unhealthy
0.1042,0.3594,14.77,Unhealthy
0.0903,0.3402,14.78,Unhealthy
0.0903,0.3402,14.79,Unhealthy
0.0903,0.321,14.8,Unhealthy
0.0903,0.321,14.81,Unhealthy
0.1042,0.3402,14.82,Unhealthy
0.1042,0.321,14.83,Unhealthy
0.118,0.3402,14.84,Unhealthy
0.1042,0.321,14.85,Unhealthy
0.1042,0.321,14.86,Unhealthy
0.118,0.3402,14.87,Unhealthy
0.118,0.321,14.88,Unhealthy
0.118,0.3402,14.89,Unhealthy
0.118,0.321,14.9,Unhealthy
0.1042,0.321,14.91,Unhealthy
0.118,0.3402,14.92,Unhealthy
0.118,0.321,14.93,Unhealthy
0.118,0.3402,14.94,Unhealthy
0.118,0.321,14.95,Unhealthy
0.1042,0.321,14.96,Unhealthy
0.1319,0.3402,14.97,Unhealthy
0.118,0.3402,14.98,Unhealthy
0.118,0.3402,14.99,Unhealthy
0.118,0.3402,15,Unhealthy
