F1,F2,t,Target
0.0005,0.0311,1.01,Unhealthy
0.0005,0.0003,1.02,Unhealthy
0.0005,0.0003,1.03,Unhealthy
0.0005,0.0003,1.04,Unhealthy
0.0005,0.0003,1.05,Unhealthy
0.0252,0.0311,1.06,Unhealthy
0.0005,0.0003,1.07,Unhealthy
0.0005,0.0003,1.08,Unhealthy
0.0005,0.0003,1.09,Unhealthy
0.0005,0.0003,1.1,Unhealthy
0.0252,0.0311,1.11,Unhealthy
0.0005,0.0003,1.12,Unhealthy
0.0005,0.0311,1.13,Unhealthy
0.0242,0.0305,1.14,Unhealthy
0.0005,0.0003,1.15,Unhealthy
0.0252,0.0311,1.16,Unhealthy
0.0005,0.0311,1.17,Unhealthy
0.0005,0.0311,1.18,Unhealthy
0.0005,0.0003,1.19,Unhealthy
0.0005,0.0003,1.2,Unhealthy
0.0005,0.0311,1.21,Unhealthy
0.0005,0.0003,1.22,Unhealthy
0.0005,0.0311,1.23,Unhealthy
0.0242,0.0003,1.24,Unhealthy
0.0005,0.0003,1.25,Unhealthy
0.0005,0.0311,1.26,Unhealthy
0.0005,0.0003,1.27,Unhealthy
0.0005,0.0003,1.28,Unhealthy
0.0242,0.0305,1.29,Unhealthy
0.0005,0.0003,1.3,Unhealthy
0.0252,0.0311,1.31,Unhealthy
0.0005,0.0003,1.32,Unhealthy
0.0005,0.0003,1.33,Unhealthy
0.0242,0.0305,1.34,Unhealthy
0.0005,0.0003,1.35,Unhealthy
0.0005,0.0311,1.36,Unhealthy
0.0242,0.0003,1.37,Unhealthy
0.0005,0.0003,1.38,Unhealthy
0.0242,0.0305,1.39,Unhealthy
0.0005,0.0003,1.4,Unhealthy
0.0005,0.0311,1.41,Unhealthy
0.0005,0.0311,1.42,Unhealthy
0.0005,0.0003,1.43,Unhealthy
0.0242,0.0003,1.44,Unhealthy
0.0005,0.0003,1.45,Unhealthy
0.0005,0.0311,1.46,Unhealthy
0.0005,0.0003,1.47,Unhealthy
0.0005,0.0311,1.48,Unhealthy
0.0242,0.0003,1.49,Unhealthy
0.0005,0.0003,1.5,Unhealthy
0.0005,0.0311,1.51,Unhealthy
0.0005,0.0003,1.52,Unhealthy
0.0005,0.0311,1.53,Unhealthy
0.0242,0.0003,1.54,Unhealthy
0.0005,0.0003,1.55,Unhealthy
0.0252,0.0311,1.56,Unhealthy
0.0005,0.0003,1.57,Unhealthy
0.0005,0.0311,1.58,Unhealthy
0.0242,0.0305,1.59,Unhealthy
0.0005,0.0311,1.6,Unhealthy
0.0005,0.0311,1.61,Unhealthy
0.0005,0.0003,1.62,Unhealthy
0.0005,0.0003,1.63,Unhealthy
0.0242,0.0305,1.64,Unhealthy
0.0005,0.0003,1.65,Unhealthy
0.0252,0.0311,1.66,Unhealthy
0.0005,0.0003,1.67,Unhealthy
0.0005,0.0003,1.68,Unhealthy
0.0242,0.0305,1.69,Unhealthy
0.0005,0.0003,1.7,Unhealthy
0.0005,0.0311,1.71,Unhealthy
0.0005,0.0003,1.72,Unhealthy
0.0005,0.0311,1.73,Unhealthy
0.0242,0.0305,1.74,Unhealthy
0.0005,0.0003,1.75,Unhealthy
0.0005,0.0311,1.76,Unhealthy
0.0005,0.0003,1.77,Unhealthy
0.0005,0.0003,1.78,Unhealthy
0.0242,0.0305,1.79,Unhealthy
0.0005,0.0003,1.8,Unhealthy
0.0005,0.0311,1.81,Unhealthy
0.0005,0.0003,1.82,Unhealthy
0.0005,0.0311,1.83,Unhealthy
0.0242,0.0003,1.84,Unhealthy
0.0005,0.0003,1.85,Unhealthy
0.0005,0.0311,1.86,Unhealthy
0.0005,0.0003,1.87,Unhealthy
0.0005,0.0003,1.88,Unhealthy
0.0242,0.0305,1.89,Unhealthy
0.0005,0.0003,1.9,Unhealthy
0.0005,0.0311,1.91,Unhealthy
0.0005,0.0003,1.92,Unhealthy
0.0005,0.0311,1.93,Unhealthy
0.0242,0.0305,1.94,Unhealthy
0.0005,0.0003,1.95,Unhealthy
0.0005,0.0311,1.96,Unhealthy
0.0005,0.0003,1.97,Unhealthy
0.0005,0.0311,1.98,Unhealthy
0.0242,0.0305,1.99,Unhealthy
0.0005,0.0003,2,Unhealthy
0.0005,0.0003,2.01,Unhealthy
0.0005,0.0003,2.02,Unhealthy
0.0005,0.0003,2.03,Unhealthy
0.0242,0.0305,2.04,Unhealthy
0.0005,0.0003,2.05,Unhealthy
0.0005,0.0003,2.06,Unhealthy
0.0005,0.0003,2.07,Unhealthy
0.0005,0.0003,2.08,Unhealthy
0.0242,0.0003,2.09,Unhealthy
0.0005,0.0003,2.1,Unhealthy
0.0005,0.0311,2.11,Unhealthy
0.0005,0.0003,2.12,Unhealthy
0.0005,0.0311,2.13,Unhealthy
0.0242,0.0003,2.14,Unhealthy
0.0242,0.0003,2.15,Unhealthy
0.0005,0.0311,2.16,Unhealthy
0.0005,0.0003,2.17,Unhealthy
0.0005,0.0311,2.18,Unhealthy
0.0242,0.0305,2.19,Unhealthy
0.0005,0.0003,2.2,Unhealthy
0.0005,0.0003,2.21,Unhealthy
0.0005,0.0003,2.22,Unhealthy
0.0005,0.0003,2.23,Unhealthy
0.0242,0.0305,2.24,Unhealthy
0.0242,0.0003,2.25,Unhealthy
0.0005,0.0311,2.26,Unhealthy
0.0005,0.0003,2.27,Unhealthy
0.0005,0.0311,2.28,Unhealthy
0.0242,0.0305,2.29,Unhealthy
0.0005,0.0311,2.3,Unhealthy
0.0005,0.0003,2.31,Unhealthy
0.0005,0.0003,2.32,Unhealthy
0.0005,0.0311,2.33,Unhealthy
0.0242,0.0305,2.34,Unhealthy
0.0005,0.0003,2.35,Unhealthy
0.0005,0.0311,2.36,Unhealthy
0.0005,0.0003,2.37,Unhealthy
0.0252,0.0311,2.38,Unhealthy
0.0242,0.0003,2.39,Unhealthy
0.0005,0.0003,2.4,Unhealthy
0.0005,0.0003,2.41,Unhealthy
0.0005,0.0003,2.42,Unhealthy
0.0005,0.0003,2.43,Unhealthy
0.0005,0.0003,2.44,Unhealthy
0.0005,0.0003,2.45,Unhealthy
0.0005,0.0003,2.46,Unhealthy
0.0005,0.0003,2.47,Unhealthy
0.0005,0.0311,2.48,Unhealthy
0.0005,0.0305,2.49,Unhealthy
0.0005,0.0003,2.5,Unhealthy
0.0005,0.0003,2.51,Unhealthy
0.0005,0.0003,2.52,Unhealthy
0.0005,0.0003,2.53,Unhealthy
0.0242,0.0305,2.54,Unhealthy
0.0005,0.0003,2.55,Unhealthy
0.0252,0.0311,2.56,Unhealthy
0.0005,0.0003,2.57,Unhealthy
0.0252,0.0003,2.58,Unhealthy
0.0242,0.0305,2.59,Unhealthy
0.0005,0.0003,2.6,Unhealthy
0.0005,0.0003,2.61,Unhealthy
0.0005,0.0003,2.62,Unhealthy
0.0005,0.0311,2.63,Unhealthy
0.0242,0.0003,2.64,Unhealthy
0.0005,0.0003,2.65,Unhealthy
0.0252,0.0003,2.66,Unhealthy
0.0005,0.0003,2.67,Unhealthy
0.0005,0.0003,2.68,Unhealthy
0.0242,0.0305,2.69,Unhealthy
0.0005,0.0003,2.7,Unhealthy
0.0005,0.0311,2.71,Unhealthy
0.0005,0.0003,2.72,Unhealthy
0.0252,0.0003,2.73,Unhealthy
0.0005,0.0305,2.74,Unhealthy
0.0005,0.0003,2.75,Unhealthy
0.0252,0.0311,2.76,Unhealthy
0.0005,0.0003,2.77,Unhealthy
0.0005,0.0003,2.78,Unhealthy
0.0242,0.0305,2.79,Unhealthy
0.0005,0.0003,2.8,Unhealthy
0.0005,0.0003,2.81,Unhealthy
0.0005,0.0003,2.82,Unhealthy
0.0005,0.0311,2.83,Unhealthy
0.0242,0.0305,2.84,Unhealthy
0.0005,0.0003,2.85,Unhealthy
0.0005,0.0003,2.86,Unhealthy
0.0005,0.0003,2.87,Unhealthy
0.0005,0.0311,2.88,Unhealthy
0.0005,0.0305,2.89,Unhealthy
0.0005,0.0003,2.9,Unhealthy
0.0252,0.0311,2.91,Unhealthy
0.0005,0.0003,2.92,Unhealthy
0.0005,0.0311,2.93,Unhealthy
0.0242,0.0003,2.94,Unhealthy
0.0005,0.0003,2.95,Unhealthy
0.0005,0.0003,2.96,Unhealthy
0.0005,0.0003,2.97,Unhealthy
0.0005,0.0311,2.98,Unhealthy
0.0242,0.0305,2.99,Unhealthy
0.0005,0.0003,3,Unhealthy
0.0005,0.0003,3.01,Unhealthy
0.0005,0.0003,3.02,Unhealthy
0.0005,0.0311,3.03,Unhealthy
0.0242,0.0305,3.04,Unhealthy
0.0005,0.0003,3.05,Unhealthy
0.0005,0.0003,3.06,Unhealthy
0.0005,0.0003,3.07,Unhealthy
0.0005,0.0003,3.08,Unhealthy
0.0242,0.0305,3.09,Unhealthy
0.0005,0.0003,3.1,Unhealthy
0.0005,0.0003,3.11,Unhealthy
0.0005,0.0003,3.12,Unhealthy
0.0005,0.0311,3.13,Unhealthy
0.0242,0.0003,3.14,Unhealthy
0.0005,0.0003,3.15,Unhealthy
0.0252,0.0311,3.16,Unhealthy
0.0005,0.0003,3.17,Unhealthy
0.0252,0.0003,3.18,Unhealthy
0.0242,0.0305,3.19,Unhealthy
0.0005,0.0003,3.2,Unhealthy
0.0005,0.0003,3.21,Unhealthy
0.0005,0.0003,3.22,Unhealthy
0.0252,0.0311,3.23,Unhealthy
0.0242,0.0305,3.24,Unhealthy
0.0005,0.0003,3.25,Unhealthy
0.0005,0.0003,3.26,Unhealthy
0.0005,0.0003,3.27,Unhealthy
0.0252,0.0003,3.28,Unhealthy
0.0242,0.0305,3.29,Unhealthy
0.0005,0.0003,3.3,Unhealthy
0.0005,0.0311,3.31,Unhealthy
0.0005,0.0003,3.32,Unhealthy
0.0005,0.0311,3.33,Unhealthy
0.0242,0.0305,3.34,Unhealthy
0.0005,0.0003,3.35,Unhealthy
0.0005,0.0003,3.36,Unhealthy
0.0005,0.0003,3.37,Unhealthy
0.0252,0.0311,3.38,Unhealthy
0.0242,0.0305,3.39,Unhealthy
0.0005,0.0003,3.4,Unhealthy
0.0005,0.0003,3.41,Unhealthy
0.0005,0.0003,3.42,Unhealthy
0.0005,0.0311,3.43,Unhealthy
0.0005,0.0305,3.44,Unhealthy
0.0005,0.0003,3.45,Unhealthy
0.0005,0.0003,3.46,Unhealthy
0.0005,0.0003,3.47,Unhealthy
0.0252,0.0311,3.48,Unhealthy
0.0005,0.0305,3.49,Unhealthy
0.0005,0.0003,3.5,Unhealthy
0.0005,0.0003,3.51,Unhealthy
0.0005,0.0003,3.52,Unhealthy
0.0005,0.0311,3.53,Unhealthy
0.0242,0.0305,3.54,Unhealthy
0.0005,0.0003,3.55,Unhealthy
0.0005,0.0003,3.56,Unhealthy
0.0005,0.0305,3.57,Unhealthy
0.0005,0.0003,3.58,Unhealthy
0.0242,0.0305,3.59,Unhealthy
0.0005,0.0003,3.6,Unhealthy
0.0005,0.0003,3.61,Unhealthy
0.0005,0.0003,3.62,Unhealthy
0.0005,0.0311,3.63,Unhealthy
0.0005,0.0305,3.64,Unhealthy
0.0005,0.0003,3.65,Unhealthy
0.0005,0.0003,3.66,Unhealthy
0.0005,0.0003,3.67,Unhealthy
0.0005,0.0311,3.68,Unhealthy
0.0242,0.0305,3.69,Unhealthy
0.0005,0.0003,3.7,Unhealthy
0.0005,0.0003,3.71,Unhealthy
0.0005,0.0003,3.72,Unhealthy
0.0252,0.0003,3.73,Unhealthy
0.0242,0.0305,3.74,Unhealthy
0.0005,0.0003,3.75,Unhealthy
0.0005,0.0003,3.76,Unhealthy
0.0005,0.0003,3.77,Unhealthy
0.0005,0.0311,3.78,Unhealthy
0.0242,0.0305,3.79,Unhealthy
0.0005,0.0003,3.8,Unhealthy
0.0005,0.0003,3.81,Unhealthy
0.0005,0.0003,3.82,Unhealthy
0.0252,0.0003,3.83,Unhealthy
0.0242,0.0305,3.84,Unhealthy
0.0005,0.0003,3.85,Unhealthy
0.0005,0.0003,3.86,Unhealthy
0.0005,0.0003,3.87,Unhealthy
0.0005,0.0003,3.88,Unhealthy
0.0242,0.0305,3.89,Unhealthy
0.0005,0.0003,3.9,Unhealthy
0.0005,0.0003,3.91,Unhealthy
0.0005,0.0003,3.92,Unhealthy
0.0005,0.0311,3.93,Unhealthy
0.0242,0.0305,3.94,Unhealthy
0.0005,0.0003,3.95,Unhealthy
0.0005,0.0003,3.96,Unhealthy
0.0005,0.0003,3.97,Unhealthy
0.0252,0.0003,3.98,Unhealthy
0.0242,0.0305,3.99,Unhealthy
0.0005,0.0003,4,Unhealthy
0.0005,0.0003,4.01,Unhealthy
0.0005,0.0003,4.02,Unhealthy
0.0252,0.0311,4.03,Unhealthy
0.0242,0.0305,4.04,Unhealthy
0.0005,0.0003,4.05,Unhealthy
0.0005,0.0003,4.06,Unhealthy
0.0005,0.0003,4.07,Unhealthy
0.0252,0.0003,4.08,Unhealthy
0.0242,0.0305,4.09,Unhealthy
0.0005,0.0003,4.1,Unhealthy
0.0005,0.0003,4.11,Unhealthy
0.0005,0.0003,4.12,Unhealthy
0.0005,0.0311,4.13,Unhealthy
0.0242,0.0305,4.14,Unhealthy
0.0005,0.0003,4.15,Unhealthy
0.0005,0.0003,4.16,Unhealthy
0.0005,0.0003,4.17,Unhealthy
0.0252,0.0311,4.18,Unhealthy
0.0242,0.0305,4.19,Unhealthy
0.0005,0.0003,4.2,Unhealthy
0.0005,0.0003,4.21,Unhealthy
0.0005,0.0003,4.22,Unhealthy
0.0252,0.0311,4.23,Unhealthy
0.0005,0.0305,4.24,Unhealthy
0.0005,0.0003,4.25,Unhealthy
0.0005,0.0003,4.26,Unhealthy
0.0252,0.0003,4.27,Unhealthy
0.0252,0.0003,4.28,Unhealthy
0.0005,0.0305,4.29,Unhealthy
0.0252,0.0003,4.3,Unhealthy
0.0005,0.0003,4.31,Unhealthy
0.0005,0.0003,4.32,Unhealthy
0.0252,0.0003,4.33,Unhealthy
0.0242,0.0613,4.34,Unhealthy
0.0005,0.0613,4.35,Unhealthy
0.0005,0.0613,4.36,Unhealthy
0.0005,0.0613,4.37,Unhealthy
0.0252,0.0305,4.38,Unhealthy
0.0005,0.0613,4.39,Unhealthy
0.0005,0.0613,4.4,Unhealthy
0.0005,0.0613,4.41,Unhealthy
0.0252,0.0613,4.42,Unhealthy
0.0252,0.0305,4.43,Unhealthy
0.0005,0.0613,4.44,Unhealthy
0.0252,0.0613,4.45,Unhealthy
0.0252,0.0921,4.46,Unhealthy
0.0499,0.0613,4.47,Unhealthy
0.0499,0.0305,4.48,Unhealthy
0.0252,0.0613,4.49,Unhealthy
0.0252,0.0613,4.5,Unhealthy
0.0499,0.0613,4.51,Unhealthy
0.0005,0.0613,4.52,Unhealthy
0.0252,0.0305,4.53,Unhealthy
0.0005,0.0921,4.54,Unhealthy
0.0005,0.0613,4.55,Unhealthy
0.0252,0.0613,4.56,Unhealthy
0.0252,0.0613,4.57,Unhealthy
0.0252,0.0613,4.58,Unhealthy
0.0005,0.0921,4.59,Unhealthy
0.0005,0.0613,4.6,Unhealthy
0.0005,0.0613,4.61,Unhealthy
0.0252,0.0613,4.62,Unhealthy
0.0499,0.0305,4.63,Unhealthy
0.0005,0.0921,4.64,Unhealthy
0.0499,0.0613,4.65,Unhealthy
0.0499,0.0613,4.66,Unhealthy
0.0499,0.0613,4.67,Unhealthy
0.0499,0.0305,4.68,Unhealthy
0.0252,0.0921,4.69,Unhealthy
0.0499,0.0613,4.7,Unhealthy
0.0499,0.0921,4.71,Unhealthy
0.0499,0.0613,4.72,Unhealthy
0.0746,0.0613,4.73,Unhealthy
0.0499,0.0921,4.74,Unhealthy
0.0746,0.0921,4.75,Unhealthy
0.0746,0.0921,4.76,Unhealthy
0.0746,0.0921,4.77,Unhealthy
0.0746,0.0613,4.78,Unhealthy
0.0499,0.1229,4.79,Unhealthy
0.0499,0.0921,4.8,Unhealthy
0.0252,0.0921,4.81,Unhealthy
0.0252,0.0921,4.82,Unhealthy
0.0252,0.0921,4.83,Unhealthy
0.0242,0.1229,4.84,Unhealthy
0.0005,0.1229,4.85,Unhealthy
0.0242,0.1229,4.86,Unhealthy
0.0489,0.1229,4.87,Unhealthy
0.0489,0.0921,4.88,Unhealthy
0.0736,0.1537,4.89,Unhealthy
0.0489,0.0921,4.9,Unhealthy
0.0736,0.1229,4.91,Unhealthy
0.0736,0.1229,4.92,Unhealthy
0.0489,0.0921,4.93,Unhealthy
0.0736,0.1537,4.94,Unhealthy
0.0736,0.1229,4.95,Unhealthy
0.0736,0.1537,4.96,Unhealthy
0.0736,0.1229,4.97,Unhealthy
0.0489,0.1229,4.98,Unhealthy
0.0736,0.1537,4.99,Unhealthy
0.0489,0.1537,5,Unhealthy
0.0242,0.1537,5.01,Unhealthy
0.0005,0.1537,5.02,Unhealthy
0.0252,0.1229,5.03,Unhealthy
0.0005,0.1845,5.04,Unhealthy
0.0005,0.1537,5.05,Unhealthy
0.0005,0.1537,5.06,Unhealthy
0.0005,0.1537,5.07,Unhealthy
0.0499,0.1229,5.08,Unhealthy
0.0005,0.1845,5.09,Unhealthy
0.0499,0.1537,5.1,Unhealthy
0.0499,0.1537,5.11,Unhealthy
0.0499,0.1229,5.12,Unhealthy
0.0499,0.0921,5.13,Unhealthy
0.0005,0.1229,5.14,Unhealthy
0.0005,0.0921,5.15,Unhealthy
0.0005,0.0921,5.16,Unhealthy
0.0005,0.0921,5.17,Unhealthy
0.0005,0.0921,5.18,Unhealthy
0.0242,0.1229,5.19,Unhealthy
0.0005,0.0921,5.2,Unhealthy
0.0242,0.0921,5.21,Unhealthy
0.0005,0.0921,5.22,Unhealthy
0.0005,0.0613,5.23,Unhealthy
0.0242,0.0921,5.24,Unhealthy
0.0005,0.0613,5.25,Unhealthy
0.0005,0.0921,5.26,Unhealthy
0.0005,0.0613,5.27,Unhealthy
0.0005,0.0613,5.28,Unhealthy
0.0242,0.0921,5.29,Unhealthy
0.0242,0.0921,5.3,Unhealthy
0.0242,0.0921,5.31,Unhealthy
0.0242,0.0921,5.32,Unhealthy
0.0005,0.0613,5.33,Unhealthy
0.0242,0.0921,5.34,Unhealthy
0.0242,0.0613,5.35,Unhealthy
0.0242,0.0921,5.36,Unhealthy
0.0005,0.0921,5.37,Unhealthy
0.0005,0.0613,5.38,Unhealthy
0.0242,0.0921,5.39,Unhealthy
0.0005,0.0921,5.4,Unhealthy
0.0242,0.0921,5.41,Unhealthy
0.0242,0.0921,5.42,Unhealthy
0.0005,0.0613,5.43,Unhealthy
0.0242,0.0921,5.44,Unhealthy
0.0242,0.0921,5.45,Unhealthy
0.0242,0.0921,5.46,Unhealthy
0.0242,0.0921,5.47,Unhealthy
0.0005,0.0921,5.48,Unhealthy
0.0242,0.0921,5.49,Unhealthy
0.0005,0.0921,5.5,Unhealthy
0.0242,0.0921,5.51,Unhealthy
0.0242,0.0921,5.52,Unhealthy
0.0005,0.0613,5.53,Unhealthy
0.0242,0.0921,5.54,Unhealthy
0.0242,0.0921,5.55,Unhealthy
0.0242,0.0921,5.56,Unhealthy
0.0242,0.0921,5.57,Unhealthy
0.0005,0.0613,5.58,Unhealthy
0.0242,0.0921,5.59,Unhealthy
0.0005,0.0921,5.6,Unhealthy
0.0242,0.0921,5.61,Unhealthy
0.0005,0.0921,5.62,Unhealthy
0.0005,0.0613,5.63,Unhealthy
0.0242,0.0921,5.64,Unhealthy
0.0242,0.0921,5.65,Unhealthy
0.0242,0.0921,5.66,Unhealthy
0.0242,0.0613,5.67,Unhealthy
0.0242,0.0613,5.68,Unhealthy
0.0489,0.0921,5.69,Unhealthy
0.0489,0.0613,5.7,Unhealthy
0.0242,0.0613,5.71,Unhealthy
0.0005,0.0613,5.72,Unhealthy
0.0252,0.0613,5.73,Unhealthy
0.0005,0.0921,5.74,Unhealthy
0.0252,0.0921,5.75,Unhealthy
0.0252,0.0921,5.76,Unhealthy
0.0252,0.0921,5.77,Unhealthy
0.0252,0.0613,5.78,Unhealthy
0.0005,0.0921,5.79,Unhealthy
0.0252,0.0921,5.8,Unhealthy
0.0252,0.0921,5.81,Unhealthy
0.0499,0.0921,5.82,Unhealthy
0.0499,0.0613,5.83,Unhealthy
0.0005,0.0921,5.84,Unhealthy
0.0252,0.0921,5.85,Unhealthy
0.0005,0.0921,5.86,Unhealthy
0.0252,0.0921,5.87,Unhealthy
0.0499,0.0613,5.88,Unhealthy
0.0005,0.1229,5.89,Unhealthy
0.0252,0.0921,5.9,Unhealthy
0.0252,0.0921,5.91,Unhealthy
0.0252,0.0921,5.92,Unhealthy
0.0499,0.0613,5.93,Unhealthy
0.0005,0.1229,5.94,Unhealthy
0.0252,0.0921,5.95,Unhealthy
0.0005,0.0921,5.96,Unhealthy
0.0252,0.0921,5.97,Unhealthy
0.0499,0.0921,5.98,Unhealthy
0.0005,0.1229,5.99,Unhealthy
0.0252,0.1229,6,Unhealthy
0.0005,0.1537,6.01,Unhealthy
0.0005,0.1229,6.02,Unhealthy
0.0252,0.0921,6.03,Unhealthy
0.0005,0.1229,6.04,Unhealthy
0.0005,0.0921,6.05,Unhealthy
0.0005,0.0921,6.06,Unhealthy
0.0252,0.0921,6.07,Unhealthy
0.0499,0.0921,6.08,Unhealthy
0.0252,0.1229,6.09,Unhealthy
0.0499,0.0921,6.1,Unhealthy
0.0252,0.0921,6.11,Unhealthy
0.0499,0.0921,6.12,Unhealthy
0.0746,0.0921,6.13,Unhealthy
0.0252,0.1537,6.14,Unhealthy
0.0499,0.1229,6.15,Unhealthy
0.0499,0.1229,6.16,Unhealthy
0.0499,0.0921,6.17,Unhealthy
0.0746,0.0921,6.18,Unhealthy
0.0499,0.1537,6.19,Unhealthy
0.0746,0.0921,6.2,Unhealthy
0.0746,0.1229,6.21,Unhealthy
0.0746,0.0921,6.22,Unhealthy
0.0993,0.0921,6.23,Unhealthy
0.0746,0.1229,6.24,Unhealthy
0.0746,0.0921,6.25,Unhealthy
0.0746,0.1229,6.26,Unhealthy
0.0746,0.0921,6.27,Unhealthy
0.0993,0.0921,6.28,Unhealthy
0.0746,0.1229,6.29,Unhealthy
0.0993,0.0921,6.3,Unhealthy
0.0993,0.0921,6.31,Unhealthy
0.124,0.0921,6.32,Unhealthy
0.1487,0.0613,6.33,Unhealthy
0.0993,0.1229,6.34,Unhealthy
0.124,0.0921,6.35,Unhealthy
0.0993,0.0921,6.36,Unhealthy
0.124,0.0613,6.37,Unhealthy
0.124,0.0305,6.38,Unhealthy
0.0993,0.0613,6.39,Unhealthy
0.124,0.0305,6.4,Unhealthy
0.1487,0.0305,6.41,Unhealthy
0.1487,0.0003,6.42,Unhealthy
0.1981,0.0311,6.43,Unhealthy
0.1734,0.0003,6.44,Unhealthy
0.1981,0.0311,6.45,Unhealthy
0.2228,0.0311,6.46,Unhealthy
0.2476,0.0619,6.47,Unhealthy
0.2476,0.0619,6.48,Unhealthy
0.2476,0.0311,6.49,Unhealthy
0.2723,0.0619,6.5,Unhealthy
0.2723,0.0619,6.51,Unhealthy
0.297,0.0619,6.52,Unhealthy
0.297,0.0927,6.53,Unhealthy
0.2723,0.0619,6.54,Unhealthy
0.297,0.0927,6.55,Unhealthy
0.297,0.0927,6.56,Unhealthy
0.297,0.0927,6.57,Unhealthy
0.3217,0.1235,6.58,Unhealthy
0.2723,0.0927,6.59,Unhealthy
0.297,0.0927,6.6,Unhealthy
0.2723,0.0927,6.61,Unhealthy
0.297,0.0927,6.62,Unhealthy
0.297,0.1235,6.63,Unhealthy
0.2723,0.0619,6.64,Unhealthy
0.2723,0.0927,6.65,Unhealthy
0.2476,0.0927,6.66,Unhealthy
0.2476,0.0927,6.67,Unhealthy
0.2476,0.0927,6.68,Unhealthy
0.1981,0.0619,6.69,Unhealthy
0.2228,0.0927,6.7,Unhealthy
0.1981,0.0927,6.71,Unhealthy
0.1981,0.1235,6.72,Unhealthy
0.1981,0.1235,6.73,Unhealthy
0.1487,0.0619,6.74,Unhealthy
0.1487,0.0619,6.75,Unhealthy
0.1487,0.0619,6.76,Unhealthy
0.1487,0.0619,6.77,Unhealthy
0.1734,0.0927,6.78,Unhealthy
0.1487,0.0619,6.79,Unhealthy
0.1487,0.0927,6.8,Unhealthy
0.1487,0.0927,6.81,Unhealthy
0.1487,0.0619,6.82,Unhealthy
0.1487,0.0927,6.83,Unhealthy
0.1487,0.0311,6.84,Unhealthy
0.1487,0.0619,6.85,Unhealthy
0.124,0.0311,6.86,Unhealthy
0.124,0.0311,6.87,Unhealthy
0.1487,0.0311,6.88,Unhealthy
0.124,0.0311,6.89,Unhealthy
0.124,0.0311,6.9,Unhealthy
0.124,0.0003,6.91,Unhealthy
0.124,0.0311,6.92,Unhealthy
0.1487,0.0311,6.93,Unhealthy
0.124,0.0311,6.94,Unhealthy
0.1487,0.0311,6.95,Unhealthy
0.124,0.0311,6.96,Unhealthy
0.1487,0.0311,6.97,Unhealthy
0.1734,0.0619,6.98,Unhealthy
0.1487,0.0003,6.99,Unhealthy
0.1734,0.0311,7,Unhealthy
0.1487,0.0311,7.01,Unhealthy
0.1734,0.0311,7.02,Unhealthy
0.1734,0.0311,7.03,Unhealthy
0.1487,0.0311,7.04,Unhealthy
0.1981,0.0619,7.05,Unhealthy
0.1981,0.0619,7.06,Unhealthy
0.2228,0.0619,7.07,Unhealthy
0.2476,0.0619,7.08,Unhealthy
0.2476,0.0311,7.09,Unhealthy
0.2723,0.0311,7.1,Unhealthy
0.2723,0.0311,7.11,Unhealthy
0.297,0.0311,7.12,Unhealthy
0.3217,0.0311,7.13,Unhealthy
0.3217,0.0003,7.14,Unhealthy
0.3464,0.0003,7.15,Unhealthy
0.3711,0.0305,7.16,Unhealthy
0.3958,0.0305,7.17,Unhealthy
0.4452,0.0305,7.18,Unhealthy
0.4699,0.0613,7.19,Unhealthy
0.4699,0.0305,7.2,Unhealthy
0.4699,0.0613,7.21,Unhealthy
0.4699,0.0305,7.22,Unhealthy
0.4946,0.0003,7.23,Unhealthy
0.4699,0.0305,7.24,Unhealthy
0.4946,0.0003,7.25,Unhealthy
0.4946,0.0003,7.26,Unhealthy
0.544,0.0311,7.27,Unhealthy
0.5687,0.0311,7.28,Unhealthy
0.544,0.0003,7.29,Unhealthy
0.5687,0.0003,7.3,Unhealthy
0.5687,0.0003,7.31,Unhealthy
0.544,0.0311,7.32,Unhealthy
0.5687,0.0619,7.33,Unhealthy
0.5687,0.0619,7.34,Unhealthy
0.6181,0.0927,7.35,Unhealthy
0.6181,0.0619,7.36,Unhealthy
0.6428,0.0927,7.37,Unhealthy
0.6428,0.0927,7.38,Unhealthy
0.6181,0.0311,7.39,Unhealthy
0.6428,0.0311,7.4,Unhealthy
0.6181,0.0311,7.41,Unhealthy
0.6181,0.0311,7.42,Unhealthy
0.6428,0.0311,7.43,Unhealthy
0.6428,0.0305,7.44,Unhealthy
0.6923,0.0003,7.45,Unhealthy
0.717,0.0305,7.46,Unhealthy
0.7417,0.0003,7.47,Unhealthy
0.7664,0.0003,7.48,Unhealthy
0.717,0.0003,7.49,Unhealthy
0.6923,0.0003,7.5,Unhealthy
0.6428,0.0003,7.51,Unhealthy
0.6428,0.0311,7.52,Unhealthy
0.6675,0.0311,7.53,Unhealthy
0.6428,0.0003,7.54,Unhealthy
0.6923,0.0311,7.55,Unhealthy
0.6675,0.0003,7.56,Unhealthy
0.6428,0.0311,7.57,Unhealthy
0.6428,0.0311,7.58,Unhealthy
0.5934,0.0311,7.59,Unhealthy
0.6181,0.0311,7.6,Unhealthy
0.5934,0.0311,7.61,Unhealthy
0.6181,0.0311,7.62,Unhealthy
0.6428,0.0619,7.63,Unhealthy
0.6181,0.0311,7.64,Unhealthy
0.6675,0.0311,7.65,Unhealthy
0.6675,0.0003,7.66,Unhealthy
0.6675,0.0311,7.67,Unhealthy
0.6923,0.0311,7.68,Unhealthy
0.6675,0.0003,7.69,Unhealthy
0.6923,0.0003,7.7,Unhealthy
0.6675,0.0305,7.71,Unhealthy
0.6923,0.0305,7.72,Unhealthy
0.717,0.0003,7.73,Unhealthy
0.6923,0.0613,7.74,Unhealthy
0.6923,0.0305,7.75,Unhealthy
0.6675,0.0921,7.76,Unhealthy
0.6675,0.0613,7.77,Unhealthy
0.6923,0.0613,7.78,Unhealthy
0.6428,0.1229,7.79,Unhealthy
0.6428,0.0921,7.8,Unhealthy
0.5934,0.1229,7.81,Unhealthy
0.5934,0.1229,7.82,Unhealthy
0.5934,0.0921,7.83,Unhealthy
0.5934,0.1537,7.84,Unhealthy
0.5934,0.1537,7.85,Unhealthy
0.5934,0.1537,7.86,Unhealthy
0.5934,0.1537,7.87,Unhealthy
0.5934,0.1537,7.88,Unhealthy
0.5687,0.1845,7.89,Unhealthy
0.544,0.1845,7.9,Unhealthy
0.4699,0.2153,7.91,Unhealthy
0.4946,0.1845,7.92,Unhealthy
0.4946,0.1537,7.93,Unhealthy
0.4699,0.2153,7.94,Unhealthy
0.4452,0.1845,7.95,Unhealthy
0.3958,0.2153,7.96,Unhealthy
0.3958,0.2153,7.97,Unhealthy
0.4205,0.1845,7.98,Unhealthy
0.3711,0.2153,7.99,Unhealthy
0.3958,0.2153,8,Unhealthy
0.3217,0.2153,8.01,Unhealthy
0.297,0.2153,8.02,Unhealthy
0.2723,0.1845,8.03,Unhealthy
0.2228,0.1845,8.04,Unhealthy
0.2228,0.1845,8.05,Unhealthy
0.1981,0.2153,8.06,Unhealthy
0.2476,0.1845,8.07,Unhealthy
0.2723,0.1229,8.08,Unhealthy
0.2723,0.1229,8.09,Unhealthy
0.2723,0.0613,8.1,Unhealthy
0.2476,0.0613,8.11,Unhealthy
0.2476,0.0003,8.12,Unhealthy
0.2723,0.0619,8.13,Unhealthy
0.2476,0.0927,8.14,Unhealthy
0.2476,0.1851,8.15,Unhealthy
0.2476,0.2467,8.16,Unhealthy
0.2476,0.3083,8.17,Unhealthy
0.2476,0.3699,8.18,Unhealthy
0.2476,0.4007,8.19,Unhealthy
0.2476,0.4623,8.2,Unhealthy
0.2228,0.4931,8.21,Unhealthy
0.2476,0.5855,8.22,Unhealthy
0.2723,0.6779,8.23,Unhealthy
0.2476,0.6779,8.24,Unhealthy
0.3217,0.7702,8.25,Unhealthy
0.3464,0.7702,8.26,Unhealthy
0.4205,0.8318,8.27,Unhealthy
0.4699,0.9242,8.28,Unhealthy
0.4699,0.9858,8.29,Unhealthy
0.5193,1.0474,8.3,Unhealthy
0.544,1.0782,8.31,Unhealthy
0.5934,1.1398,8.32,Unhealthy
0.6428,1.1706,8.33,Unhealthy
0.6428,1.1398,8.34,Unhealthy
0.6428,1.1398,8.35,Unhealthy
0.6428,1.1398,8.36,Unhealthy
0.717,1.2322,8.37,Unhealthy
0.7911,1.263,8.38,Unhealthy
0.8405,1.263,8.39,Unhealthy
0.8899,1.263,8.4,Unhealthy
0.9146,1.2014,8.41,Unhealthy
0.964,1.1706,8.42,Unhealthy
0.9887,1.1706,8.43,Unhealthy
0.9887,1.1398,8.44,Unhealthy
1.0134,1.1398,8.45,Unhealthy
0.9887,1.0782,8.46,Unhealthy
1.0381,1.109,8.47,Unhealthy
1.0628,1.0782,8.48,Unhealthy
1.0381,0.9858,8.49,Unhealthy
1.0628,0.955,8.5,Unhealthy
1.0875,0.8934,8.51,Unhealthy
1.1122,0.8318,8.52,Unhealthy
1.137,0.8318,8.53,Unhealthy
1.1617,0.7702,8.54,Unhealthy
1.1864,0.7702,8.55,Unhealthy
1.1864,0.7702,8.56,Unhealthy
1.2358,0.7702,8.57,Unhealthy
1.2605,0.7702,8.58,Unhealthy
1.2605,0.6779,8.59,Unhealthy
1.2852,0.6471,8.6,Unhealthy
1.2605,0.5855,8.61,Unhealthy
1.2358,0.5547,8.62,Unhealthy
1.1864,0.5239,8.63,Unhealthy
1.1122,0.4315,8.64,Unhealthy
1.0628,0.4007,8.65,Unhealthy
0.964,0.3391,8.66,Unhealthy
0.9146,0.3391,8.67,Unhealthy
0.8158,0.3083,8.68,Unhealthy
0.717,0.2775,8.69,Unhealthy
0.6181,0.2467,8.7,Unhealthy
0.4946,0.1851,8.71,Unhealthy
0.4452,0.1851,8.72,Unhealthy
0.3958,0.1851,8.73,Unhealthy
0.3464,0.1543,8.74,Unhealthy
0.3217,0.1543,8.75,Unhealthy
0.2723,0.0927,8.76,Unhealthy
0.2723,0.1235,8.77,Unhealthy
0.2723,0.0927,8.78,Unhealthy
0.2476,0.0927,8.79,Unhealthy
0.2476,0.0927,8.8,Unhealthy
0.1981,0.0311,8.81,Unhealthy
0.2228,0.0311,8.82,Unhealthy
0.2476,0.0619,8.83,Unhealthy
0.2228,0.0003,8.84,Unhealthy
0.2228,0.0003,8.85,Unhealthy
0.1981,0.0305,8.86,Unhealthy
0.1981,0.0003,8.87,Unhealthy
0.2228,0.0003,8.88,Unhealthy
0.1981,0.0305,8.89,Unhealthy
0.1981,0.0003,8.9,Unhealthy
0.1734,0.0613,8.91,Unhealthy
0.1734,0.0305,8.92,Unhealthy
0.1734,0.0305,8.93,Unhealthy
0.1487,0.0305,8.94,Unhealthy
0.1487,0.0305,8.95,Unhealthy
0.0993,0.0613,8.96,Unhealthy
0.124,0.0305,8.97,Unhealthy
0.124,0.0305,8.98,Unhealthy
0.0993,0.0613,8.99,Unhealthy
0.124,0.0305,9,Unhealthy
0.0746,0.0921,9.01,Unhealthy
0.0746,0.0613,9.02,Unhealthy
0.0993,0.0305,9.03,Unhealthy
0.0746,0.0613,9.04,Unhealthy
0.0746,0.0613,9.05,Unhealthy
0.0499,0.0921,9.06,Unhealthy
0.0746,0.0613,9.07,Unhealthy
0.0746,0.0305,9.08,Unhealthy
0.0746,0.0921,9.09,Unhealthy
0.0746,0.0613,9.1,Unhealthy
0.0499,0.0921,9.11,Unhealthy
0.0746,0.0921,9.12,Unhealthy
0.0746,0.0613,9.13,Unhealthy
0.0746,0.0921,9.14,Unhealthy
0.0746,0.0613,9.15,Unhealthy
0.0499,0.0921,9.16,Unhealthy
0.0746,0.0921,9.17,Unhealthy
0.0746,0.0921,9.18,Unhealthy
0.0746,0.0921,9.19,Unhealthy
0.0746,0.0613,9.2,Unhealthy
0.0499,0.0921,9.21,Unhealthy
0.0993,0.0921,9.22,Unhealthy
0.0993,0.0921,9.23,Unhealthy
0.0993,0.1229,9.24,Unhealthy
0.124,0.0921,9.25,Unhealthy
0.0993,0.1229,9.26,Unhealthy
0.1487,0.0921,9.27,Unhealthy
0.1734,0.0921,9.28,Unhealthy
0.1487,0.1229,9.29,Unhealthy
0.1734,0.1229,9.3,Unhealthy
0.1487,0.1537,9.31,Unhealthy
0.1734,0.1229,9.32,Unhealthy
0.1981,0.1229,9.33,Unhealthy
0.1981,0.1537,9.34,Unhealthy
0.2476,0.1229,9.35,Unhealthy
0.1981,0.1845,9.36,Unhealthy
0.2476,0.1537,9.37,Unhealthy
0.2476,0.1229,9.38,Unhealthy
0.2723,0.1537,9.39,Unhealthy
0.2723,0.1537,9.4,Unhealthy
0.2476,0.1537,9.41,Unhealthy
0.2476,0.1229,9.42,Unhealthy
0.2476,0.0921,9.43,Unhealthy
0.1981,0.1229,9.44,Unhealthy
0.1981,0.0921,9.45,Unhealthy
0.1487,0.1537,9.46,Unhealthy
0.1487,0.0921,9.47,Unhealthy
0.1487,0.0921,9.48,Unhealthy
0.1487,0.0921,9.49,Unhealthy
0.1487,0.0613,9.5,Unhealthy
0.0993,0.0921,9.51,Unhealthy
0.0993,0.0613,9.52,Unhealthy
0.124,0.0305,9.53,Unhealthy
0.0746,0.0613,9.54,Unhealthy
0.0993,0.0305,9.55,Unhealthy
0.0499,0.0613,9.56,Unhealthy
0.0746,0.0305,9.57,Unhealthy
0.0746,0.0305,9.58,Unhealthy
0.0499,0.0305,9.59,Unhealthy
0.0746,0.0003,9.6,Unhealthy
0.0499,0.0305,9.61,Unhealthy
0.0499,0.0305,9.62,Unhealthy
0.0499,0.0003,9.63,Unhealthy
0.0499,0.0305,9.64,Unhealthy
0.0746,0.0003,9.65,Unhealthy
0.0252,0.0613,9.66,Unhealthy
0.0499,0.0305,9.67,Unhealthy
0.0499,0.0003,9.68,Unhealthy
0.0499,0.0305,9.69,Unhealthy
0.0499,0.0003,9.7,Unhealthy
0.0252,0.0613,9.71,Unhealthy
0.0499,0.0613,9.72,Unhealthy
0.0499,0.0305,9.73,Unhealthy
0.0005,0.0921,9.74,Unhealthy
0.0499,0.0613,9.75,Unhealthy
0.0005,0.0921,9.76,Unhealthy
0.0252,0.0613,9.77,Unhealthy
0.0252,0.0613,9.78,Unhealthy
0.0252,0.0613,9.79,Unhealthy
0.0499,0.0613,9.8,Unhealthy
0.0005,0.0921,9.81,Unhealthy
0.0252,0.0613,9.82,Unhealthy
0.0252,0.0613,9.83,Unhealthy
0.0252,0.0613,9.84,Unhealthy
0.0746,0.0305,9.85,Unhealthy
0.0499,0.0613,9.86,Unhealthy
0.0499,0.0613,9.87,Unhealthy
0.0746,0.0305,9.88,Unhealthy
0.0746,0.0613,9.89,Unhealthy
0.0746,0.0305,9.9,Unhealthy
0.0499,0.0613,9.91,Unhealthy
0.0746,0.0305,9.92,Unhealthy
0.0993,0.0003,9.93,Unhealthy
0.0746,0.0305,9.94,Unhealthy
0.0993,0.0305,9.95,Unhealthy
0.0499,0.0921,9.96,Unhealthy
0.0499,0.0613,9.97,Unhealthy
0.0746,0.0003,9.98,Unhealthy
0.0746,0.0003,9.99,Unhealthy
0.0746,0.0311,10,Unhealthy
0.0499,0.0003,10.01,Unhealthy
0.0746,0.0619,10.02,Unhealthy
0.0746,0.0311,10.03,Unhealthy
0.0746,0.0619,10.04,Unhealthy
0.0993,0.0619,10.05,Unhealthy
0.0499,0.0311,10.06,Unhealthy
0.0746,0.0619,10.07,Unhealthy
0.0746,0.0619,10.08,Unhealthy
0.0746,0.0311,10.09,Unhealthy
0.0993,0.0311,10.1,Unhealthy
0.0746,0.0305,10.11,Unhealthy
0.0993,0.0003,10.12,Unhealthy
0.124,0.0311,10.13,Unhealthy
0.0993,0.0003,10.14,Unhealthy
0.124,0.0003,10.15,Unhealthy
0.0746,0.0305,10.16,Unhealthy
0.0993,0.0003,10.17,Unhealthy
0.124,0.0003,10.18,Unhealthy
0.0993,0.0305,10.19,Unhealthy
0.0993,0.0003,10.2,Unhealthy
0.0746,0.0613,10.21,Unhealthy
0.0746,0.0003,10.22,Unhealthy
0.0746,0.0305,10.23,Unhealthy
0.0499,0.0003,10.24,Unhealthy
0.0746,0.0003,10.25,Unhealthy
0.0499,0.0613,10.26,Unhealthy
0.0499,0.0003,10.27,Unhealthy
0.0746,0.0003,10.28,Unhealthy
0.0746,0.0305,10.29,Unhealthy
0.0746,0.0003,10.3,Unhealthy
0.0499,0.0305,10.31,Unhealthy
0.0499,0.0003,10.32,Unhealthy
0.0499,0.0003,10.33,Unhealthy
0.0746,0.0003,10.34,Unhealthy
0.0746,0.0311,10.35,Unhealthy
0.0499,0.0305,10.36,Unhealthy
0.0746,0.0003,10.37,Unhealthy
0.0746,0.0311,10.38,Unhealthy
0.0499,0.0311,10.39,Unhealthy
0.0746,0.0311,10.4,Unhealthy
0.0499,0.0305,10.41,Unhealthy
0.0499,0.0003,10.42,Unhealthy
0.0499,0.0003,10.43,Unhealthy
0.0499,0.0003,10.44,Unhealthy
0.0499,0.0003,10.45,Unhealthy
0.0252,0.0613,10.46,Unhealthy
0.0252,0.0305,10.47,Unhealthy
0.0499,0.0003,10.48,Unhealthy
0.0252,0.0003,10.49,Unhealthy
0.0499,0.0003,10.5,Unhealthy
0.0005,0.0305,10.51,Unhealthy
0.0252,0.0003,10.52,Unhealthy
0.0499,0.0003,10.53,Unhealthy
0.0499,0.0003,10.54,Unhealthy
0.0499,0.0311,10.55,Unhealthy
0.0005,0.0003,10.56,Unhealthy
0.0252,0.0003,10.57,Unhealthy
0.0499,0.0311,10.58,Unhealthy
0.0252,0.0003,10.59,Unhealthy
0.0499,0.0311,10.6,Unhealthy
0.0005,0.0305,10.61,Unhealthy
0.0252,0.0003,10.62,Unhealthy
0.0252,0.0003,10.63,Unhealthy
0.0252,0.0003,10.64,Unhealthy
0.0499,0.0311,10.65,Unhealthy
0.0005,0.0003,10.66,Unhealthy
0.0252,0.0003,10.67,Unhealthy
0.0499,0.0311,10.68,Unhealthy
0.0499,0.0003,10.69,Unhealthy
0.0499,0.0311,10.7,Unhealthy
0.0005,0.0305,10.71,Unhealthy
0.0499,0.0003,10.72,Unhealthy
0.0252,0.0003,10.73,Unhealthy
0.0499,0.0003,10.74,Unhealthy
0.0499,0.0311,10.75,Unhealthy
0.0252,0.0305,10.76,Unhealthy
0.0252,0.0003,10.77,Unhealthy
0.0499,0.0003,10.78,Unhealthy
0.0252,0.0003,10.79,Unhealthy
0.0499,0.0003,10.8,Unhealthy
0.0005,0.0305,10.81,Unhealthy
0.0252,0.0305,10.82,Unhealthy
0.0252,0.0305,10.83,Unhealthy
0.0252,0.0305,10.84,Unhealthy
0.0499,0.0003,10.85,Unhealthy
0.0005,0.0613,10.86,Unhealthy
0.0005,0.0305,10.87,Unhealthy
0.0005,0.0305,10.88,Unhealthy
0.0005,0.0305,10.89,Unhealthy
0.0252,0.0003,10.9,Unhealthy
0.0242,0.0613,10.91,Unhealthy
0.0005,0.0305,10.92,Unhealthy
0.0005,0.0305,10.93,Unhealthy
0.0005,0.0305,10.94,Unhealthy
0.0252,0.0003,10.95,Unhealthy
0.0242,0.0305,10.96,Unhealthy
0.0005,0.0003,10.97,Unhealthy
0.0005,0.0003,10.98,Unhealthy
0.0005,0.0003,10.99,Unhealthy
0.0252,0.0003,11,Unhealthy
0.0005,0.0613,11.01,Unhealthy
0.0005,0.0305,11.02,Unhealthy
0.0005,0.0305,11.03,Unhealthy
0.0005,0.0003,11.04,Unhealthy
0.0005,0.0003,11.05,Unhealthy
0.0242,0.0613,11.06,Unhealthy
0.0005,0.0003,11.07,Unhealthy
0.0005,0.0003,11.08,Unhealthy
0.0005,0.0003,11.09,Unhealthy
0.0252,0.0003,11.1,Unhealthy
0.0242,0.0305,11.11,Unhealthy
0.0005,0.0305,11.12,Unhealthy
0.0005,0.0003,11.13,Unhealthy
0.0005,0.0003,11.14,Unhealthy
0.0252,0.0003,11.15,Unhealthy
0.0242,0.0305,11.16,Unhealthy
0.0005,0.0003,11.17,Unhealthy
0.0005,0.0305,11.18,Unhealthy
0.0005,0.0305,11.19,Unhealthy
0.0005,0.0305,11.2,Unhealthy
0.0242,0.0613,11.21,Unhealthy
0.0005,0.0305,11.22,Unhealthy
0.0005,0.0613,11.23,Unhealthy
0.0005,0.0613,11.24,Unhealthy
0.0252,0.0305,11.25,Unhealthy
0.0242,0.0921,11.26,Unhealthy
0.0005,0.0613,11.27,Unhealthy
0.0005,0.0613,11.28,Unhealthy
0.0005,0.0613,11.29,Unhealthy
0.0252,0.0305,11.3,Unhealthy
0.0005,0.0921,11.31,Unhealthy
0.0252,0.0613,11.32,Unhealthy
0.0005,0.0613,11.33,Unhealthy
0.0252,0.0613,11.34,Unhealthy
0.0499,0.0613,11.35,Unhealthy
0.0242,0.1229,11.36,Unhealthy
0.0242,0.1229,11.37,Unhealthy
0.0005,0.0921,11.38,Unhealthy
0.0005,0.1229,11.39,Unhealthy
0.0005,0.0921,11.4,Unhealthy
0.0242,0.1229,11.41,Unhealthy
0.0005,0.0921,11.42,Unhealthy
0.0252,0.0921,11.43,Unhealthy
0.0005,0.0921,11.44,Unhealthy
0.0499,0.0613,11.45,Unhealthy
0.0005,0.0921,11.46,Unhealthy
0.0499,0.0921,11.47,Unhealthy
0.0499,0.0921,11.48,Unhealthy
0.0499,0.0613,11.49,Unhealthy
0.0746,0.0613,11.5,Unhealthy
0.0499,0.0921,11.51,Unhealthy
0.0746,0.0613,11.52,Unhealthy
0.0746,0.0613,11.53,Unhealthy
0.0993,0.0613,11.54,Unhealthy
0.124,0.0613,11.55,Unhealthy
0.0746,0.0921,11.56,Unhealthy
0.124,0.0613,11.57,Unhealthy
0.1487,0.0613,11.58,Unhealthy
0.1487,0.0613,11.59,Unhealthy
0.1981,0.0613,11.6,Unhealthy
0.1734,0.0613,11.61,Unhealthy
0.2228,0.0305,11.62,Unhealthy
0.2476,0.0311,11.63,Unhealthy
0.2723,0.0619,11.64,Unhealthy
0.2723,0.1235,11.65,Unhealthy
0.2476,0.0927,11.66,Unhealthy
0.2476,0.1543,11.67,Unhealthy
0.2228,0.1851,11.68,Unhealthy
0.1981,0.1851,11.69,Unhealthy
0.1487,0.2159,11.7,Unhealthy
0.0746,0.1543,11.71,Unhealthy
0.0746,0.1851,11.72,Unhealthy
0.0746,0.1851,11.73,Unhealthy
0.0746,0.1543,11.74,Unhealthy
0.0746,0.1851,11.75,Unhealthy
0.0499,0.1235,11.76,Unhealthy
0.0499,0.1543,11.77,Unhealthy
0.0746,0.1543,11.78,Unhealthy
0.0746,0.1543,11.79,Unhealthy
0.0993,0.1851,11.8,Unhealthy
0.0499,0.1235,11.81,Unhealthy
0.0499,0.1235,11.82,Unhealthy
0.0252,0.1543,11.83,Unhealthy
0.0005,0.1543,11.84,Unhealthy
0.0499,0.1543,11.85,Unhealthy
0.0005,0.0927,11.86,Unhealthy
0.0005,0.0927,11.87,Unhealthy
0.0005,0.0619,11.88,Unhealthy
0.0005,0.0619,11.89,Unhealthy
0.0252,0.0619,11.9,Unhealthy
0.0005,0.0003,11.91,Unhealthy
0.0005,0.0311,11.92,Unhealthy
0.0005,0.0311,11.93,Unhealthy
0.0005,0.0311,11.94,Unhealthy
0.0252,0.0311,11.95,Unhealthy
0.0242,0.0003,11.96,Unhealthy
0.0005,0.0311,11.97,Unhealthy
0.0252,0.0311,11.98,Unhealthy
0.0499,0.0311,11.99,Unhealthy
0.0746,0.0927,12,Unhealthy
0.0746,0.0311,12.01,Unhealthy
0.124,0.0619,12.02,Unhealthy
0.1487,0.0619,12.03,Unhealthy
0.1734,0.0927,12.04,Unhealthy
0.2228,0.1235,12.05,Unhealthy
0.2228,0.0619,12.06,Unhealthy
0.2723,0.0927,12.07,Unhealthy
0.2723,0.0927,12.08,Unhealthy
0.297,0.1235,12.09,Unhealthy
0.3217,0.1543,12.1,Unhealthy
0.297,0.1235,12.11,Unhealthy
0.3217,0.1543,12.12,Unhealthy
0.3217,0.1543,12.13,Unhealthy
0.3217,0.1543,12.14,Unhealthy
0.3217,0.1851,12.15,Unhealthy
0.2723,0.1235,12.16,Unhealthy
0.2723,0.1851,12.17,Unhealthy
0.2476,0.1543,12.18,Unhealthy
0.2476,0.1851,12.19,Unhealthy
0.2476,0.2159,12.2,Unhealthy
0.1981,0.1543,12.21,Unhealthy
0.2476,0.1851,12.22,Unhealthy
0.2476,0.2159,12.23,Unhealthy
0.2723,0.2159,12.24,Unhealthy
0.2723,0.2467,12.25,Unhealthy
0.2476,0.1851,12.26,Unhealthy
0.2723,0.2467,12.27,Unhealthy
0.2723,0.2467,12.28,Unhealthy
0.297,0.2467,12.29,Unhealthy
0.3464,0.2775,12.3,Unhealthy
0.297,0.2159,12.31,Unhealthy
0.3217,0.2467,12.32,Unhealthy
0.3217,0.2467,12.33,Unhealthy
0.3217,0.2467,12.34,Unhealthy
0.3464,0.2467,12.35,Unhealthy
0.297,0.1851,12.36,Unhealthy
0.297,0.2159,12.37,Unhealthy
0.2723,0.2159,12.38,Unhealthy
0.2476,0.2159,12.39,Unhealthy
0.2476,0.2159,12.4,Unhealthy
0.1734,0.1851,12.41,Unhealthy
0.1734,0.2159,12.42,Unhealthy
0.1487,0.1851,12.43,Unhealthy
0.1487,0.1851,12.44,Unhealthy
0.1487,0.2159,12.45,Unhealthy
0.0993,0.1543,12.46,Unhealthy
0.124,0.1851,12.47,Unhealthy
0.0993,0.1543,12.48,Unhealthy
0.124,0.1543,12.49,Unhealthy
0.124,0.1851,12.5,Unhealthy
0.0746,0.1235,12.51,Unhealthy
0.0993,0.1235,12.52,Unhealthy
0.0746,0.0927,12.53,Unhealthy
0.0993,0.0927,12.54,Unhealthy
0.0993,0.0927,12.55,Unhealthy
0.0746,0.0311,12.56,Unhealthy
0.0746,0.0619,12.57,Unhealthy
0.0746,0.0311,12.58,Unhealthy
0.0746,0.0311,12.59,Unhealthy
0.0993,0.0311,12.6,Unhealthy
0.0499,0.0003,12.61,Unhealthy
0.0746,0.0003,12.62,Unhealthy
0.0499,0.0003,12.63,Unhealthy
0.0499,0.0311,12.64,Unhealthy
0.0746,0.0311,12.65,Unhealthy
0.0746,0.0003,12.66,Unhealthy
0.0746,0.0311,12.67,Unhealthy
0.0746,0.0311,12.68,Unhealthy
0.0746,0.0311,12.69,Unhealthy
0.0993,0.0311,12.7,Unhealthy
0.0499,0.0311,12.71,Unhealthy
0.0746,0.0311,12.72,Unhealthy
0.0746,0.0311,12.73,Unhealthy
0.0746,0.0619,12.74,Unhealthy
0.124,0.0619,12.75,Unhealthy
0.0746,0.0311,12.76,Unhealthy
0.0993,0.0619,12.77,Unhealthy
0.0746,0.0311,12.78,Unhealthy
0.0746,0.0311,12.79,Unhealthy
0.0746,0.0619,12.8,Unhealthy
0.0499,0.0311,12.81,Unhealthy
0.0746,0.0311,12.82,Unhealthy
0.0499,0.0003,12.83,Unhealthy
0.0746,0.0311,12.84,Unhealthy
0.0746,0.0311,12.85,Unhealthy
0.0499,0.0305,12.86,Unhealthy
0.0746,0.0003,12.87,Unhealthy
0.0746,0.0305,12.88,Unhealthy
0.0746,0.0003,12.89,Unhealthy
0.0993,0.0003,12.9,Unhealthy
0.0746,0.0305,12.91,Unhealthy
0.124,0.0003,12.92,Unhealthy
0.1487,0.0003,12.93,Unhealthy
0.1487,0.0003,12.94,Unhealthy
0.1981,0.0311,12.95,Unhealthy
0.1734,0.0311,12.96,Unhealthy
0.1981,0.0619,12.97,Unhealthy
0.2228,0.0619,12.98,Unhealthy
0.2476,0.0927,12.99,Unhealthy
0.3217,0.1543,13,Unhealthy
0.297,0.1543,13.01,Unhealthy
0.3464,0.2467,13.02,Unhealthy
0.3711,0.3391,13.03,Unhealthy
0.3958,0.5239,13.04,Unhealthy
0.3958,0.7702,13.05,Unhealthy
0.3464,0.801,13.06,Unhealthy
0.297,0.8934,13.07,Unhealthy
0.2723,0.8318,13.08,Unhealthy
0.2228,0.9242,13.09,Unhealthy
0.1981,0.8626,13.1,Unhealthy
0.1487,0.6779,13.11,Unhealthy
0.1487,0.5239,13.12,Unhealthy
0.124,0.3699,13.13,Unhealthy
0.124,0.2775,13.14,Unhealthy
0.0993,0.2159,13.15,Unhealthy
0.0499,0.1543,13.16,Unhealthy
0.0499,0.1235,13.17,Unhealthy
0.0252,0.0927,13.18,Unhealthy
0.0252,0.0927,13.19,Unhealthy
0.0499,0.0619,13.2,Unhealthy
0.0005,0.0311,13.21,Unhealthy
0.0005,0.0311,13.22,Unhealthy
0.0005,0.0311,13.23,Unhealthy
0.0005,0.0311,13.24,Unhealthy
0.0252,0.0311,13.25,Unhealthy
0.0242,0.0003,13.26,Unhealthy
0.0005,0.0003,13.27,Unhealthy
0.0005,0.0003,13.28,Unhealthy
0.0005,0.0003,13.29,Unhealthy
0.0252,0.0003,13.3,Unhealthy
0.0005,0.0305,13.31,Unhealthy
0.0005,0.0305,13.32,Unhealthy
0.0005,0.0305,13.33,Unhealthy
0.0005,0.0305,13.34,Unhealthy
0.0252,0.0003,13.35,Unhealthy
0.0005,0.0003,13.36,Unhealthy
0.0252,0.0003,13.37,Unhealthy
0.0005,0.0003,13.38,Unhealthy
0.0252,0.0003,13.39,Unhealthy
0.0252,0.0311,13.4,Unhealthy
0.0005,0.0305,13.41,Unhealthy
0.0252,0.0003,13.42,Unhealthy
0.0252,0.0311,13.43,Unhealthy
0.0252,0.0311,13.44,Unhealthy
0.0252,0.0311,13.45,Unhealthy
0.0005,0.0003,13.46,Unhealthy
0.0252,0.0311,13.47,Unhealthy
0.0005,0.0311,13.48,Unhealthy
0.0252,0.0311,13.49,Unhealthy
0.0499,0.0619,13.5,Unhealthy
0.0005,0.0311,13.51,Unhealthy
0.0252,0.0619,13.52,Unhealthy
0.0005,0.0619,13.53,Unhealthy
0.0252,0.0619,13.54,Unhealthy
0.0252,0.0927,13.55,Unhealthy
0.0005,0.0311,13.56,Unhealthy
0.0252,0.0619,13.57,Unhealthy
0.0252,0.0619,13.58,Unhealthy
0.0252,0.0619,13.59,Unhealthy
0.0499,0.0927,13.6,Unhealthy
0.0252,0.0311,13.61,Unhealthy
0.0252,0.0619,13.62,Unhealthy
0.0252,0.0311,13.63,Unhealthy
0.0499,0.0311,13.64,Unhealthy
0.0746,0.0619,13.65,Unhealthy
0.0499,0.0003,13.66,Unhealthy
0.0746,0.0311,13.67,Unhealthy
0.0499,0.0311,13.68,Unhealthy
0.0746,0.0003,13.69,Unhealthy
0.0746,0.0311,13.7,Unhealthy
0.0746,0.0003,13.71,Unhealthy
0.0746,0.0003,13.72,Unhealthy
0.0499,0.0003,13.73,Unhealthy
0.0746,0.0003,13.74,Unhealthy
0.0993,0.0311,13.75,Unhealthy
0.0746,0.0305,13.76,Unhealthy
0.0746,0.0003,13.77,Unhealthy
0.0746,0.0305,13.78,Unhealthy
0.0993,0.0003,13.79,Unhealthy
0.0993,0.0311,13.8,Unhealthy
0.0746,0.0305,13.81,Unhealthy
0.0993,0.0003,13.82,Unhealthy
0.0993,0.0305,13.83,Unhealthy
0.124,0.0003,13.84,Unhealthy
0.1487,0.0003,13.85,Unhealthy
0.124,0.0305,13.86,Unhealthy
0.124,0.0305,13.87,Unhealthy
0.1487,0.0305,13.88,Unhealthy
0.1487,0.0305,13.89,Unhealthy
0.1734,0.0003,13.9,Unhealthy
0.1487,0.0613,13.91,Unhealthy
0.1734,0.0305,13.92,Unhealthy
0.1487,0.0613,13.93,Unhealthy
0.1487,0.0305,13.94,Unhealthy
0.1487,0.0305,13.95,Unhealthy
0.124,0.0613,13.96,Unhealthy
0.1487,0.0305,13.97,Unhealthy
0.124,0.0613,13.98,Unhealthy
0.1487,0.0305,13.99,Unhealthy
0.1487,0.0003,14,Unhealthy
0.124,0.0613,14.01,Unhealthy
0.1487,0.0305,14.02,Unhealthy
0.0993,0.0305,14.03,Unhealthy
0.124,0.0003,14.04,Unhealthy
0.124,0.0003,14.05,Unhealthy
0.0993,0.0003,14.06,Unhealthy
0.0746,0.0003,14.07,Unhealthy
0.0746,0.0305,14.08,Unhealthy
0.0746,0.0003,14.09,Unhealthy
0.0746,0.0311,14.1,Unhealthy
0.0499,0.0003,14.11,Unhealthy
0.0499,0.0311,14.12,Unhealthy
0.0252,0.0311,14.13,Unhealthy
0.0499,0.0311,14.14,Unhealthy
0.0499,0.0619,14.15,Unhealthy
0.0005,0.0311,14.16,Unhealthy
0.0005,0.0619,14.17,Unhealthy
0.0242,0.0619,14.18,Unhealthy
0.0242,0.0619,14.19,Unhealthy
0.0005,0.0927,14.2,Unhealthy
0.0242,0.0619,14.21,Unhealthy
0.0242,0.0927,14.22,Unhealthy
0.0242,0.0619,14.23,Unhealthy
0.0005,0.0927,14.24,Unhealthy
0.0005,0.0927,14.25,Unhealthy
0.0005,0.0927,14.26,Unhealthy
0.0005,0.0927,14.27,Unhealthy
0.0242,0.0619,14.28,Unhealthy
0.0005,0.0927,14.29,Unhealthy
0.0005,0.1235,14.3,Unhealthy
0.0242,0.0927,14.31,Unhealthy
0.0005,0.0927,14.32,Unhealthy
0.0242,0.0619,14.33,Unhealthy
0.0005,0.0619,14.34,Unhealthy
0.0499,0.0927,14.35,Unhealthy
0.0252,0.0311,14.36,Unhealthy
0.0499,0.0619,14.37,Unhealthy
0.0252,0.0311,14.38,Unhealthy
0.0499,0.0619,14.39,Unhealthy
0.0746,0.0927,14.4,Unhealthy
0.0746,0.0311,14.41,Unhealthy
0.0746,0.0311,14.42,Unhealthy
0.0499,0.0311,14.43,Unhealthy
0.0746,0.0311,14.44,Unhealthy
0.0746,0.0311,14.45,Unhealthy
0.0499,0.0003,14.46,Unhealthy
0.0746,0.0311,14.47,Unhealthy
0.0746,0.0003,14.48,Unhealthy
0.0746,0.0311,14.49,Unhealthy
0.0993,0.0311,14.5,Unhealthy
0.0746,0.0003,14.51,Unhealthy
0.0746,0.0003,14.52,Unhealthy
0.0746,0.0003,14.53,Unhealthy
0.0746,0.0003,14.54,Unhealthy
0.0746,0.0003,14.55,Unhealthy
0.0499,0.0305,14.56,Unhealthy
0.0746,0.0003,14.57,Unhealthy
0.0499,0.0305,14.58,Unhealthy
0.0746,0.0305,14.59,Unhealthy
0.0746,0.0003,14.6,Unhealthy
0.0746,0.0003,14.61,Unhealthy
0.0746,0.0003,14.62,Unhealthy
0.0499,0.0613,14.63,Unhealthy
0.0746,0.0305,14.64,Unhealthy
0.0993,0.0311,14.65,Unhealthy
0.0499,0.0305,14.66,Unhealthy
0.0746,0.0003,14.67,Unhealthy
0.0746,0.0305,14.68,Unhealthy
0.0746,0.0003,14.69,Unhealthy
0.0993,0.0311,14.7,Unhealthy
0.0746,0.0003,14.71,Unhealthy
0.0746,0.0003,14.72,Unhealthy
0.0499,0.0305,14.73,Unhealthy
0.0746,0.0003,14.74,Unhealthy
0.0746,0.0311,14.75,Unhealthy
0.0746,0.0003,14.76,Unhealthy
0.0499,0.0003,14.77,Unhealthy
0.0499,0.0305,14.78,Unhealthy
0.0499,0.0003,14.79,Unhealthy
0.0746,0.0003,14.8,Unhealthy
0.0499,0.0305,14.81,Unhealthy
0.0499,0.0003,14.82,Unhealthy
0.0499,0.0003,14.83,Unhealthy
0.0499,0.0003,14.84,Unhealthy
0.0746,0.0311,14.85,Unhealthy
0.0499,0.0003,14.86,Unhealthy
0.0499,0.0003,14.87,Unhealthy
0.0252,0.0305,14.88,Unhealthy
0.0499,0.0003,14.89,Unhealthy
0.0499,0.0311,14.9,Unhealthy
0.0499,0.0003,14.91,Unhealthy
0.0499,0.0311,14.92,Unhealthy
0.0252,0.0003,14.93,Unhealthy
0.0499,0.0311,14.94,Unhealthy
0.0499,0.0311,14.95,Unhealthy
0.0499,0.0311,14.96,Unhealthy
0.0499,0.0311,14.97,Unhealthy
0.0252,0.0003,14.98,Unhealthy
0.0499,0.0311,14.99,Unhealthy
0.0746,0.0619,15,Unhealthy
