F1,F2,t,Target
0.0138,0,1.01,Healthy
0.0109,0,1.02,Healthy
0.0109,0,1.03,Healthy
0.0138,0,1.04,Healthy
0.0138,0,1.05,Healthy
0.0138,0,1.06,Healthy
0.0138,0,1.07,Healthy
0.0138,0,1.08,Healthy
0.0138,0,1.09,Healthy
0.0138,0,1.1,Healthy
0.0138,0,1.11,Healthy
0.0138,0,1.12,Healthy
0.0138,0,1.13,Healthy
0.0138,0,1.14,Healthy
0.0138,0,1.15,Healthy
0.0138,0,1.16,Healthy
0.0138,0,1.17,Healthy
0.0138,0,1.18,Healthy
0.0138,0,1.19,Healthy
0.0138,0,1.2,Healthy
0.0109,0,1.21,Healthy
0.0138,0,1.22,Healthy
0.0109,0,1.23,Healthy
0.0138,0,1.24,Healthy
0.0109,0,1.25,Healthy
0.0109,0,1.26,Healthy
0.0109,0,1.27,Healthy
0.0138,0,1.28,Healthy
0.0138,0,1.29,Healthy
0.0138,0,1.3,Healthy
0.0138,0,1.31,Healthy
0.0109,0,1.32,Healthy
0.0138,0,1.33,Healthy
0.0138,0,1.34,Healthy
0.0109,0,1.35,Healthy
0.0138,0,1.36,Healthy
0.0138,0,1.37,Healthy
0.0138,0,1.38,Healthy
0.0138,0,1.39,Healthy
0.0138,0,1.4,Healthy
0.0138,0,1.41,Healthy
0.0138,0,1.42,Healthy
0.0138,0,1.43,Healthy
0.0138,0,1.44,Healthy
0.0138,0,1.45,Healthy
0.0138,0,1.46,Healthy
0.0138,0,1.47,Healthy
0.0138,0,1.48,Healthy
0.0138,0,1.49,Healthy
0.0138,0,1.5,Healthy
0.0138,0,1.51,Healthy
0.0138,0,1.52,Healthy
0.0138,0,1.53,Healthy
0.0138,0,1.54,Healthy
0.0138,0,1.55,Healthy
0.0138,0,1.56,Healthy
0.0138,0,1.57,Healthy
0.0138,0,1.58,Healthy
0.0138,0,1.59,Healthy
0.0138,0,1.6,Healthy
0.0138,0,1.61,Healthy
0.0138,0,1.62,Healthy
0.0138,0,1.63,Healthy
0.0138,0,1.64,Healthy
0.0138,0,1.65,Healthy
0.0138,0,1.66,Healthy
0.0109,0,1.67,Healthy
0.0138,0,1.68,Healthy
0.0138,0,1.69,Healthy
0.0138,0,1.7,Healthy
0.0138,0,1.71,Healthy
0.0138,0,1.72,Healthy
0.0138,0,1.73,Healthy
0.0138,0,1.74,Healthy
0.0138,0,1.75,Healthy
0.0138,0,1.76,Healthy
0.0138,0,1.77,Healthy
0.0109,0,1.78,Healthy
0.0138,0,1.79,Healthy
0.0109,0,1.8,Healthy
0.0138,0,1.81,Healthy
0.0138,0,1.82,Healthy
0.0138,0,1.83,Healthy
0.0138,0,1.84,Healthy
0.0138,0,1.85,Healthy
0.0138,0,1.86,Healthy
0.0138,0,1.87,Healthy
0.0109,0,1.88,Healthy
0.0138,0,1.89,Healthy
0.0138,0,1.9,Healthy
0.0138,0,1.91,Healthy
0.0138,0,1.92,Healthy
0.0138,0,1.93,Healthy
0.0109,0,1.94,Healthy
0.0138,0,1.95,Healthy
0.0138,0,1.96,Healthy
0.0138,0,1.97,Healthy
0.0138,0,1.98,Healthy
0.0138,0,1.99,Healthy
0.0138,0,2,Healthy
0.0138,0,2.01,Healthy
0.0109,0,2.02,Healthy
0.0138,0,2.03,Healthy
0.0138,0,2.04,Healthy
0.0138,0,2.05,Healthy
0.0138,0,2.06,Healthy
0.0138,0,2.07,Healthy
0.0138,0,2.08,Healthy
0.0138,0,2.09,Healthy
0.0109,0,2.1,Healthy
0.0138,0,2.11,Healthy
0.0138,0,2.12,Healthy
0.0138,0,2.13,Healthy
0.0138,0,2.14,Healthy
0.0138,0,2.15,Healthy
0.0138,0,2.16,Healthy
0.0138,0,2.17,Healthy
0.0138,0,2.18,Healthy
0.0138,0,2.19,Healthy
0.0138,0,2.2,Healthy
0.0138,0,2.21,Healthy
0.0138,0,2.22,Healthy
0.0138,0,2.23,Healthy
0.0138,0,2.24,Healthy
0.0138,0,2.25,Healthy
0.0138,0,2.26,Healthy
0.0138,0,2.27,Healthy
0.0138,0,2.28,Healthy
0.0138,0,2.29,Healthy
0.0138,0,2.3,Healthy
0.0138,0,2.31,Healthy
0.0138,0,2.32,Healthy
0.0109,0,2.33,Healthy
0.0138,0,2.34,Healthy
0.0138,0,2.35,Healthy
0.0138,0,2.36,Healthy
0.0138,0,2.37,Healthy
0.0138,0,2.38,Healthy
0.0138,0,2.39,Healthy
0.0138,0,2.4,Healthy
0.0138,0,2.41,Healthy
0.0138,0,2.42,Healthy
0.0138,0,2.43,Healthy
0.0138,0,2.44,Healthy
0.0138,0,2.45,Healthy
0.0138,0,2.46,Healthy
0.0109,0,2.47,Healthy
0.0109,0,2.48,Healthy
0.0138,0,2.49,Healthy
0.0138,0,2.5,Healthy
0.0138,0,2.51,Healthy
0.0138,0,2.52,Healthy
0.0138,0,2.53,Healthy
0.0138,0,2.54,Healthy
0.0109,0,2.55,Healthy
0.0138,0,2.56,Healthy
0.0138,0,2.57,Healthy
0.0138,0,2.58,Healthy
0.0138,0,2.59,Healthy
0.0138,0,2.6,Healthy
0.0138,0,2.61,Healthy
0.0138,0,2.62,Healthy
0.0138,0,2.63,Healthy
0.0138,0,2.64,Healthy
0.0138,0,2.65,Healthy
0.0138,0,2.66,Healthy
0.0138,0,2.67,Healthy
0.0138,0,2.68,Healthy
0.0138,0,2.69,Healthy
0.0138,0,2.7,Healthy
0.0385,0,2.71,Healthy
0.0138,0,2.72,Healthy
0.0138,0,2.73,Healthy
0.0138,0,2.74,Healthy
0.0138,0,2.75,Healthy
0.0138,0,2.76,Healthy
0.0138,0,2.77,Healthy
0.0138,0,2.78,Healthy
0.0138,0,2.79,Healthy
0.0138,0,2.8,Healthy
0.0138,0,2.81,Healthy
0.0138,0,2.82,Healthy
0.0138,0,2.83,Healthy
0.0138,0,2.84,Healthy
0.0138,0,2.85,Healthy
0.0138,0,2.86,Healthy
0.0138,0,2.87,Healthy
0.0138,0,2.88,Healthy
0.0138,0,2.89,Healthy
0.0138,0,2.9,Healthy
0.0138,0,2.91,Healthy
0.0138,0,2.92,Healthy
0.0138,0,2.93,Healthy
0.0138,0,2.94,Healthy
0.0138,0,2.95,Healthy
0.0385,0,2.96,Healthy
0.0138,0,2.97,Healthy
0.0138,0,2.98,Healthy
0.0138,0,2.99,Healthy
0.0138,0,3,Healthy
0.0138,0,3.01,Healthy
0.0138,0,3.02,Healthy
0.0138,0,3.03,Healthy
0.0109,0,3.04,Healthy
0.0385,0,3.05,Healthy
0.0138,0,3.06,Healthy
0.0138,0,3.07,Healthy
0.0138,0,3.08,Healthy
0.0138,0,3.09,Healthy
0.0138,0,3.1,Healthy
0.0138,0,3.11,Healthy
0.0138,0,3.12,Healthy
0.0109,0,3.13,Healthy
0.0138,0,3.14,Healthy
0.0138,0,3.15,Healthy
0.0138,0,3.16,Healthy
0.0138,0,3.17,Healthy
0.0138,0,3.18,Healthy
0.0138,0,3.19,Healthy
0.0138,0,3.2,Healthy
0.0138,0,3.21,Healthy
0.0138,0,3.22,Healthy
0.0138,0,3.23,Healthy
0.0138,0,3.24,Healthy
0.0138,0,3.25,Healthy
0.0138,0,3.26,Healthy
0.0138,0,3.27,Healthy
0.0138,0,3.28,Healthy
0.0138,0,3.29,Healthy
0.0138,0,3.3,Healthy
0.0109,0,3.31,Healthy
0.0109,0,3.32,Healthy
0.0356,0,3.33,Healthy
0.0356,0,3.34,Healthy
0.0603,0,3.35,Healthy
0.0603,0,3.36,Healthy
0.085,0.0308,3.37,Healthy
0.0603,0.0308,3.38,Healthy
0.085,0.0308,3.39,Healthy
0.085,0.0308,3.4,Healthy
0.085,0.0308,3.41,Healthy
0.085,0.0308,3.42,Healthy
0.0603,0.0308,3.43,Healthy
0.0603,0.0308,3.44,Healthy
0.0356,0,3.45,Healthy
0.0603,0,3.46,Healthy
0.085,0.0308,3.47,Healthy
0.1097,0.0308,3.48,Healthy
0.1097,0.0308,3.49,Healthy
0.1344,0.0308,3.5,Healthy
0.1591,0.0308,3.51,Healthy
0.1591,0.0308,3.52,Healthy
0.1591,0.0616,3.53,Healthy
0.1591,0.0308,3.54,Healthy
0.1591,0.0308,3.55,Healthy
0.1344,0.0308,3.56,Healthy
0.1097,0.0308,3.57,Healthy
0.1097,0.0308,3.58,Healthy
0.085,0.0308,3.59,Healthy
0.0603,0.0308,3.6,Healthy
0.0356,0,3.61,Healthy
0.0109,0,3.62,Healthy
0.0109,0,3.63,Healthy
0.0109,0,3.64,Healthy
0.0109,0,3.65,Healthy
0.0109,0.0308,3.66,Healthy
0.0138,0.0308,3.67,Healthy
0.0109,0.0308,3.68,Healthy
0.0138,0.0308,3.69,Healthy
0.0109,0.0308,3.7,Healthy
0.0138,0.0616,3.71,Healthy
0.0385,0.0616,3.72,Healthy
0.0385,0.0616,3.73,Healthy
0.0138,0.0924,3.74,Healthy
0.0138,0.0924,3.75,Healthy
0.0138,0.0924,3.76,Healthy
0.0138,0.0924,3.77,Healthy
0.0138,0.0616,3.78,Healthy
0.0138,0.0924,3.79,Healthy
0.0138,0.0924,3.8,Healthy
0.0138,0.0924,3.81,Healthy
0.0109,0.0616,3.82,Healthy
0.0109,0.0924,3.83,Healthy
0.0109,0.0616,3.84,Healthy
0.0109,0.0924,3.85,Healthy
0.0109,0.0616,3.86,Healthy
0.0109,0.0616,3.87,Healthy
0.0109,0.0616,3.88,Healthy
0.0109,0.0616,3.89,Healthy
0.0109,0.0616,3.9,Healthy
0.0109,0.0308,3.91,Healthy
0.0356,0.0308,3.92,Healthy
0.0356,0.0308,3.93,Healthy
0.0356,0.0308,3.94,Healthy
0.0356,0.0308,3.95,Healthy
0.0603,0.0308,3.96,Healthy
0.0603,0,3.97,Healthy
0.085,0,3.98,Healthy
0.085,0,3.99,Healthy
0.1097,0,4,Healthy
0.1097,0,4.01,Healthy
0.1097,0,4.02,Healthy
0.1344,0,4.03,Healthy
0.1344,0,4.04,Healthy
0.1591,0,4.05,Healthy
0.1591,0,4.06,Healthy
0.1591,0,4.07,Healthy
0.1838,0,4.08,Healthy
0.1838,0.0308,4.09,Healthy
0.2085,0.0308,4.1,Healthy
0.2085,0.0308,4.11,Healthy
0.2085,0.0308,4.12,Healthy
0.2085,0.0616,4.13,Healthy
0.2085,0.0616,4.14,Healthy
0.2085,0.0924,4.15,Healthy
0.2085,0.0616,4.16,Healthy
0.1838,0.0924,4.17,Healthy
0.1838,0.0924,4.18,Healthy
0.1838,0.0924,4.19,Healthy
0.1838,0.1232,4.2,Healthy
0.1838,0.1232,4.21,Healthy
0.1838,0.1232,4.22,Healthy
0.2085,0.1232,4.23,Healthy
0.2332,0.154,4.24,Healthy
0.2332,0.154,4.25,Healthy
0.2332,0.1848,4.26,Healthy
0.2332,0.1848,4.27,Healthy
0.2579,0.1232,4.28,Healthy
0.3073,0.1232,4.29,Healthy
0.332,0.1232,4.3,Healthy
0.3567,0.1232,4.31,Healthy
0.3567,0.1232,4.32,Healthy
0.3567,0.1232,4.33,Healthy
0.3073,0.0924,4.34,Healthy
0.3073,0.0924,4.35,Healthy
0.2579,0.0924,4.36,Healthy
0.2332,0.0924,4.37,Healthy
0.2085,0.0616,4.38,Healthy
0.1838,0.0616,4.39,Healthy
0.1591,0.0616,4.4,Healthy
0.1344,0.0924,4.41,Healthy
0.1344,0.0616,4.42,Healthy
0.1097,0.0616,4.43,Healthy
0.1344,0.0616,4.44,Healthy
0.1344,0.0308,4.45,Healthy
0.1344,0.0616,4.46,Healthy
0.1344,0.0308,4.47,Healthy
0.1344,0.0308,4.48,Healthy
0.1344,0.0308,4.49,Healthy
0.1344,0,4.5,Healthy
0.1344,0,4.51,Healthy
0.1344,0,4.52,Healthy
0.1344,0,4.53,Healthy
0.1344,0,4.54,Healthy
0.1344,0,4.55,Healthy
0.1097,0.0308,4.56,Healthy
0.1344,0.0308,4.57,Healthy
0.1097,0.0308,4.58,Healthy
0.1344,0.0308,4.59,Healthy
0.1097,0.0308,4.6,Healthy
0.1097,0.0308,4.61,Healthy
0.1097,0.0308,4.62,Healthy
0.085,0,4.63,Healthy
0.085,0,4.64,Healthy
0.1097,0,4.65,Healthy
0.1097,0,4.66,Healthy
0.1097,0,4.67,Healthy
0.1097,0,4.68,Healthy
0.085,0,4.69,Healthy
0.085,0.0308,4.7,Healthy
0.085,0.0616,4.71,Healthy
0.085,0.0616,4.72,Healthy
0.085,0.0616,4.73,Healthy
0.0603,0.0924,4.74,Healthy
0.0603,0.1232,4.75,Healthy
0.0603,0.1232,4.76,Healthy
0.0603,0.1232,4.77,Healthy
0.0603,0.1232,4.78,Healthy
0.0603,0.0924,4.79,Healthy
0.0603,0.0924,4.8,Healthy
0.0356,0.0924,4.81,Healthy
0.0603,0.0924,4.82,Healthy
0.0603,0.0924,4.83,Healthy
0.085,0.0616,4.84,Healthy
0.1097,0.0616,4.85,Healthy
0.1097,0.0616,4.86,Healthy
0.1344,0.0616,4.87,Healthy
0.1344,0.0616,4.88,Healthy
0.1344,0.0616,4.89,Healthy
0.1344,0.0616,4.9,Healthy
0.1344,0.0616,4.91,Healthy
0.1344,0.0616,4.92,Healthy
0.1344,0.0616,4.93,Healthy
0.1344,0.0616,4.94,Healthy
0.1344,0.0616,4.95,Healthy
0.1344,0.0616,4.96,Healthy
0.1344,0.0616,4.97,Healthy
0.1591,0.0308,4.98,Healthy
0.1591,0.0308,4.99,Healthy
0.1591,0.0308,5,Healthy
0.1591,0,5.01,Healthy
0.1591,0,5.02,Healthy
0.1591,0.0308,5.03,Healthy
0.1344,0.0308,5.04,Healthy
0.1344,0,5.05,Healthy
0.1097,0,5.06,Healthy
0.1097,0,5.07,Healthy
0.085,0,5.08,Healthy
0.085,0,5.09,Healthy
0.085,0,5.1,Healthy
0.085,0,5.11,Healthy
0.0603,0,5.12,Healthy
0.0603,0,5.13,Healthy
0.0603,0,5.14,Healthy
0.0603,0.0308,5.15,Healthy
0.0603,0.0308,5.16,Healthy
0.085,0.0308,5.17,Healthy
0.085,0.0308,5.18,Healthy
0.1097,0.0308,5.19,Healthy
0.1344,0.0308,5.2,Healthy
0.1591,0,5.21,Healthy
0.1591,0.0308,5.22,Healthy
0.1838,0,5.23,Healthy
0.1838,0.0308,5.24,Healthy
0.2085,0,5.25,Healthy
0.2085,0,5.26,Healthy
0.2332,0.0308,5.27,Healthy
0.2332,0,5.28,Healthy
0.2332,0,5.29,Healthy
0.2579,0,5.3,Healthy
0.2579,0,5.31,Healthy
0.2826,0,5.32,Healthy
0.2826,0.0308,5.33,Healthy
0.2826,0.0308,5.34,Healthy
0.2826,0.0616,5.35,Healthy
0.2579,0.0616,5.36,Healthy
0.2579,0.0924,5.37,Healthy
0.2332,0.0924,5.38,Healthy
0.2085,0.0924,5.39,Healthy
0.2085,0.1232,5.4,Healthy
0.1591,0.1232,5.41,Healthy
0.1591,0.1232,5.42,Healthy
0.1591,0.0924,5.43,Healthy
0.1838,0.0616,5.44,Healthy
0.1838,0.0616,5.45,Healthy
0.1838,0.0616,5.46,Healthy
0.2085,0.0616,5.47,Healthy
0.2085,0.0616,5.48,Healthy
0.2332,0.0616,5.49,Healthy
0.2332,0.0616,5.5,Healthy
0.2579,0.0308,5.51,Healthy
0.2826,0.0308,5.52,Healthy
0.2826,0.0308,5.53,Healthy
0.3073,0,5.54,Healthy
0.332,0.0308,5.55,Healthy
0.3567,0.0308,5.56,Healthy
0.3567,0.0308,5.57,Healthy
0.4062,0.0308,5.58,Healthy
0.4309,0.0308,5.59,Healthy
0.4556,0.0308,5.6,Healthy
0.4803,0.0308,5.61,Healthy
0.4803,0.0308,5.62,Healthy
0.4803,0.0308,5.63,Healthy
0.4803,0,5.64,Healthy
0.4556,0.0308,5.65,Healthy
0.4062,0.0308,5.66,Healthy
0.4062,0,5.67,Healthy
0.3567,0,5.68,Healthy
0.3567,0,5.69,Healthy
0.332,0.0308,5.7,Healthy
0.2826,0.0308,5.71,Healthy
0.2332,0.0308,5.72,Healthy
0.1838,0.0616,5.73,Healthy
0.1344,0.0616,5.74,Healthy
0.1097,0.0616,5.75,Healthy
0.0603,0.0616,5.76,Healthy
0.0356,0.0308,5.77,Healthy
0.0109,0,5.78,Healthy
0.0109,0,5.79,Healthy
0.0109,0,5.8,Healthy
0.0109,0,5.81,Healthy
0.0109,0,5.82,Healthy
0.0356,0,5.83,Healthy
0.0603,0.0308,5.84,Healthy
0.085,0.0616,5.85,Healthy
0.1344,0.0308,5.86,Healthy
0.1591,0.0308,5.87,Healthy
0.2085,0,5.88,Healthy
0.2579,0,5.89,Healthy
0.3073,0,5.9,Healthy
0.3567,0.0308,5.91,Healthy
0.4309,0.0308,5.92,Healthy
0.4803,0.0616,5.93,Healthy
0.505,0.0924,5.94,Healthy
0.505,0.1232,5.95,Healthy
0.505,0.154,5.96,Healthy
0.4803,0.1848,5.97,Healthy
0.4556,0.2156,5.98,Healthy
0.4062,0.2156,5.99,Healthy
0.332,0.2156,6,Healthy
0.2826,0.2156,6.01,Healthy
0.2085,0.1848,6.02,Healthy
0.1344,0.2156,6.03,Healthy
0.0603,0.1848,6.04,Healthy
0.0356,0.2156,6.05,Healthy
0.0109,0.1848,6.06,Healthy
0.0109,0.1848,6.07,Healthy
0.0138,0.154,6.08,Healthy
0.0138,0.154,6.09,Healthy
0.0138,0.1232,6.1,Healthy
0.0109,0.1232,6.11,Healthy
0.0138,0.1232,6.12,Healthy
0.0109,0.1232,6.13,Healthy
0.0109,0.1232,6.14,Healthy
0.0138,0.1232,6.15,Healthy
0.0138,0.154,6.16,Healthy
0.0109,0.1848,6.17,Healthy
0.0109,0.2156,6.18,Healthy
0.0356,0.2464,6.19,Healthy
0.085,0.2464,6.2,Healthy
0.1591,0.2772,6.21,Healthy
0.2332,0.2772,6.22,Healthy
0.3073,0.308,6.23,Healthy
0.4062,0.308,6.24,Healthy
0.4309,0.3388,6.25,Healthy
0.4803,0.3696,6.26,Healthy
0.5297,0.4004,6.27,Healthy
0.5544,0.4312,6.28,Healthy
0.6038,0.4312,6.29,Healthy
0.6779,0.4312,6.3,Healthy
0.7767,0.4004,6.31,Healthy
0.8756,0.3696,6.32,Healthy
0.925,0.3388,6.33,Healthy
0.9744,0.2772,6.34,Healthy
0.9497,0.2156,6.35,Healthy
0.9003,0.154,6.36,Healthy
0.8262,0.1232,6.37,Healthy
0.752,0.0616,6.38,Healthy
0.7026,0.0308,6.39,Healthy
0.6532,0,6.4,Healthy
0.5791,0,6.41,Healthy
0.5297,0,6.42,Healthy
0.4803,0,6.43,Healthy
0.4062,0.0308,6.44,Healthy
0.332,0.0308,6.45,Healthy
0.3073,0.0308,6.46,Healthy
0.2579,0.0308,6.47,Healthy
0.2085,0.0308,6.48,Healthy
0.1591,0.0308,6.49,Healthy
0.1344,0,6.5,Healthy
0.1097,0,6.51,Healthy
0.1097,0,6.52,Healthy
0.1591,0.0308,6.53,Healthy
0.1344,0.0616,6.54,Healthy
0.085,0.0924,6.55,Healthy
0.0109,0.0924,6.56,Healthy
0.0109,0.0924,6.57,Healthy
0.0109,0.0924,6.58,Healthy
0.0109,0.0924,6.59,Healthy
0.0109,0.0924,6.6,Healthy
0.0109,0.0924,6.61,Healthy
0.0109,0.0616,6.62,Healthy
0.0109,0.0924,6.63,Healthy
0.0109,0.0924,6.64,Healthy
0.0109,0.0924,6.65,Healthy
0.0109,0.1232,6.66,Healthy
0.0109,0.1232,6.67,Healthy
0.0109,0.154,6.68,Healthy
0.0109,0.154,6.69,Healthy
0.0109,0.154,6.7,Healthy
0.0109,0.1848,6.71,Healthy
0.0109,0.2464,6.72,Healthy
0.0109,0.2464,6.73,Healthy
0.0109,0.308,6.74,Healthy
0.0109,0.3388,6.75,Healthy
0.0109,0.3696,6.76,Healthy
0.0109,0.4004,6.77,Healthy
0.0109,0.4312,6.78,Healthy
0.0109,0.4312,6.79,Healthy
0.0356,0.4928,6.8,Healthy
0.085,0.4928,6.81,Healthy
0.1344,0.4928,6.82,Healthy
0.2085,0.4928,6.83,Healthy
0.2826,0.4928,6.84,Healthy
0.332,0.4928,6.85,Healthy
0.3567,0.4928,6.86,Healthy
0.3567,0.5236,6.87,Healthy
0.4062,0.5544,6.88,Healthy
0.4062,0.5852,6.89,Healthy
0.4309,0.5852,6.9,Healthy
0.4556,0.5852,6.91,Healthy
0.4803,0.5852,6.92,Healthy
0.5297,0.5544,6.93,Healthy
0.5544,0.5544,6.94,Healthy
0.5791,0.5236,6.95,Healthy
0.6038,0.4928,6.96,Healthy
0.6285,0.4928,6.97,Healthy
0.6779,0.4312,6.98,Healthy
0.7026,0.4004,6.99,Healthy
0.7273,0.3388,7,Healthy
0.7026,0.2772,7.01,Healthy
0.6532,0.1848,7.02,Healthy
0.6038,0.1232,7.03,Healthy
0.505,0.0924,7.04,Healthy
0.4556,0.0616,7.05,Healthy
0.3815,0.0308,7.06,Healthy
0.332,0.0308,7.07,Healthy
0.2826,0.0308,7.08,Healthy
0.2332,0.0308,7.09,Healthy
0.1591,0.0308,7.1,Healthy
0.0603,0.0308,7.11,Healthy
0.0356,0.0308,7.12,Healthy
0.0138,0,7.13,Healthy
0.0138,0,7.14,Healthy
0.0138,0,7.15,Healthy
0.0138,0.0308,7.16,Healthy
0.0109,0.0308,7.17,Healthy
0.0138,0.0308,7.18,Healthy
0.0138,0.0308,7.19,Healthy
0.0138,0.0308,7.2,Healthy
0.0138,0.0616,7.21,Healthy
0.0138,0.0308,7.22,Healthy
0.0138,0,7.23,Healthy
0.0109,0,7.24,Healthy
0.0138,0.0308,7.25,Healthy
0.0138,0.0308,7.26,Healthy
0.0109,0.0308,7.27,Healthy
0.0138,0.0308,7.28,Healthy
0.0138,0,7.29,Healthy
0.0138,0,7.3,Healthy
0.0138,0,7.31,Healthy
0.0138,0.0308,7.32,Healthy
0.0385,0.0924,7.33,Healthy
0.0385,0.1848,7.34,Healthy
0.0385,0.3388,7.35,Healthy
0.0385,0.4312,7.36,Healthy
0.0385,0.616,7.37,Healthy
0.0385,0.6775,7.38,Healthy
0.0385,0.7699,7.39,Healthy
0.0385,0.8623,7.4,Healthy
0.0385,0.9855,7.41,Healthy
0.0385,1.1087,7.42,Healthy
0.0385,1.2319,7.43,Healthy
0.0138,1.3551,7.44,Healthy
0.0109,1.4783,7.45,Healthy
0.1344,1.5091,7.46,Healthy
0.2826,1.5399,7.47,Healthy
0.4309,1.4783,7.48,Healthy
0.6038,1.4475,7.49,Healthy
0.7767,1.4167,7.5,Healthy
0.9003,1.4167,7.51,Healthy
0.9497,1.3551,7.52,Healthy
0.9497,1.2627,7.53,Healthy
0.9003,1.1703,7.54,Healthy
0.8262,1.0163,7.55,Healthy
0.752,0.8623,7.56,Healthy
0.6779,0.7391,7.57,Healthy
0.5544,0.5852,7.58,Healthy
0.4803,0.462,7.59,Healthy
0.3815,0.3388,7.6,Healthy
0.3073,0.2464,7.61,Healthy
0.2085,0.154,7.62,Healthy
0.1591,0.0924,7.63,Healthy
0.1097,0,7.64,Healthy
0.0603,0,7.65,Healthy
0.0109,0.0308,7.66,Healthy
0.0385,0.0308,7.67,Healthy
0.0385,0.0308,7.68,Healthy
0.0385,0.0308,7.69,Healthy
0.0385,0.0308,7.7,Healthy
0.0632,0.0308,7.71,Healthy
0.0632,0.0308,7.72,Healthy
0.0632,0.0308,7.73,Healthy
0.0632,0.0308,7.74,Healthy
0.0632,0.0308,7.75,Healthy
0.0632,0.0308,7.76,Healthy
0.0385,0.0308,7.77,Healthy
0.0632,0.0308,7.78,Healthy
0.0385,0.0616,7.79,Healthy
0.0385,0.0308,7.8,Healthy
0.0385,0.0616,7.81,Healthy
0.0138,0.0924,7.82,Healthy
0.0385,0.0924,7.83,Healthy
0.0138,0.1232,7.84,Healthy
0.0385,0.154,7.85,Healthy
0.0385,0.1848,7.86,Healthy
0.0385,0.2464,7.87,Healthy
0.0385,0.308,7.88,Healthy
0.0632,0.4004,7.89,Healthy
0.0385,0.5236,7.9,Healthy
0.0385,0.6775,7.91,Healthy
0.0385,0.8623,7.92,Healthy
0.0385,0.9855,7.93,Healthy
0.0385,1.1087,7.94,Healthy
0.0385,1.2011,7.95,Healthy
0.0356,1.2319,7.96,Healthy
0.1344,1.2627,7.97,Healthy
0.3073,1.2627,7.98,Healthy
0.4803,1.2627,7.99,Healthy
0.6779,1.2319,8,Healthy
0.8509,1.2319,8.01,Healthy
0.9497,1.2011,8.02,Healthy
0.9991,1.1703,8.03,Healthy
1.0485,1.1395,8.04,Healthy
1.0485,1.0471,8.05,Healthy
0.9991,0.9547,8.06,Healthy
0.925,0.8623,8.07,Healthy
0.8509,0.7083,8.08,Healthy
0.7273,0.5544,8.09,Healthy
0.6038,0.4004,8.1,Healthy
0.4803,0.2772,8.11,Healthy
0.3567,0.154,8.12,Healthy
0.2826,0.0616,8.13,Healthy
0.1838,0,8.14,Healthy
0.1097,0.0308,8.15,Healthy
0.0356,0.0616,8.16,Healthy
0.0138,0.0924,8.17,Healthy
0.0632,0.1232,8.18,Healthy
0.0385,0.0616,8.19,Healthy
0.0385,0.0924,8.2,Healthy
0.0385,0.0924,8.21,Healthy
0.0632,0.0616,8.22,Healthy
0.088,0.0616,8.23,Healthy
0.0632,0.0616,8.24,Healthy
0.0632,0.0616,8.25,Healthy
0.0632,0.0308,8.26,Healthy
0.0632,0,8.27,Healthy
0.0385,0,8.28,Healthy
0.0385,0,8.29,Healthy
0.0632,0,8.3,Healthy
0.0385,0.0308,8.31,Healthy
0.0385,0.0616,8.32,Healthy
0.0385,0.1232,8.33,Healthy
0.0385,0.1848,8.34,Healthy
0.0385,0.2772,8.35,Healthy
0.0385,0.462,8.36,Healthy
0.0385,0.7083,8.37,Healthy
0.0632,0.9855,8.38,Healthy
0.0385,1.2011,8.39,Healthy
0.0632,1.3551,8.4,Healthy
0.0138,1.4783,8.41,Healthy
0.1097,1.6631,8.42,Healthy
0.4062,1.7863,8.43,Healthy
0.6285,1.8786,8.44,Healthy
0.8756,1.9402,8.45,Healthy
1.0979,1.971,8.46,Healthy
1.2214,1.971,8.47,Healthy
1.2956,1.8786,8.48,Healthy
1.3944,1.7863,8.49,Healthy
1.5179,1.7863,8.5,Healthy
1.6167,1.9402,8.51,Healthy
1.6661,2.1558,8.52,Healthy
1.6414,2.3098,8.53,Healthy
1.5426,2.3714,8.54,Healthy
1.3697,2.279,8.55,Healthy
1.1473,2.0326,8.56,Healthy
0.9497,1.6323,8.57,Healthy
0.752,1.2011,8.58,Healthy
0.5791,0.8623,8.59,Healthy
0.4556,0.616,8.6,Healthy
0.3567,0.4928,8.61,Healthy
0.3073,0.3696,8.62,Healthy
0.2579,0.2772,8.63,Healthy
0.2332,0.2156,8.64,Healthy
0.2085,0.154,8.65,Healthy
0.1591,0.0924,8.66,Healthy
0.1097,0.0308,8.67,Healthy
0.085,0,8.68,Healthy
0.085,0.0308,8.69,Healthy
0.0356,0.0616,8.7,Healthy
0.0356,0.0616,8.71,Healthy
0.0356,0,8.72,Healthy
0.0109,0,8.73,Healthy
0.0109,0.0308,8.74,Healthy
0.0109,0,8.75,Healthy
0.0109,0.0308,8.76,Healthy
0.0109,0.0616,8.77,Healthy
0.0109,0.0616,8.78,Healthy
0.0138,0.0616,8.79,Healthy
0.0138,0.0616,8.8,Healthy
0.0138,0.0308,8.81,Healthy
0.0109,0.0308,8.82,Healthy
0.0109,0.0308,8.83,Healthy
0.0109,0.0308,8.84,Healthy
0.0603,0,8.85,Healthy
0.085,0.0308,8.86,Healthy
0.1097,0.0616,8.87,Healthy
0.1097,0.0616,8.88,Healthy
0.1097,0.1232,8.89,Healthy
0.0603,0.2156,8.9,Healthy
0.0109,0.3388,8.91,Healthy
0.0109,0.4004,8.92,Healthy
0.0109,0.462,8.93,Healthy
0.0109,0.4928,8.94,Healthy
0.0356,0.5544,8.95,Healthy
0.0356,0.5236,8.96,Healthy
0.0356,0.4928,8.97,Healthy
0.0356,0.4928,8.98,Healthy
0.0356,0.5852,8.99,Healthy
0.085,0.6467,9,Healthy
0.1344,0.6775,9.01,Healthy
0.2332,0.6775,9.02,Healthy
0.3567,0.6775,9.03,Healthy
0.4803,0.6467,9.04,Healthy
0.6038,0.616,9.05,Healthy
0.6532,0.5852,9.06,Healthy
0.7273,0.5544,9.07,Healthy
0.752,0.5236,9.08,Healthy
0.752,0.4928,9.09,Healthy
0.7273,0.4312,9.1,Healthy
0.6779,0.3696,9.11,Healthy
0.6285,0.308,9.12,Healthy
0.5544,0.2464,9.13,Healthy
0.4803,0.154,9.14,Healthy
0.4062,0.1232,9.15,Healthy
0.3073,0.1232,9.16,Healthy
0.2579,0.0924,9.17,Healthy
0.1838,0.0616,9.18,Healthy
0.1591,0.0616,9.19,Healthy
0.1344,0.0308,9.2,Healthy
0.1097,0.0616,9.21,Healthy
0.1097,0.0616,9.22,Healthy
0.085,0.0616,9.23,Healthy
0.1097,0.0616,9.24,Healthy
0.1097,0.0924,9.25,Healthy
0.1097,0.1232,9.26,Healthy
0.1097,0.1232,9.27,Healthy
0.085,0.1232,9.28,Healthy
0.0356,0.154,9.29,Healthy
0.0109,0.154,9.3,Healthy
0.0356,0.1232,9.31,Healthy
0.0356,0.1232,9.32,Healthy
0.0356,0.1232,9.33,Healthy
0.0356,0.1232,9.34,Healthy
0.0109,0.0924,9.35,Healthy
0.0356,0.0924,9.36,Healthy
0.0356,0.0924,9.37,Healthy
0.0109,0.0616,9.38,Healthy
0.0109,0.0616,9.39,Healthy
0.0109,0.0616,9.4,Healthy
0.0109,0.0616,9.41,Healthy
0.0109,0.0616,9.42,Healthy
0.0109,0.0616,9.43,Healthy
0.0109,0.0616,9.44,Healthy
0.0356,0.0616,9.45,Healthy
0.0109,0.0924,9.46,Healthy
0.0109,0.1232,9.47,Healthy
0.0109,0.1232,9.48,Healthy
0.0109,0.1848,9.49,Healthy
0.0109,0.2772,9.5,Healthy
0.0109,0.3696,9.51,Healthy
0.0109,0.4928,9.52,Healthy
0.0109,0.616,9.53,Healthy
0.0109,0.6775,9.54,Healthy
0.0109,0.8007,9.55,Healthy
0.0356,0.8623,9.56,Healthy
0.0356,0.9239,9.57,Healthy
0.0356,0.9547,9.58,Healthy
0.0356,0.9855,9.59,Healthy
0.1838,0.9547,9.6,Healthy
0.4309,0.8931,9.61,Healthy
0.7026,0.8931,9.62,Healthy
0.9003,0.8931,9.63,Healthy
1.0732,0.8623,9.64,Healthy
1.1967,0.8931,9.65,Healthy
1.2956,0.8931,9.66,Healthy
1.345,0.8931,9.67,Healthy
1.3697,0.8623,9.68,Healthy
1.3697,0.8623,9.69,Healthy
1.4191,0.8315,9.7,Healthy
1.4191,0.7699,9.71,Healthy
1.3944,0.7083,9.72,Healthy
1.2709,0.616,9.73,Healthy
1.1226,0.4928,9.74,Healthy
0.9497,0.4004,9.75,Healthy
0.7767,0.2464,9.76,Healthy
0.6285,0.1232,9.77,Healthy
0.4803,0.0616,9.78,Healthy
0.3567,0,9.79,Healthy
0.332,0,9.8,Healthy
0.2826,0,9.81,Healthy
0.2332,0,9.82,Healthy
0.2332,0,9.83,Healthy
0.2579,0.0616,9.84,Healthy
0.2579,0.0616,9.85,Healthy
0.2332,0.0308,9.86,Healthy
0.1591,0,9.87,Healthy
0.0356,0,9.88,Healthy
0.0109,0,9.89,Healthy
0.0109,0,9.9,Healthy
0.0109,0.0308,9.91,Healthy
0.0356,0.0308,9.92,Healthy
0.0356,0.0308,9.93,Healthy
0.0109,0.0308,9.94,Healthy
0.0356,0.0308,9.95,Healthy
0.0356,0.0308,9.96,Healthy
0.0356,0.0308,9.97,Healthy
0.0356,0.0308,9.98,Healthy
0.0356,0.0308,9.99,Healthy
0.0356,0.0616,10,Healthy
0.0356,0.0924,10.01,Healthy
0.0356,0.1232,10.02,Healthy
0.0109,0.154,10.03,Healthy
0.0356,0.2156,10.04,Healthy
0.0356,0.308,10.05,Healthy
0.0356,0.4312,10.06,Healthy
0.0356,0.5852,10.07,Healthy
0.0356,0.7699,10.08,Healthy
0.0356,0.9239,10.09,Healthy
0.0356,1.0779,10.1,Healthy
0.0603,1.1703,10.11,Healthy
0.0603,1.2319,10.12,Healthy
0.1097,1.2935,10.13,Healthy
0.2085,1.3243,10.14,Healthy
0.4062,1.3551,10.15,Healthy
0.6285,1.3551,10.16,Healthy
0.8509,1.3551,10.17,Healthy
1.0485,1.3243,10.18,Healthy
1.1226,1.2627,10.19,Healthy
1.1967,1.2011,10.2,Healthy
1.2462,1.1395,10.21,Healthy
1.2462,1.0779,10.22,Healthy
1.2709,0.9855,10.23,Healthy
1.2709,0.8931,10.24,Healthy
1.2462,0.7699,10.25,Healthy
1.1226,0.616,10.26,Healthy
1.0238,0.4928,10.27,Healthy
0.9003,0.3696,10.28,Healthy
0.8015,0.308,10.29,Healthy
0.752,0.2772,10.3,Healthy
0.7026,0.2464,10.31,Healthy
0.6532,0.2156,10.32,Healthy
0.6038,0.154,10.33,Healthy
0.5297,0.0616,10.34,Healthy
0.505,0.1232,10.35,Healthy
0.505,0.3388,10.36,Healthy
0.5297,0.154,10.37,Healthy
0.4062,0.0924,10.38,Healthy
0.3567,0.0616,10.39,Healthy
0.2579,0.0308,10.4,Healthy
0.1344,0,10.41,Healthy
0.0603,0,10.42,Healthy
0.0109,0.0308,10.43,Healthy
0.0356,0.0308,10.44,Healthy
0.0356,0,10.45,Healthy
0.0356,0,10.46,Healthy
0.0603,0,10.47,Healthy
0.0603,0,10.48,Healthy
0.0603,0,10.49,Healthy
0.0603,0.0308,10.5,Healthy
0.085,0.0308,10.51,Healthy
0.085,0.0308,10.52,Healthy
0.085,0.0308,10.53,Healthy
0.0603,0.0616,10.54,Healthy
0.085,0.0616,10.55,Healthy
0.0603,0.0924,10.56,Healthy
0.0603,0.1232,10.57,Healthy
0.0603,0.1848,10.58,Healthy
0.0603,0.2772,10.59,Healthy
0.0356,0.4312,10.6,Healthy
0.0356,0.5852,10.61,Healthy
0.0356,0.7391,10.62,Healthy
0.0356,0.8623,10.63,Healthy
0.0356,0.9855,10.64,Healthy
0.0356,1.1087,10.65,Healthy
0.0603,1.2319,10.66,Healthy
0.1097,1.2935,10.67,Healthy
0.2085,1.2935,10.68,Healthy
0.332,1.2627,10.69,Healthy
0.505,1.2627,10.7,Healthy
0.6532,1.2319,10.71,Healthy
0.8262,1.2319,10.72,Healthy
0.9991,1.1703,10.73,Healthy
1.0979,1.1395,10.74,Healthy
1.1473,1.0779,10.75,Healthy
1.1226,0.9855,10.76,Healthy
1.0732,0.8931,10.77,Healthy
1.0238,0.8007,10.78,Healthy
0.9991,0.6775,10.79,Healthy
0.9497,0.5544,10.8,Healthy
0.8756,0.4312,10.81,Healthy
0.8015,0.3388,10.82,Healthy
0.7026,0.2464,10.83,Healthy
0.6285,0.1848,10.84,Healthy
0.5791,0.1232,10.85,Healthy
0.5297,0.0924,10.86,Healthy
0.505,0.0616,10.87,Healthy
0.4556,0.0308,10.88,Healthy
0.4062,0,10.89,Healthy
0.3567,0.0308,10.9,Healthy
0.3073,0.0616,10.91,Healthy
0.2579,0.1232,10.92,Healthy
0.2332,0.1848,10.93,Healthy
0.3073,0.2464,10.94,Healthy
0.2332,0.0924,10.95,Healthy
0.2085,0.0924,10.96,Healthy
0.1344,0.0924,10.97,Healthy
0.0356,0.0616,10.98,Healthy
0.0109,0.0308,10.99,Healthy
0.0356,0.0616,11,Healthy
0.0356,0.0308,11.01,Healthy
0.0603,0.0308,11.02,Healthy
0.0603,0,11.03,Healthy
0.0603,0,11.04,Healthy
0.0603,0,11.05,Healthy
0.0603,0,11.06,Healthy
0.0603,0,11.07,Healthy
0.0603,0,11.08,Healthy
0.0603,0,11.09,Healthy
0.0603,0,11.1,Healthy
0.0356,0,11.11,Healthy
0.0356,0.0616,11.12,Healthy
0.0356,0.0616,11.13,Healthy
0.0356,0.1232,11.14,Healthy
0.0356,0.1848,11.15,Healthy
0.0109,0.3388,11.16,Healthy
0.0356,0.4928,11.17,Healthy
0.0109,0.7083,11.18,Healthy
0.0109,0.8931,11.19,Healthy
0.0109,1.1087,11.2,Healthy
0.0109,1.3243,11.21,Healthy
0.0356,1.4783,11.22,Healthy
0.0603,1.5707,11.23,Healthy
0.1344,1.6015,11.24,Healthy
0.3073,1.6015,11.25,Healthy
0.5297,1.6015,11.26,Healthy
0.752,1.6015,11.27,Healthy
0.9744,1.6015,11.28,Healthy
1.1967,1.6015,11.29,Healthy
1.345,1.6015,11.3,Healthy
1.3944,1.5399,11.31,Healthy
1.4191,1.4783,11.32,Healthy
1.3944,1.3859,11.33,Healthy
1.4191,1.2627,11.34,Healthy
1.4685,1.1395,11.35,Healthy
1.4932,0.9855,11.36,Healthy
1.4932,0.8623,11.37,Healthy
1.4191,0.7391,11.38,Healthy
1.3203,0.616,11.39,Healthy
1.1967,0.4928,11.4,Healthy
1.0979,0.3696,11.41,Healthy
1.0238,0.3388,11.42,Healthy
0.9497,0.2772,11.43,Healthy
0.925,0.2772,11.44,Healthy
0.8756,0.2464,11.45,Healthy
0.8015,0.2464,11.46,Healthy
0.752,0.2156,11.47,Healthy
0.6779,0.1848,11.48,Healthy
0.6285,0.154,11.49,Healthy
0.5544,0.1232,11.5,Healthy
0.505,0.1232,11.51,Healthy
0.4803,0.0616,11.52,Healthy
0.4556,0.0308,11.53,Healthy
0.4309,0.0616,11.54,Healthy
0.4062,0.1232,11.55,Healthy
0.3567,0.1848,11.56,Healthy
0.3073,0.2464,11.57,Healthy
0.2332,0.1232,11.58,Healthy
0.1591,0.1232,11.59,Healthy
0.1344,0.1232,11.6,Healthy
0.1344,0.1232,11.61,Healthy
0.1097,0.1232,11.62,Healthy
0.085,0.1232,11.63,Healthy
0.085,0.1232,11.64,Healthy
0.0603,0.1232,11.65,Healthy
0.0356,0.0924,11.66,Healthy
0.0109,0.0924,11.67,Healthy
0.0138,0.0924,11.68,Healthy
0.0109,0.0616,11.69,Healthy
0.0109,0.0616,11.7,Healthy
0.0109,0.0308,11.71,Healthy
0.0109,0,11.72,Healthy
0.0109,0.0924,11.73,Healthy
0.0109,0.154,11.74,Healthy
0.0109,0.2772,11.75,Healthy
0.0109,0.4312,11.76,Healthy
0.0109,0.5544,11.77,Healthy
0.0356,0.6775,11.78,Healthy
0.0356,0.7699,11.79,Healthy
0.0356,0.8623,11.8,Healthy
0.0356,0.9239,11.81,Healthy
0.085,0.9239,11.82,Healthy
0.1838,0.9239,11.83,Healthy
0.2826,0.8623,11.84,Healthy
0.3567,0.8007,11.85,Healthy
0.4309,0.7391,11.86,Healthy
0.505,0.6775,11.87,Healthy
0.5791,0.6775,11.88,Healthy
0.6779,0.7083,11.89,Healthy
0.7273,0.6775,11.9,Healthy
0.7767,0.6467,11.91,Healthy
0.7273,0.5852,11.92,Healthy
0.6779,0.4928,11.93,Healthy
0.6285,0.4312,11.94,Healthy
0.5544,0.3696,11.95,Healthy
0.5544,0.308,11.96,Healthy
0.5297,0.2772,11.97,Healthy
0.5544,0.2156,11.98,Healthy
0.5297,0.2156,11.99,Healthy
0.5297,0.1848,12,Healthy
0.5297,0.154,12.01,Healthy
0.505,0.1232,12.02,Healthy
0.4309,0.0924,12.03,Healthy
0.3567,0.0924,12.04,Healthy
0.2826,0.0308,12.05,Healthy
0.2332,0.0308,12.06,Healthy
0.1838,0.0308,12.07,Healthy
0.1591,0,12.08,Healthy
0.1591,0,12.09,Healthy
0.1591,0,12.1,Healthy
0.1344,0,12.11,Healthy
0.1344,0,12.12,Healthy
0.1344,0,12.13,Healthy
0.1344,0,12.14,Healthy
0.1344,0,12.15,Healthy
0.1591,0,12.16,Healthy
0.1344,0,12.17,Healthy
0.1344,0,12.18,Healthy
0.1591,0,12.19,Healthy
0.1591,0,12.2,Healthy
0.1591,0,12.21,Healthy
0.1591,0,12.22,Healthy
0.1838,0,12.23,Healthy
0.1838,0,12.24,Healthy
0.1838,0,12.25,Healthy
0.2085,0,12.26,Healthy
0.2085,0,12.27,Healthy
0.2085,0.0308,12.28,Healthy
0.2085,0.0308,12.29,Healthy
0.2332,0.0308,12.3,Healthy
0.2332,0,12.31,Healthy
0.2579,0,12.32,Healthy
0.2826,0,12.33,Healthy
0.2826,0.0308,12.34,Healthy
0.2826,0.0308,12.35,Healthy
0.2826,0.0308,12.36,Healthy
0.2826,0.0308,12.37,Healthy
0.2826,0.0616,12.38,Healthy
0.2579,0.0616,12.39,Healthy
0.2579,0.0616,12.4,Healthy
0.2579,0.0924,12.41,Healthy
0.2579,0.1232,12.42,Healthy
0.2826,0.1232,12.43,Healthy
0.3073,0.1232,12.44,Healthy
0.3073,0.1232,12.45,Healthy
0.2826,0.1232,12.46,Healthy
0.2826,0.1232,12.47,Healthy
0.2826,0.1232,12.48,Healthy
0.2826,0.1232,12.49,Healthy
0.2579,0.154,12.5,Healthy
0.2579,0.154,12.51,Healthy
0.2332,0.1848,12.52,Healthy
0.2332,0.2464,12.53,Healthy
0.2332,0.2772,12.54,Healthy
0.2579,0.308,12.55,Healthy
0.2826,0.3388,12.56,Healthy
0.3073,0.3696,12.57,Healthy
0.332,0.4004,12.58,Healthy
0.3815,0.4004,12.59,Healthy
0.4309,0.4312,12.6,Healthy
0.4803,0.4312,12.61,Healthy
0.5297,0.462,12.62,Healthy
0.5544,0.462,12.63,Healthy
0.6038,0.4928,12.64,Healthy
0.6285,0.4928,12.65,Healthy
0.7026,0.4928,12.66,Healthy
0.7273,0.4928,12.67,Healthy
0.7767,0.462,12.68,Healthy
0.8015,0.4312,12.69,Healthy
0.8262,0.4004,12.7,Healthy
0.8509,0.3696,12.71,Healthy
0.8262,0.308,12.72,Healthy
0.7767,0.2464,12.73,Healthy
0.7273,0.1848,12.74,Healthy
0.6532,0.154,12.75,Healthy
0.5544,0.1232,12.76,Healthy
0.505,0.0924,12.77,Healthy
0.4309,0.0924,12.78,Healthy
0.3567,0.0924,12.79,Healthy
0.3073,0.0924,12.8,Healthy
0.2826,0.0616,12.81,Healthy
0.2332,0.0616,12.82,Healthy
0.1838,0.0616,12.83,Healthy
0.1344,0.0616,12.84,Healthy
0.1344,0.0616,12.85,Healthy
0.1097,0.0924,12.86,Healthy
0.1097,0.0924,12.87,Healthy
0.1097,0.0924,12.88,Healthy
0.1097,0.1232,12.89,Healthy
0.0356,0.1232,12.9,Healthy
0.0356,0.0924,12.91,Healthy
0.0356,0.0924,12.92,Healthy
0.0356,0.0616,12.93,Healthy
0.0603,0.0616,12.94,Healthy
0.0356,0.0616,12.95,Healthy
0.0356,0.0616,12.96,Healthy
0.0356,0.0616,12.97,Healthy
0.0603,0.0616,12.98,Healthy
0.0603,0.0308,12.99,Healthy
0.0603,0.0616,13,Healthy
0.0603,0.0616,13.01,Healthy
0.0603,0.0616,13.02,Healthy
0.0603,0.0616,13.03,Healthy
0.0603,0.0924,13.04,Healthy
0.0603,0.0924,13.05,Healthy
0.0603,0.0924,13.06,Healthy
0.0603,0.154,13.07,Healthy
0.0603,0.308,13.08,Healthy
0.0356,0.4312,13.09,Healthy
0.0603,0.616,13.1,Healthy
0.0603,0.7699,13.11,Healthy
0.0603,0.8623,13.12,Healthy
0.085,0.9547,13.13,Healthy
0.085,0.9855,13.14,Healthy
0.1097,0.9855,13.15,Healthy
0.1097,1.0163,13.16,Healthy
0.1591,1.0779,13.17,Healthy
0.2579,1.1087,13.18,Healthy
0.3567,1.1087,13.19,Healthy
0.4309,1.1087,13.2,Healthy
0.505,1.0471,13.21,Healthy
0.5791,1.0163,13.22,Healthy
0.6532,0.9855,13.23,Healthy
0.7273,0.9239,13.24,Healthy
0.8015,0.8931,13.25,Healthy
0.8509,0.8623,13.26,Healthy
0.8756,0.8315,13.27,Healthy
0.8756,0.8007,13.28,Healthy
0.8509,0.7699,13.29,Healthy
0.8262,0.7391,13.3,Healthy
0.8509,0.7083,13.31,Healthy
0.925,0.6775,13.32,Healthy
0.9991,0.7083,13.33,Healthy
1.1226,0.7083,13.34,Healthy
1.1967,0.7083,13.35,Healthy
1.2214,0.7083,13.36,Healthy
1.1967,0.6775,13.37,Healthy
1.0732,0.616,13.38,Healthy
0.925,0.5544,13.39,Healthy
0.7767,0.462,13.4,Healthy
0.6285,0.3696,13.41,Healthy
0.5297,0.308,13.42,Healthy
0.4556,0.2464,13.43,Healthy
0.4062,0.2156,13.44,Healthy
0.3567,0.154,13.45,Healthy
0.332,0.1232,13.46,Healthy
0.3073,0.0924,13.47,Healthy
0.2826,0.0924,13.48,Healthy
0.2826,0.0616,13.49,Healthy
0.2579,0.0308,13.5,Healthy
0.2332,0,13.51,Healthy
0.2085,0.0308,13.52,Healthy
0.2085,0.0308,13.53,Healthy
0.1838,0.0616,13.54,Healthy
0.1591,0.0616,13.55,Healthy
0.1344,0.0924,13.56,Healthy
0.1344,0.0924,13.57,Healthy
0.1097,0.0924,13.58,Healthy
0.085,0.1232,13.59,Healthy
0.085,0.1232,13.6,Healthy
0.0603,0.1232,13.61,Healthy
0.0603,0.1232,13.62,Healthy
0.0356,0.1232,13.63,Healthy
0.0356,0.154,13.64,Healthy
0.0356,0.154,13.65,Healthy
0.0603,0.2156,13.66,Healthy
0.085,0.2156,13.67,Healthy
0.1097,0.2464,13.68,Healthy
0.1344,0.2464,13.69,Healthy
0.1591,0.2156,13.7,Healthy
0.2085,0.2156,13.71,Healthy
0.2085,0.1848,13.72,Healthy
0.2332,0.154,13.73,Healthy
0.2332,0.0616,13.74,Healthy
0.085,0.0308,13.75,Healthy
0.0109,0.0924,13.76,Healthy
0.0138,0.1848,13.77,Healthy
0.0109,0.2772,13.78,Healthy
0.0109,0.3696,13.79,Healthy
0.0109,0.462,13.8,Healthy
0.0356,0.5544,13.81,Healthy
0.0356,0.6467,13.82,Healthy
0.0603,0.6467,13.83,Healthy
0.0603,0.6467,13.84,Healthy
0.085,0.6467,13.85,Healthy
0.085,0.6775,13.86,Healthy
0.1344,0.6775,13.87,Healthy
0.1838,0.7083,13.88,Healthy
0.2332,0.7391,13.89,Healthy
0.3073,0.7083,13.9,Healthy
0.332,0.6775,13.91,Healthy
0.3815,0.616,13.92,Healthy
0.4062,0.5852,13.93,Healthy
0.4309,0.5852,13.94,Healthy
0.505,0.5852,13.95,Healthy
0.5544,0.5852,13.96,Healthy
0.6285,0.5852,13.97,Healthy
0.6779,0.5544,13.98,Healthy
0.7273,0.5236,13.99,Healthy
0.7767,0.4928,14,Healthy
0.752,0.462,14.01,Healthy
0.752,0.4004,14.02,Healthy
0.7026,0.3388,14.03,Healthy
0.6532,0.2772,14.04,Healthy
0.5791,0.2464,14.05,Healthy
0.505,0.1848,14.06,Healthy
0.4309,0.154,14.07,Healthy
0.3567,0.1232,14.08,Healthy
0.332,0.0924,14.09,Healthy
0.2826,0.0616,14.1,Healthy
0.2579,0.0616,14.11,Healthy
0.2332,0.0616,14.12,Healthy
0.2085,0.0308,14.13,Healthy
0.2332,0,14.14,Healthy
0.2085,0,14.15,Healthy
0.2085,0,14.16,Healthy
0.2085,0,14.17,Healthy
0.1838,0,14.18,Healthy
0.1591,0,14.19,Healthy
0.1591,0,14.2,Healthy
0.1344,0,14.21,Healthy
0.1344,0,14.22,Healthy
0.1344,0.0308,14.23,Healthy
0.1591,0,14.24,Healthy
0.1591,0,14.25,Healthy
0.1591,0,14.26,Healthy
0.1591,0,14.27,Healthy
0.1591,0,14.28,Healthy
0.1838,0,14.29,Healthy
0.1591,0,14.3,Healthy
0.1097,0.0308,14.31,Healthy
0.085,0.0616,14.32,Healthy
0.0603,0.0924,14.33,Healthy
0.0356,0.0924,14.34,Healthy
0.0603,0.0924,14.35,Healthy
0.0603,0.0924,14.36,Healthy
0.0603,0.0924,14.37,Healthy
0.0603,0.1232,14.38,Healthy
0.0603,0.1232,14.39,Healthy
0.0603,0.1232,14.4,Healthy
0.0603,0.154,14.41,Healthy
0.0603,0.1848,14.42,Healthy
0.0603,0.2156,14.43,Healthy
0.0356,0.2464,14.44,Healthy
0.0356,0.2772,14.45,Healthy
0.0603,0.3388,14.46,Healthy
0.0356,0.4312,14.47,Healthy
0.0356,0.4928,14.48,Healthy
0.0356,0.616,14.49,Healthy
0.0356,0.7391,14.5,Healthy
0.0356,0.8623,14.51,Healthy
0.0356,1.0163,14.52,Healthy
0.0603,1.1703,14.53,Healthy
0.0603,1.2627,14.54,Healthy
0.085,1.2627,14.55,Healthy
0.1838,1.3243,14.56,Healthy
0.332,1.2935,14.57,Healthy
0.505,1.2627,14.58,Healthy
0.6779,1.2627,14.59,Healthy
0.8509,1.2627,14.6,Healthy
1.0238,1.2319,14.61,Healthy
1.1967,1.1395,14.62,Healthy
1.3203,1.0779,14.63,Healthy
1.3944,1.0163,14.64,Healthy
1.4438,0.9239,14.65,Healthy
1.4438,0.8623,14.66,Healthy
1.4191,0.7699,14.67,Healthy
1.3944,0.7083,14.68,Healthy
1.3203,0.616,14.69,Healthy
1.2709,0.5852,14.7,Healthy
1.1473,0.5236,14.71,Healthy
1.0238,0.4928,14.72,Healthy
0.8509,0.4004,14.73,Healthy
0.7026,0.3696,14.74,Healthy
0.5297,0.2772,14.75,Healthy
0.4309,0.2156,14.76,Healthy
0.3567,0.1232,14.77,Healthy
0.2826,0.0924,14.78,Healthy
0.2332,0.0308,14.79,Healthy
0.2085,0,14.8,Healthy
0.1591,0,14.81,Healthy
0.1591,0.0308,14.82,Healthy
0.1344,0.0616,14.83,Healthy
0.1097,0.0616,14.84,Healthy
0.1097,0.0616,14.85,Healthy
0.085,0.0308,14.86,Healthy
0.085,0.0616,14.87,Healthy
0.085,0.0616,14.88,Healthy
0.085,0.0616,14.89,Healthy
0.085,0.0616,14.9,Healthy
0.1097,0.0616,14.91,Healthy
0.1097,0.0616,14.92,Healthy
0.1344,0.0616,14.93,Healthy
0.1838,0.0308,14.94,Healthy
0.1838,0.0308,14.95,Healthy
0.1591,0,14.96,Healthy
0.1344,0.0308,14.97,Healthy
0.0603,0.0308,14.98,Healthy
0.085,0.0308,14.99,Healthy
0.0603,0.0616,15,Healthy
