F1,F2,t,Target
0,0.0326,1.01,Unhealthy
0,0.0018,1.02,Unhealthy
0.0247,0.0326,1.03,Unhealthy
0,0.0018,1.04,Unhealthy
0,0.0018,1.05,Unhealthy
0,0.0018,1.06,Unhealthy
0,0.0289,1.07,Unhealthy
0,0.0289,1.08,Unhealthy
0,0.0289,1.09,Unhealthy
0,0.0289,1.1,Unhealthy
0,0.0289,1.11,Unhealthy
0,0.0018,1.12,Unhealthy
0,0.0289,1.13,Unhealthy
0,0.0289,1.14,Unhealthy
0,0.0289,1.15,Unhealthy
0,0.0289,1.16,Unhealthy
0,0.0289,1.17,Unhealthy
0,0.0289,1.18,Unhealthy
0,0.0289,1.19,Unhealthy
0,0.0289,1.2,Unhealthy
0,0.0289,1.21,Unhealthy
0,0.0289,1.22,Unhealthy
0,0.0289,1.23,Unhealthy
0,0.0289,1.24,Unhealthy
0,0.0289,1.25,Unhealthy
0,0.0289,1.26,Unhealthy
0,0.0289,1.27,Unhealthy
0,0.0289,1.28,Unhealthy
0,0.0289,1.29,Unhealthy
0,0.0289,1.3,Unhealthy
0,0.0289,1.31,Unhealthy
0,0.0289,1.32,Unhealthy
0,0.0289,1.33,Unhealthy
0,0.0289,1.34,Unhealthy
0,0.0289,1.35,Unhealthy
0,0.0289,1.36,Unhealthy
0,0.0289,1.37,Unhealthy
0,0.0289,1.38,Unhealthy
0,0.0289,1.39,Unhealthy
0.0247,0.0289,1.4,Unhealthy
0,0.0289,1.41,Unhealthy
0,0.0597,1.42,Unhealthy
0,0.0597,1.43,Unhealthy
0,0.0289,1.44,Unhealthy
0,0.0289,1.45,Unhealthy
0,0.0289,1.46,Unhealthy
0,0.0289,1.47,Unhealthy
0,0.0289,1.48,Unhealthy
0,0.0289,1.49,Unhealthy
0,0.0597,1.5,Unhealthy
0,0.0597,1.51,Unhealthy
0,0.0597,1.52,Unhealthy
0,0.0597,1.53,Unhealthy
0,0.0597,1.54,Unhealthy
0,0.0597,1.55,Unhealthy
0,0.0597,1.56,Unhealthy
0,0.0597,1.57,Unhealthy
0,0.0597,1.58,Unhealthy
0,0.0597,1.59,Unhealthy
0,0.0289,1.6,Unhealthy
0,0.0289,1.61,Unhealthy
0,0.0289,1.62,Unhealthy
0,0.0289,1.63,Unhealthy
0,0.0289,1.64,Unhealthy
0,0.0289,1.65,Unhealthy
0,0.0289,1.66,Unhealthy
0,0.0289,1.67,Unhealthy
0,0.0289,1.68,Unhealthy
0,0.0289,1.69,Unhealthy
0,0.0289,1.7,Unhealthy
0,0.0289,1.71,Unhealthy
0,0.0289,1.72,Unhealthy
0,0.0289,1.73,Unhealthy
0,0.0289,1.74,Unhealthy
0,0.0289,1.75,Unhealthy
0,0.0597,1.76,Unhealthy
0,0.0597,1.77,Unhealthy
0,0.0597,1.78,Unhealthy
0,0.0597,1.79,Unhealthy
0,0.0597,1.8,Unhealthy
0,0.0597,1.81,Unhealthy
0,0.0597,1.82,Unhealthy
0,0.0597,1.83,Unhealthy
0,0.0597,1.84,Unhealthy
0,0.0597,1.85,Unhealthy
0,0.0597,1.86,Unhealthy
0,0.0289,1.87,Unhealthy
0,0.0597,1.88,Unhealthy
0,0.0597,1.89,Unhealthy
0,0.0597,1.9,Unhealthy
0,0.0597,1.91,Unhealthy
0,0.0597,1.92,Unhealthy
0,0.0597,1.93,Unhealthy
0,0.0597,1.94,Unhealthy
0,0.0597,1.95,Unhealthy
0,0.0597,1.96,Unhealthy
0,0.0597,1.97,Unhealthy
0,0.0597,1.98,Unhealthy
0,0.0597,1.99,Unhealthy
0,0.0597,2,Unhealthy
0,0.0289,2.01,Unhealthy
0,0.0597,2.02,Unhealthy
0,0.0597,2.03,Unhealthy
0,0.0597,2.04,Unhealthy
0,0.0597,2.05,Unhealthy
0,0.0597,2.06,Unhealthy
0,0.0597,2.07,Unhealthy
0,0.0597,2.08,Unhealthy
0,0.0597,2.09,Unhealthy
0,0.0597,2.1,Unhealthy
0,0.0597,2.11,Unhealthy
0,0.0289,2.12,Unhealthy
0,0.0289,2.13,Unhealthy
0,0.0289,2.14,Unhealthy
0,0.0289,2.15,Unhealthy
0,0.0289,2.16,Unhealthy
0,0.0289,2.17,Unhealthy
0,0.0289,2.18,Unhealthy
0,0.0289,2.19,Unhealthy
0,0.0289,2.2,Unhealthy
0,0.0597,2.21,Unhealthy
0,0.0289,2.22,Unhealthy
0,0.0289,2.23,Unhealthy
0,0.0289,2.24,Unhealthy
0,0.0289,2.25,Unhealthy
0,0.0289,2.26,Unhealthy
0,0.0289,2.27,Unhealthy
0.0247,0.0289,2.28,Unhealthy
0,0.0289,2.29,Unhealthy
0.0247,0.0289,2.3,Unhealthy
0,0.0289,2.31,Unhealthy
0,0.0289,2.32,Unhealthy
0,0.0289,2.33,Unhealthy
0,0.0289,2.34,Unhealthy
0,0.0289,2.35,Unhealthy
0.0247,0.0289,2.36,Unhealthy
0.0247,0.0289,2.37,Unhealthy
0,0.0289,2.38,Unhealthy
0,0.0289,2.39,Unhealthy
0,0.0289,2.4,Unhealthy
0.0247,0.0289,2.41,Unhealthy
0,0.0289,2.42,Unhealthy
0,0.0289,2.43,Unhealthy
0,0.0289,2.44,Unhealthy
0,0.0597,2.45,Unhealthy
0,0.0289,2.46,Unhealthy
0.0247,0.0289,2.47,Unhealthy
0,0.0289,2.48,Unhealthy
0,0.0597,2.49,Unhealthy
0,0.0289,2.5,Unhealthy
0,0.0597,2.51,Unhealthy
0,0.0289,2.52,Unhealthy
0.0247,0.0597,2.53,Unhealthy
0.0247,0.0289,2.54,Unhealthy
0,0.0289,2.55,Unhealthy
0,0.0289,2.56,Unhealthy
0,0.0289,2.57,Unhealthy
0.0247,0.0597,2.58,Unhealthy
0,0.0597,2.59,Unhealthy
0,0.0597,2.6,Unhealthy
0,0.0289,2.61,Unhealthy
0,0.0289,2.62,Unhealthy
0,0.0597,2.63,Unhealthy
0,0.0597,2.64,Unhealthy
0,0.0597,2.65,Unhealthy
0,0.0289,2.66,Unhealthy
0.0247,0.0597,2.67,Unhealthy
0.0247,0.0289,2.68,Unhealthy
0.0247,0.0289,2.69,Unhealthy
0,0.0289,2.7,Unhealthy
0,0.0597,2.71,Unhealthy
0,0.0289,2.72,Unhealthy
0,0.0597,2.73,Unhealthy
0.0247,0.0597,2.74,Unhealthy
0,0.0597,2.75,Unhealthy
0,0.0597,2.76,Unhealthy
0.0247,0.0289,2.77,Unhealthy
0.0247,0.0289,2.78,Unhealthy
0,0.0597,2.79,Unhealthy
0.0247,0.0289,2.8,Unhealthy
0.0247,0.0597,2.81,Unhealthy
0,0.0289,2.82,Unhealthy
0,0.0597,2.83,Unhealthy
0,0.0597,2.84,Unhealthy
0,0.0597,2.85,Unhealthy
0,0.0597,2.86,Unhealthy
0.0247,0.0289,2.87,Unhealthy
0,0.0597,2.88,Unhealthy
0,0.0597,2.89,Unhealthy
0,0.0597,2.9,Unhealthy
0.0247,0.0597,2.91,Unhealthy
0,0.0597,2.92,Unhealthy
0,0.0597,2.93,Unhealthy
0,0.0597,2.94,Unhealthy
0,0.0597,2.95,Unhealthy
0.0247,0.0289,2.96,Unhealthy
0,0.0597,2.97,Unhealthy
0.0247,0.0289,2.98,Unhealthy
0,0.0597,2.99,Unhealthy
0,0.0597,3,Unhealthy
0,0.0597,3.01,Unhealthy
0,0.0597,3.02,Unhealthy
0,0.0597,3.03,Unhealthy
0.0247,0.0289,3.04,Unhealthy
0,0.0597,3.05,Unhealthy
0,0.0289,3.06,Unhealthy
0,0.0597,3.07,Unhealthy
0,0.0597,3.08,Unhealthy
0,0.0597,3.09,Unhealthy
0,0.0597,3.1,Unhealthy
0.0247,0.0289,3.11,Unhealthy
0,0.0597,3.12,Unhealthy
0,0.0289,3.13,Unhealthy
0,0.0597,3.14,Unhealthy
0,0.0597,3.15,Unhealthy
0,0.0289,3.16,Unhealthy
0,0.0597,3.17,Unhealthy
0,0.0289,3.18,Unhealthy
0,0.0597,3.19,Unhealthy
0,0.0597,3.2,Unhealthy
0,0.0597,3.21,Unhealthy
0.0247,0.0597,3.22,Unhealthy
0,0.0597,3.23,Unhealthy
0,0.0289,3.24,Unhealthy
0,0.0289,3.25,Unhealthy
0,0.0289,3.26,Unhealthy
0,0.0289,3.27,Unhealthy
0,0.0597,3.28,Unhealthy
0.0247,0.0289,3.29,Unhealthy
0.0247,0.0597,3.3,Unhealthy
0.0247,0.0289,3.31,Unhealthy
0.0247,0.0289,3.32,Unhealthy
0.0494,0.0289,3.33,Unhealthy
0.0247,0.0597,3.34,Unhealthy
0.0494,0.0289,3.35,Unhealthy
0.0247,0.0289,3.36,Unhealthy
0.0247,0.0289,3.37,Unhealthy
0.0247,0.0289,3.38,Unhealthy
0.0494,0.0289,3.39,Unhealthy
0.0247,0.0289,3.4,Unhealthy
0.0494,0.0289,3.41,Unhealthy
0.0494,0.0289,3.42,Unhealthy
0.0494,0.0289,3.43,Unhealthy
0.0741,0.0289,3.44,Unhealthy
0.0741,0.0289,3.45,Unhealthy
0.0494,0.0289,3.46,Unhealthy
0.0741,0.0289,3.47,Unhealthy
0.0741,0.0289,3.48,Unhealthy
0.0741,0.0289,3.49,Unhealthy
0.0741,0.0289,3.5,Unhealthy
0.0741,0.0018,3.51,Unhealthy
0.0741,0.0018,3.52,Unhealthy
0.0741,0.0289,3.53,Unhealthy
0.0741,0.0289,3.54,Unhealthy
0.0741,0.0018,3.55,Unhealthy
0.0741,0.0289,3.56,Unhealthy
0.0741,0.0289,3.57,Unhealthy
0.0741,0.0018,3.58,Unhealthy
0.0741,0.0289,3.59,Unhealthy
0.0741,0.0289,3.6,Unhealthy
0.0741,0.0018,3.61,Unhealthy
0.0741,0.0289,3.62,Unhealthy
0.0494,0.0289,3.63,Unhealthy
0.0494,0.0289,3.64,Unhealthy
0.0494,0.0289,3.65,Unhealthy
0.0494,0.0289,3.66,Unhealthy
0.0494,0.0289,3.67,Unhealthy
0.0494,0.0289,3.68,Unhealthy
0.0494,0.0289,3.69,Unhealthy
0.0247,0.0289,3.7,Unhealthy
0.0247,0.0289,3.71,Unhealthy
0.0247,0.0289,3.72,Unhealthy
0,0.0289,3.73,Unhealthy
0,0.0289,3.74,Unhealthy
0,0.0289,3.75,Unhealthy
0,0.0289,3.76,Unhealthy
0,0.0289,3.77,Unhealthy
0.0247,0.0289,3.78,Unhealthy
0,0.0289,3.79,Unhealthy
0,0.0289,3.8,Unhealthy
0.0247,0.0289,3.81,Unhealthy
0,0.0289,3.82,Unhealthy
0,0.0289,3.83,Unhealthy
0.0247,0.0289,3.84,Unhealthy
0,0.0289,3.85,Unhealthy
0,0.0289,3.86,Unhealthy
0,0.0289,3.87,Unhealthy
0,0.0289,3.88,Unhealthy
0,0.0018,3.89,Unhealthy
0,0.0018,3.9,Unhealthy
0.0247,0.0018,3.91,Unhealthy
0.0247,0.0018,3.92,Unhealthy
0.0494,0.0018,3.93,Unhealthy
0.0494,0.0018,3.94,Unhealthy
0.0494,0.0018,3.95,Unhealthy
0.0247,0.0018,3.96,Unhealthy
0.0247,0.0018,3.97,Unhealthy
0.0494,0.0018,3.98,Unhealthy
0.0247,0.0018,3.99,Unhealthy
0.0247,0.0018,4,Unhealthy
0.0247,0.0018,4.01,Unhealthy
0.0247,0.0018,4.02,Unhealthy
0,0.0018,4.03,Unhealthy
0,0.0018,4.04,Unhealthy
0,0.0018,4.05,Unhealthy
0,0.0018,4.06,Unhealthy
0.0247,0.0018,4.07,Unhealthy
0.0247,0.0018,4.08,Unhealthy
0.0247,0.0018,4.09,Unhealthy
0.0247,0.0018,4.1,Unhealthy
0.0494,0.0018,4.11,Unhealthy
0.0494,0.0018,4.12,Unhealthy
0.0741,0.0018,4.13,Unhealthy
0.1235,0.0018,4.14,Unhealthy
0.1235,0.0018,4.15,Unhealthy
0.1482,0.0018,4.16,Unhealthy
0.1482,0.0018,4.17,Unhealthy
0.1235,0.0018,4.18,Unhealthy
0.1235,0.0018,4.19,Unhealthy
0.0988,0.0018,4.2,Unhealthy
0.0741,0.0018,4.21,Unhealthy
0.0494,0.0018,4.22,Unhealthy
0.0494,0.0289,4.23,Unhealthy
0.0247,0.0289,4.24,Unhealthy
0.0247,0.0018,4.25,Unhealthy
0,0.0289,4.26,Unhealthy
0,0.0018,4.27,Unhealthy
0.0247,0.0289,4.28,Unhealthy
0.0494,0.0018,4.29,Unhealthy
0.0741,0.0018,4.3,Unhealthy
0.0741,0.0326,4.31,Unhealthy
0.0988,0.0018,4.32,Unhealthy
0.1235,0.0326,4.33,Unhealthy
0.1235,0.0326,4.34,Unhealthy
0.1482,0.0326,4.35,Unhealthy
0.1729,0.0634,4.36,Unhealthy
0.1482,0.0634,4.37,Unhealthy
0.1729,0.0634,4.38,Unhealthy
0.1976,0.0942,4.39,Unhealthy
0.2224,0.125,4.4,Unhealthy
0.2471,0.125,4.41,Unhealthy
0.2965,0.1558,4.42,Unhealthy
0.2471,0.1558,4.43,Unhealthy
0.2965,0.1866,4.44,Unhealthy
0.2471,0.1866,4.45,Unhealthy
0.2471,0.2174,4.46,Unhealthy
0.2471,0.2174,4.47,Unhealthy
0.2471,0.2174,4.48,Unhealthy
0.2718,0.2174,4.49,Unhealthy
0.2718,0.1866,4.5,Unhealthy
0.2471,0.1866,4.51,Unhealthy
0.2224,0.1866,4.52,Unhealthy
0.1976,0.1866,4.53,Unhealthy
0.1729,0.1866,4.54,Unhealthy
0.1482,0.1866,4.55,Unhealthy
0.1482,0.1866,4.56,Unhealthy
0.1482,0.2174,4.57,Unhealthy
0.1729,0.2174,4.58,Unhealthy
0.2224,0.2174,4.59,Unhealthy
0.2224,0.2174,4.6,Unhealthy
0.2471,0.2174,4.61,Unhealthy
0.2471,0.2174,4.62,Unhealthy
0.1976,0.2174,4.63,Unhealthy
0.1729,0.2174,4.64,Unhealthy
0.1482,0.2174,4.65,Unhealthy
0.1482,0.1866,4.66,Unhealthy
0.1482,0.1866,4.67,Unhealthy
0.1235,0.1558,4.68,Unhealthy
0.0988,0.1558,4.69,Unhealthy
0.0988,0.125,4.7,Unhealthy
0.0741,0.0942,4.71,Unhealthy
0.0741,0.0942,4.72,Unhealthy
0.0741,0.0634,4.73,Unhealthy
0.0741,0.0634,4.74,Unhealthy
0.0741,0.0326,4.75,Unhealthy
0.0494,0.0018,4.76,Unhealthy
0.0494,0.0018,4.77,Unhealthy
0.0494,0.0289,4.78,Unhealthy
0.0494,0.0597,4.79,Unhealthy
0.0247,0.0597,4.8,Unhealthy
0.0494,0.0597,4.81,Unhealthy
0.0494,0.0905,4.82,Unhealthy
0.0741,0.1213,4.83,Unhealthy
0.0741,0.0905,4.84,Unhealthy
0.0741,0.0905,4.85,Unhealthy
0.0741,0.0905,4.86,Unhealthy
0.0988,0.0597,4.87,Unhealthy
0.0988,0.0905,4.88,Unhealthy
0.0988,0.0597,4.89,Unhealthy
0.1235,0.0597,4.9,Unhealthy
0.1482,0.0597,4.91,Unhealthy
0.1482,0.0597,4.92,Unhealthy
0.1729,0.0289,4.93,Unhealthy
0.2224,0.0018,4.94,Unhealthy
0.2471,0.0018,4.95,Unhealthy
0.2718,0.0326,4.96,Unhealthy
0.2965,0.0326,4.97,Unhealthy
0.2965,0.0634,4.98,Unhealthy
0.2718,0.0634,4.99,Unhealthy
0.2718,0.0634,5,Unhealthy
0.2718,0.0634,5.01,Unhealthy
0.2471,0.0942,5.02,Unhealthy
0.2471,0.0942,5.03,Unhealthy
0.2224,0.125,5.04,Unhealthy
0.1976,0.125,5.05,Unhealthy
0.1729,0.1558,5.06,Unhealthy
0.1482,0.1558,5.07,Unhealthy
0.1482,0.1558,5.08,Unhealthy
0.1482,0.1558,5.09,Unhealthy
0.1235,0.1558,5.1,Unhealthy
0.0988,0.125,5.11,Unhealthy
0.0741,0.0942,5.12,Unhealthy
0.0741,0.0634,5.13,Unhealthy
0.0741,0.0326,5.14,Unhealthy
0.0494,0.0289,5.15,Unhealthy
0.0494,0.0905,5.16,Unhealthy
0.0494,0.1521,5.17,Unhealthy
0.0494,0.2137,5.18,Unhealthy
0.0741,0.2445,5.19,Unhealthy
0.0741,0.2753,5.2,Unhealthy
0.0741,0.2753,5.21,Unhealthy
0.0741,0.2753,5.22,Unhealthy
0.0741,0.3061,5.23,Unhealthy
0.0494,0.3061,5.24,Unhealthy
0.0494,0.3369,5.25,Unhealthy
0.0741,0.3369,5.26,Unhealthy
0.0494,0.3677,5.27,Unhealthy
0.0494,0.4293,5.28,Unhealthy
0.0247,0.5217,5.29,Unhealthy
0.0247,0.6141,5.3,Unhealthy
0.0247,0.7989,5.31,Unhealthy
0.0247,0.8605,5.32,Unhealthy
0,0.7681,5.33,Unhealthy
0.0494,0.6757,5.34,Unhealthy
0.0741,0.5525,5.35,Unhealthy
0.0741,0.4909,5.36,Unhealthy
0.0741,0.4293,5.37,Unhealthy
0.0988,0.3677,5.38,Unhealthy
0.0988,0.3061,5.39,Unhealthy
0.0988,0.3061,5.4,Unhealthy
0.0741,0.3369,5.41,Unhealthy
0.0988,0.3369,5.42,Unhealthy
0.0741,0.3369,5.43,Unhealthy
0.0988,0.3061,5.44,Unhealthy
0.0988,0.3061,5.45,Unhealthy
0.0988,0.3061,5.46,Unhealthy
0.1235,0.2753,5.47,Unhealthy
0.1235,0.2753,5.48,Unhealthy
0.1235,0.2753,5.49,Unhealthy
0.1482,0.2753,5.5,Unhealthy
0.1482,0.2445,5.51,Unhealthy
0.1482,0.2137,5.52,Unhealthy
0.1482,0.1829,5.53,Unhealthy
0.1482,0.1829,5.54,Unhealthy
0.1482,0.1521,5.55,Unhealthy
0.1482,0.1521,5.56,Unhealthy
0.1482,0.1521,5.57,Unhealthy
0.1482,0.1829,5.58,Unhealthy
0.1482,0.1829,5.59,Unhealthy
0.1235,0.2445,5.6,Unhealthy
0.0988,0.3061,5.61,Unhealthy
0.0988,0.3677,5.62,Unhealthy
0.0988,0.3985,5.63,Unhealthy
0.0741,0.4293,5.64,Unhealthy
0.0741,0.3677,5.65,Unhealthy
0.0988,0.3369,5.66,Unhealthy
0.0988,0.3061,5.67,Unhealthy
0.0988,0.3061,5.68,Unhealthy
0.0988,0.3061,5.69,Unhealthy
0.0988,0.3369,5.7,Unhealthy
0.1235,0.3369,5.71,Unhealthy
0.1482,0.3061,5.72,Unhealthy
0.1482,0.2753,5.73,Unhealthy
0.1482,0.2137,5.74,Unhealthy
0.1482,0.2137,5.75,Unhealthy
0.1482,0.2137,5.76,Unhealthy
0.1482,0.1829,5.77,Unhealthy
0.1482,0.2137,5.78,Unhealthy
0.1235,0.2137,5.79,Unhealthy
0.1235,0.2137,5.8,Unhealthy
0.1235,0.2445,5.81,Unhealthy
0.1235,0.2445,5.82,Unhealthy
0.1235,0.2445,5.83,Unhealthy
0.1235,0.2753,5.84,Unhealthy
0.1235,0.2445,5.85,Unhealthy
0.1482,0.2137,5.86,Unhealthy
0.1235,0.2137,5.87,Unhealthy
0.1482,0.2137,5.88,Unhealthy
0.1482,0.2137,5.89,Unhealthy
0.1482,0.1829,5.9,Unhealthy
0.1482,0.1521,5.91,Unhealthy
0.1482,0.1213,5.92,Unhealthy
0.1482,0.0905,5.93,Unhealthy
0.1729,0.0905,5.94,Unhealthy
0.1729,0.0905,5.95,Unhealthy
0.1729,0.0597,5.96,Unhealthy
0.1729,0.0597,5.97,Unhealthy
0.1729,0.0597,5.98,Unhealthy
0.1729,0.0289,5.99,Unhealthy
0.1976,0.0289,6,Unhealthy
0.1976,0.0018,6.01,Unhealthy
0.1976,0.0018,6.02,Unhealthy
0.1976,0.0326,6.03,Unhealthy
0.1976,0.0326,6.04,Unhealthy
0.1729,0.0326,6.05,Unhealthy
0.1729,0.0326,6.06,Unhealthy
0.1729,0.0326,6.07,Unhealthy
0.1729,0.0326,6.08,Unhealthy
0.1729,0.0326,6.09,Unhealthy
0.1729,0.0326,6.1,Unhealthy
0.1729,0.0326,6.11,Unhealthy
0.1482,0.0018,6.12,Unhealthy
0.1482,0.0018,6.13,Unhealthy
0.1482,0.0018,6.14,Unhealthy
0.1482,0.0018,6.15,Unhealthy
0.1482,0.0289,6.16,Unhealthy
0.1482,0.0289,6.17,Unhealthy
0.1482,0.0289,6.18,Unhealthy
0.1482,0.0289,6.19,Unhealthy
0.1482,0.0289,6.2,Unhealthy
0.1482,0.0289,6.21,Unhealthy
0.1482,0.0289,6.22,Unhealthy
0.1482,0.0018,6.23,Unhealthy
0.1482,0.0018,6.24,Unhealthy
0.1482,0.0326,6.25,Unhealthy
0.1482,0.0326,6.26,Unhealthy
0.1482,0.0018,6.27,Unhealthy
0.1235,0.0018,6.28,Unhealthy
0.1235,0.0018,6.29,Unhealthy
0.1235,0.0018,6.3,Unhealthy
0.0988,0.0289,6.31,Unhealthy
0.0741,0.0597,6.32,Unhealthy
0.0741,0.1213,6.33,Unhealthy
0.0741,0.1521,6.34,Unhealthy
0.0741,0.1521,6.35,Unhealthy
0.0741,0.1829,6.36,Unhealthy
0.0494,0.2137,6.37,Unhealthy
0.0494,0.2137,6.38,Unhealthy
0.0494,0.2753,6.39,Unhealthy
0.0494,0.2753,6.4,Unhealthy
0.0247,0.3061,6.41,Unhealthy
0.0494,0.3369,6.42,Unhealthy
0.0494,0.3369,6.43,Unhealthy
0.0494,0.3677,6.44,Unhealthy
0.0247,0.3677,6.45,Unhealthy
0.0494,0.3985,6.46,Unhealthy
0.0247,0.3985,6.47,Unhealthy
0.0494,0.3985,6.48,Unhealthy
0.0247,0.3985,6.49,Unhealthy
0.0247,0.3677,6.5,Unhealthy
0,0.3369,6.51,Unhealthy
0,0.3061,6.52,Unhealthy
0.0247,0.2753,6.53,Unhealthy
0.0247,0.2445,6.54,Unhealthy
0,0.2137,6.55,Unhealthy
0.0247,0.1829,6.56,Unhealthy
0.0247,0.1829,6.57,Unhealthy
0.0247,0.2137,6.58,Unhealthy
0.0247,0.2137,6.59,Unhealthy
0.0247,0.2753,6.6,Unhealthy
0.0247,0.3061,6.61,Unhealthy
0.0247,0.3985,6.62,Unhealthy
0.0494,0.4601,6.63,Unhealthy
0.0494,0.5217,6.64,Unhealthy
0.0494,0.5525,6.65,Unhealthy
0.0494,0.5525,6.66,Unhealthy
0.0494,0.5525,6.67,Unhealthy
0.0494,0.5525,6.68,Unhealthy
0.0494,0.5833,6.69,Unhealthy
0.0494,0.5833,6.7,Unhealthy
0.0494,0.5833,6.71,Unhealthy
0.0247,0.5833,6.72,Unhealthy
0.0247,0.5217,6.73,Unhealthy
0.0247,0.4909,6.74,Unhealthy
0,0.4601,6.75,Unhealthy
0,0.4293,6.76,Unhealthy
0,0.3985,6.77,Unhealthy
0,0.3677,6.78,Unhealthy
0,0.3677,6.79,Unhealthy
0,0.3677,6.8,Unhealthy
0.0247,0.3677,6.81,Unhealthy
0,0.3369,6.82,Unhealthy
0.0247,0.3061,6.83,Unhealthy
0.0247,0.2753,6.84,Unhealthy
0.0247,0.2445,6.85,Unhealthy
0.0247,0.2137,6.86,Unhealthy
0.0247,0.1829,6.87,Unhealthy
0.0741,0.1521,6.88,Unhealthy
0.0741,0.1213,6.89,Unhealthy
0.0741,0.0905,6.9,Unhealthy
0.0494,0.0905,6.91,Unhealthy
0.0494,0.0597,6.92,Unhealthy
0.0247,0.0597,6.93,Unhealthy
0.0247,0.0597,6.94,Unhealthy
0.0247,0.0597,6.95,Unhealthy
0.0247,0.0597,6.96,Unhealthy
0.0247,0.0597,6.97,Unhealthy
0.0494,0.0597,6.98,Unhealthy
0.0494,0.0597,6.99,Unhealthy
0.0247,0.0597,7,Unhealthy
0.0247,0.0597,7.01,Unhealthy
0.0247,0.0597,7.02,Unhealthy
0,0.0289,7.03,Unhealthy
0,0.0289,7.04,Unhealthy
0,0.0597,7.05,Unhealthy
0.0247,0.0289,7.06,Unhealthy
0.0247,0.0289,7.07,Unhealthy
0.0494,0.0289,7.08,Unhealthy
0.0741,0.0597,7.09,Unhealthy
0.1235,0.0905,7.1,Unhealthy
0.0988,0.0905,7.11,Unhealthy
0.0494,0.1521,7.12,Unhealthy
0.0247,0.2137,7.13,Unhealthy
0.0247,0.3061,7.14,Unhealthy
0.0247,0.3061,7.15,Unhealthy
0.0494,0.3369,7.16,Unhealthy
0.0247,0.3677,7.17,Unhealthy
0.0247,0.3985,7.18,Unhealthy
0.0247,0.4293,7.19,Unhealthy
0.0247,0.4601,7.2,Unhealthy
0.0247,0.4601,7.21,Unhealthy
0.0247,0.4909,7.22,Unhealthy
0.0247,0.4909,7.23,Unhealthy
0,0.4909,7.24,Unhealthy
0.0247,0.4909,7.25,Unhealthy
0,0.4601,7.26,Unhealthy
0.0247,0.4909,7.27,Unhealthy
0.0247,0.4909,7.28,Unhealthy
0.0247,0.5217,7.29,Unhealthy
0.0247,0.5525,7.3,Unhealthy
0.0494,0.5525,7.31,Unhealthy
0.0494,0.5833,7.32,Unhealthy
0.0741,0.5833,7.33,Unhealthy
0.0741,0.5833,7.34,Unhealthy
0.0494,0.6141,7.35,Unhealthy
0.0741,0.6757,7.36,Unhealthy
0.0494,0.6757,7.37,Unhealthy
0.0741,0.6757,7.38,Unhealthy
0.0741,0.6141,7.39,Unhealthy
0.0494,0.6141,7.4,Unhealthy
0.0741,0.5833,7.41,Unhealthy
0.0741,0.5833,7.42,Unhealthy
0.0741,0.6141,7.43,Unhealthy
0.0741,0.6757,7.44,Unhealthy
0.0988,0.7065,7.45,Unhealthy
0.0988,0.7065,7.46,Unhealthy
0.0988,0.7373,7.47,Unhealthy
0.0988,0.7989,7.48,Unhealthy
0.0988,0.8297,7.49,Unhealthy
0.0988,0.8913,7.5,Unhealthy
0.0988,0.9529,7.51,Unhealthy
0.0988,1.0453,7.52,Unhealthy
0.0988,1.1069,7.53,Unhealthy
0.0988,1.1069,7.54,Unhealthy
0.0741,1.0761,7.55,Unhealthy
0.0494,0.9529,7.56,Unhealthy
0.0494,0.8605,7.57,Unhealthy
0.0494,0.7681,7.58,Unhealthy
0.0494,0.6449,7.59,Unhealthy
0.0494,0.6141,7.6,Unhealthy
0.0741,0.5833,7.61,Unhealthy
0.0494,0.5525,7.62,Unhealthy
0.0494,0.5217,7.63,Unhealthy
0.0494,0.5217,7.64,Unhealthy
0.0494,0.5217,7.65,Unhealthy
0.0494,0.5525,7.66,Unhealthy
0.0494,0.6141,7.67,Unhealthy
0.0494,0.7065,7.68,Unhealthy
0.0494,0.8297,7.69,Unhealthy
0.0494,0.9221,7.7,Unhealthy
0.0247,1.0145,7.71,Unhealthy
0.0494,1.0761,7.72,Unhealthy
0.0494,1.1377,7.73,Unhealthy
0.0494,1.1993,7.74,Unhealthy
0.0494,1.2301,7.75,Unhealthy
0.0494,1.2301,7.76,Unhealthy
0.0494,1.1993,7.77,Unhealthy
0.0494,1.1685,7.78,Unhealthy
0.0494,1.1993,7.79,Unhealthy
0.0741,1.3532,7.8,Unhealthy
0.0741,1.4764,7.81,Unhealthy
0.0988,1.538,7.82,Unhealthy
0.0741,1.538,7.83,Unhealthy
0.0741,1.538,7.84,Unhealthy
0.0741,1.5688,7.85,Unhealthy
0.0741,1.7228,7.86,Unhealthy
0.0988,1.846,7.87,Unhealthy
0.0741,1.9692,7.88,Unhealthy
0.0741,2.0308,7.89,Unhealthy
0.0741,2,7.9,Unhealthy
0.0494,1.9384,7.91,Unhealthy
0.0494,1.9076,7.92,Unhealthy
0.0494,1.9692,7.93,Unhealthy
0.0494,2.0616,7.94,Unhealthy
0.0494,2.154,7.95,Unhealthy
0.0494,2.2464,7.96,Unhealthy
0.0247,2.2464,7.97,Unhealthy
0.0247,2.1848,7.98,Unhealthy
0.0247,2.0924,7.99,Unhealthy
0.0247,2.0308,8,Unhealthy
0,1.9692,8.01,Unhealthy
0.0247,1.9384,8.02,Unhealthy
0.0247,1.9692,8.03,Unhealthy
0.0494,1.9692,8.04,Unhealthy
0.0741,1.9384,8.05,Unhealthy
0.1235,1.7844,8.06,Unhealthy
0.1482,1.5688,8.07,Unhealthy
0.1976,1.384,8.08,Unhealthy
0.2224,1.2609,8.09,Unhealthy
0.2224,1.1685,8.1,Unhealthy
0.1976,1.1069,8.11,Unhealthy
0.2224,1.1685,8.12,Unhealthy
0.2224,1.1993,8.13,Unhealthy
0.2471,1.1993,8.14,Unhealthy
0.2965,1.1993,8.15,Unhealthy
0.3459,1.1069,8.16,Unhealthy
0.3459,1.0761,8.17,Unhealthy
0.3706,1.0453,8.18,Unhealthy
0.42,1.0145,8.19,Unhealthy
0.4694,0.9529,8.2,Unhealthy
0.4941,0.8605,8.21,Unhealthy
0.5435,0.7989,8.22,Unhealthy
0.5682,0.7065,8.23,Unhealthy
0.5929,0.6449,8.24,Unhealthy
0.6423,0.5833,8.25,Unhealthy
0.6918,0.5525,8.26,Unhealthy
0.7165,0.4909,8.27,Unhealthy
0.6918,0.4909,8.28,Unhealthy
0.6671,0.4293,8.29,Unhealthy
0.6176,0.4293,8.3,Unhealthy
0.5682,0.4293,8.31,Unhealthy
0.5435,0.4293,8.32,Unhealthy
0.5435,0.3985,8.33,Unhealthy
0.5188,0.3677,8.34,Unhealthy
0.4694,0.3677,8.35,Unhealthy
0.3706,0.3369,8.36,Unhealthy
0.1976,0.3369,8.37,Unhealthy
0.1976,0.3061,8.38,Unhealthy
0.3953,0.2445,8.39,Unhealthy
0.4941,0.2137,8.4,Unhealthy
0.4447,0.2445,8.41,Unhealthy
0.2965,0.2753,8.42,Unhealthy
0.1976,0.2753,8.43,Unhealthy
0.0988,0.2753,8.44,Unhealthy
0.0494,0.2753,8.45,Unhealthy
0.0247,0.3061,8.46,Unhealthy
0,0.3061,8.47,Unhealthy
0,0.3369,8.48,Unhealthy
0.0247,0.3369,8.49,Unhealthy
0.0247,0.3369,8.5,Unhealthy
0.0247,0.3369,8.51,Unhealthy
0.0247,0.3677,8.52,Unhealthy
0.0247,0.3369,8.53,Unhealthy
0.0247,0.3369,8.54,Unhealthy
0,0.3369,8.55,Unhealthy
0,0.3369,8.56,Unhealthy
0,0.3061,8.57,Unhealthy
0.0247,0.3369,8.58,Unhealthy
0.0247,0.3061,8.59,Unhealthy
0.0494,0.3061,8.6,Unhealthy
0.0741,0.3061,8.61,Unhealthy
0.0741,0.3061,8.62,Unhealthy
0.0988,0.3061,8.63,Unhealthy
0.0988,0.3061,8.64,Unhealthy
0.0988,0.3369,8.65,Unhealthy
0.1235,0.3061,8.66,Unhealthy
0.1235,0.3061,8.67,Unhealthy
0.1482,0.3369,8.68,Unhealthy
0.1482,0.3369,8.69,Unhealthy
0.1729,0.3369,8.7,Unhealthy
0.1976,0.3369,8.71,Unhealthy
0.2471,0.3369,8.72,Unhealthy
0.2965,0.3369,8.73,Unhealthy
0.3459,0.3369,8.74,Unhealthy
0.3706,0.3369,8.75,Unhealthy
0.42,0.3369,8.76,Unhealthy
0.4694,0.3677,8.77,Unhealthy
0.4941,0.3677,8.78,Unhealthy
0.5188,0.3985,8.79,Unhealthy
0.5435,0.3985,8.8,Unhealthy
0.5929,0.3985,8.81,Unhealthy
0.6671,0.3985,8.82,Unhealthy
0.7659,0.4293,8.83,Unhealthy
0.8894,0.4293,8.84,Unhealthy
0.9388,0.4293,8.85,Unhealthy
0.9388,0.4293,8.86,Unhealthy
0.8647,0.4293,8.87,Unhealthy
0.8153,0.4293,8.88,Unhealthy
0.8153,0.4601,8.89,Unhealthy
0.84,0.4601,8.9,Unhealthy
0.8894,0.4909,8.91,Unhealthy
0.8894,0.4601,8.92,Unhealthy
0.8647,0.4909,8.93,Unhealthy
0.8647,0.5217,8.94,Unhealthy
0.8647,0.5217,8.95,Unhealthy
0.9141,0.5217,8.96,Unhealthy
0.9388,0.4601,8.97,Unhealthy
0.9635,0.3985,8.98,Unhealthy
0.9882,0.3677,8.99,Unhealthy
1.0376,0.3061,9,Unhealthy
1.1118,0.2445,9.01,Unhealthy
1.1612,0.2137,9.02,Unhealthy
1.2353,0.1829,9.03,Unhealthy
1.2847,0.1213,9.04,Unhealthy
1.3588,0.1213,9.05,Unhealthy
1.4823,0.0905,9.06,Unhealthy
1.5317,0.0597,9.07,Unhealthy
1.5565,0.0289,9.08,Unhealthy
1.5317,0.0289,9.09,Unhealthy
1.4823,0.0018,9.1,Unhealthy
1.3835,0.0289,9.11,Unhealthy
1.2353,0.0289,9.12,Unhealthy
1.0623,0.0289,9.13,Unhealthy
0.8894,0.0597,9.14,Unhealthy
0.7165,0.0905,9.15,Unhealthy
0.3706,0.0905,9.16,Unhealthy
0.0741,0.0905,9.17,Unhealthy
0.0247,0.0905,9.18,Unhealthy
0.0247,0.0905,9.19,Unhealthy
0.0494,0.0905,9.2,Unhealthy
0.0741,0.0905,9.21,Unhealthy
0.0988,0.0597,9.22,Unhealthy
0.1482,0.0597,9.23,Unhealthy
0.1482,0.0597,9.24,Unhealthy
0.1729,0.0597,9.25,Unhealthy
0.1482,0.0597,9.26,Unhealthy
0.1482,0.0597,9.27,Unhealthy
0.1482,0.0289,9.28,Unhealthy
0.1235,0.0597,9.29,Unhealthy
0.0741,0.0597,9.3,Unhealthy
0.0247,0.0597,9.31,Unhealthy
0.0247,0.0597,9.32,Unhealthy
0.0247,0.0905,9.33,Unhealthy
0,0.0597,9.34,Unhealthy
0,0.0597,9.35,Unhealthy
0,0.0597,9.36,Unhealthy
0.0247,0.0597,9.37,Unhealthy
0.0247,0.0597,9.38,Unhealthy
0.0247,0.0597,9.39,Unhealthy
0.0247,0.0289,9.4,Unhealthy
0,0.0597,9.41,Unhealthy
0,0.0597,9.42,Unhealthy
0,0.0597,9.43,Unhealthy
0.0247,0.0597,9.44,Unhealthy
0,0.0597,9.45,Unhealthy
0,0.0597,9.46,Unhealthy
0,0.0597,9.47,Unhealthy
0,0.0597,9.48,Unhealthy
0,0.0597,9.49,Unhealthy
0.0247,0.0597,9.5,Unhealthy
0.0247,0.0597,9.51,Unhealthy
0.0247,0.0597,9.52,Unhealthy
0.0247,0.0597,9.53,Unhealthy
0.0247,0.0597,9.54,Unhealthy
0.0247,0.0597,9.55,Unhealthy
0.0247,0.0597,9.56,Unhealthy
0.0247,0.0597,9.57,Unhealthy
0.0247,0.0905,9.58,Unhealthy
0.0247,0.0597,9.59,Unhealthy
0.0247,0.0597,9.6,Unhealthy
0.0247,0.0597,9.61,Unhealthy
0.0247,0.0597,9.62,Unhealthy
0.0247,0.0597,9.63,Unhealthy
0.0247,0.0905,9.64,Unhealthy
0.0247,0.0597,9.65,Unhealthy
0.0247,0.0905,9.66,Unhealthy
0.0247,0.0905,9.67,Unhealthy
0.0247,0.0905,9.68,Unhealthy
0.0247,0.0905,9.69,Unhealthy
0.0247,0.0905,9.7,Unhealthy
0.0247,0.0905,9.71,Unhealthy
0,0.0905,9.72,Unhealthy
0,0.0905,9.73,Unhealthy
0.0247,0.0905,9.74,Unhealthy
0.0741,0.0597,9.75,Unhealthy
0.1729,0.0289,9.76,Unhealthy
0.1729,0.0597,9.77,Unhealthy
0.1729,0.0289,9.78,Unhealthy
0.1729,0.0289,9.79,Unhealthy
0.1976,0.0289,9.8,Unhealthy
0.1976,0.0289,9.81,Unhealthy
0.1976,0.0289,9.82,Unhealthy
0.1976,0.0289,9.83,Unhealthy
0.1482,0.0289,9.84,Unhealthy
0.1235,0.0289,9.85,Unhealthy
0.0988,0.0289,9.86,Unhealthy
0.0988,0.0289,9.87,Unhealthy
0.0741,0.0597,9.88,Unhealthy
0.0741,0.0597,9.89,Unhealthy
0.0494,0.0597,9.9,Unhealthy
0.0494,0.0597,9.91,Unhealthy
0.0494,0.0597,9.92,Unhealthy
0.0494,0.0597,9.93,Unhealthy
0.0494,0.0905,9.94,Unhealthy
0.0741,0.0905,9.95,Unhealthy
0.0988,0.0905,9.96,Unhealthy
0.1482,0.0597,9.97,Unhealthy
0.1976,0.0597,9.98,Unhealthy
0.2471,0.0597,9.99,Unhealthy
0.2718,0.0597,10,Unhealthy
0.2965,0.0597,10.01,Unhealthy
0.2965,0.0597,10.02,Unhealthy
0.3212,0.0597,10.03,Unhealthy
0.2965,0.0597,10.04,Unhealthy
0.2471,0.0597,10.05,Unhealthy
0.1482,0.0597,10.06,Unhealthy
0.1235,0.0597,10.07,Unhealthy
0.0988,0.0597,10.08,Unhealthy
0.0741,0.0597,10.09,Unhealthy
0.0741,0.0597,10.1,Unhealthy
0.0494,0.0597,10.11,Unhealthy
0.0494,0.0905,10.12,Unhealthy
0.0494,0.0905,10.13,Unhealthy
0.0494,0.0905,10.14,Unhealthy
0.0741,0.0905,10.15,Unhealthy
0.0741,0.0905,10.16,Unhealthy
0.0741,0.0597,10.17,Unhealthy
0.0494,0.0597,10.18,Unhealthy
0.0494,0.0905,10.19,Unhealthy
0.0741,0.0905,10.2,Unhealthy
0.0988,0.0905,10.21,Unhealthy
0.1235,0.0597,10.22,Unhealthy
0.1729,0.0597,10.23,Unhealthy
0.1729,0.0597,10.24,Unhealthy
0.1729,0.0597,10.25,Unhealthy
0.1729,0.0597,10.26,Unhealthy
0.1729,0.0597,10.27,Unhealthy
0.1482,0.0597,10.28,Unhealthy
0.1482,0.0597,10.29,Unhealthy
0.1482,0.0289,10.3,Unhealthy
0.1482,0.0597,10.31,Unhealthy
0.1482,0.0289,10.32,Unhealthy
0.0988,0.0289,10.33,Unhealthy
0.0741,0.0289,10.34,Unhealthy
0.0494,0.0289,10.35,Unhealthy
0.0247,0.0597,10.36,Unhealthy
0.0247,0.0597,10.37,Unhealthy
0,0.0597,10.38,Unhealthy
0.0247,0.0597,10.39,Unhealthy
0.0247,0.0905,10.4,Unhealthy
0.0494,0.0905,10.41,Unhealthy
0.0494,0.0905,10.42,Unhealthy
0.0494,0.0905,10.43,Unhealthy
0.0494,0.0905,10.44,Unhealthy
0.0494,0.0905,10.45,Unhealthy
0.0494,0.0597,10.46,Unhealthy
0.0494,0.0597,10.47,Unhealthy
0.0247,0.0597,10.48,Unhealthy
0.0247,0.0597,10.49,Unhealthy
0,0.0597,10.5,Unhealthy
0,0.0289,10.51,Unhealthy
0.0247,0.0289,10.52,Unhealthy
0.0494,0.0289,10.53,Unhealthy
0.0741,0.0289,10.54,Unhealthy
0.0741,0.0289,10.55,Unhealthy
0.0988,0.0018,10.56,Unhealthy
0.0988,0.0018,10.57,Unhealthy
0.1235,0.0018,10.58,Unhealthy
0.1482,0.0289,10.59,Unhealthy
0.1482,0.0289,10.6,Unhealthy
0.1729,0.0289,10.61,Unhealthy
0.1976,0.0018,10.62,Unhealthy
0.2224,0.0018,10.63,Unhealthy
0.2471,0.0018,10.64,Unhealthy
0.2718,0.0018,10.65,Unhealthy
0.2965,0.0018,10.66,Unhealthy
0.2965,0.0018,10.67,Unhealthy
0.3212,0.0018,10.68,Unhealthy
0.3212,0.0018,10.69,Unhealthy
0.2965,0.0018,10.7,Unhealthy
0.2965,0.0326,10.71,Unhealthy
0.2718,0.0326,10.72,Unhealthy
0.2718,0.0326,10.73,Unhealthy
0.2471,0.0326,10.74,Unhealthy
0.2471,0.0326,10.75,Unhealthy
0.2471,0.0326,10.76,Unhealthy
0.2471,0.0326,10.77,Unhealthy
0.2471,0.0326,10.78,Unhealthy
0.2471,0.0326,10.79,Unhealthy
0.2718,0.0326,10.8,Unhealthy
0.2718,0.0326,10.81,Unhealthy
0.2965,0.0018,10.82,Unhealthy
0.3212,0.0018,10.83,Unhealthy
0.3706,0.0018,10.84,Unhealthy
0.3706,0.0018,10.85,Unhealthy
0.3706,0.0018,10.86,Unhealthy
0.3459,0.0289,10.87,Unhealthy
0.3459,0.0018,10.88,Unhealthy
0.2965,0.0289,10.89,Unhealthy
0.2471,0.0289,10.9,Unhealthy
0.1729,0.0289,10.91,Unhealthy
0.1482,0.0597,10.92,Unhealthy
0.0988,0.0597,10.93,Unhealthy
0.0494,0.0905,10.94,Unhealthy
0.0247,0.0905,10.95,Unhealthy
0,0.0905,10.96,Unhealthy
0,0.0905,10.97,Unhealthy
0,0.0905,10.98,Unhealthy
0,0.0905,10.99,Unhealthy
0,0.0597,11,Unhealthy
0,0.0597,11.01,Unhealthy
0.0247,0.0597,11.02,Unhealthy
0,0.0597,11.03,Unhealthy
0,0.0597,11.04,Unhealthy
0.0247,0.0597,11.05,Unhealthy
0.0247,0.0597,11.06,Unhealthy
0.0247,0.0597,11.07,Unhealthy
0.0494,0.0597,11.08,Unhealthy
0.0741,0.0597,11.09,Unhealthy
0.0988,0.0289,11.1,Unhealthy
0.0988,0.0597,11.11,Unhealthy
0.1235,0.0289,11.12,Unhealthy
0.1482,0.0289,11.13,Unhealthy
0.1729,0.0289,11.14,Unhealthy
0.1976,0.0289,11.15,Unhealthy
0.1976,0.0289,11.16,Unhealthy
0.2224,0.0289,11.17,Unhealthy
0.1976,0.0289,11.18,Unhealthy
0.1482,0.0289,11.19,Unhealthy
0.0741,0.0289,11.2,Unhealthy
0.0494,0.0597,11.21,Unhealthy
0.0247,0.0905,11.22,Unhealthy
0.0247,0.0905,11.23,Unhealthy
0,0.0905,11.24,Unhealthy
0.0247,0.0905,11.25,Unhealthy
0.0247,0.0905,11.26,Unhealthy
0.0247,0.0905,11.27,Unhealthy
0,0.0905,11.28,Unhealthy
0.0247,0.0905,11.29,Unhealthy
0.0247,0.0905,11.3,Unhealthy
0.0247,0.1213,11.31,Unhealthy
0.0247,0.1213,11.32,Unhealthy
0.0247,0.0905,11.33,Unhealthy
0.0247,0.0905,11.34,Unhealthy
0.0247,0.1213,11.35,Unhealthy
0.0247,0.0905,11.36,Unhealthy
0.0247,0.1213,11.37,Unhealthy
0,0.1213,11.38,Unhealthy
0.0247,0.0905,11.39,Unhealthy
0.0247,0.0905,11.4,Unhealthy
0.0247,0.0905,11.41,Unhealthy
0,0.1213,11.42,Unhealthy
0,0.1213,11.43,Unhealthy
0,0.0905,11.44,Unhealthy
0,0.1213,11.45,Unhealthy
0,0.0905,11.46,Unhealthy
0,0.1213,11.47,Unhealthy
0,0.1213,11.48,Unhealthy
0,0.0905,11.49,Unhealthy
0,0.0905,11.5,Unhealthy
0.0247,0.0905,11.51,Unhealthy
0.0247,0.1213,11.52,Unhealthy
0.0247,0.0905,11.53,Unhealthy
0,0.0905,11.54,Unhealthy
0,0.0905,11.55,Unhealthy
0,0.0905,11.56,Unhealthy
0.0247,0.0905,11.57,Unhealthy
0.0247,0.0905,11.58,Unhealthy
0,0.0905,11.59,Unhealthy
0,0.0905,11.6,Unhealthy
0.0247,0.0905,11.61,Unhealthy
0,0.0905,11.62,Unhealthy
0,0.0905,11.63,Unhealthy
0,0.0905,11.64,Unhealthy
0,0.0905,11.65,Unhealthy
0.0247,0.0905,11.66,Unhealthy
0,0.0905,11.67,Unhealthy
0,0.0905,11.68,Unhealthy
0.0247,0.0905,11.69,Unhealthy
0,0.0905,11.7,Unhealthy
0,0.1213,11.71,Unhealthy
0,0.0905,11.72,Unhealthy
0.0247,0.0905,11.73,Unhealthy
0,0.0905,11.74,Unhealthy
0,0.0905,11.75,Unhealthy
0.0247,0.1213,11.76,Unhealthy
0,0.0905,11.77,Unhealthy
0,0.0905,11.78,Unhealthy
0,0.0905,11.79,Unhealthy
0,0.1213,11.8,Unhealthy
0,0.0905,11.81,Unhealthy
0,0.0905,11.82,Unhealthy
0,0.0905,11.83,Unhealthy
0,0.0905,11.84,Unhealthy
0,0.0905,11.85,Unhealthy
0,0.0905,11.86,Unhealthy
0,0.0905,11.87,Unhealthy
0,0.0905,11.88,Unhealthy
0,0.0905,11.89,Unhealthy
0,0.1213,11.9,Unhealthy
0,0.0905,11.91,Unhealthy
0,0.0905,11.92,Unhealthy
0,0.0905,11.93,Unhealthy
0,0.0905,11.94,Unhealthy
0,0.0905,11.95,Unhealthy
0,0.0905,11.96,Unhealthy
0,0.0905,11.97,Unhealthy
0,0.1213,11.98,Unhealthy
0,0.0905,11.99,Unhealthy
0,0.0905,12,Unhealthy
0,0.0905,12.01,Unhealthy
0,0.0905,12.02,Unhealthy
0,0.0905,12.03,Unhealthy
0,0.0905,12.04,Unhealthy
0,0.0905,12.05,Unhealthy
0,0.0905,12.06,Unhealthy
0,0.0905,12.07,Unhealthy
0,0.0905,12.08,Unhealthy
0,0.0905,12.09,Unhealthy
0,0.0905,12.1,Unhealthy
0,0.0905,12.11,Unhealthy
0,0.0905,12.12,Unhealthy
0,0.0905,12.13,Unhealthy
0,0.0905,12.14,Unhealthy
0,0.0905,12.15,Unhealthy
0,0.0905,12.16,Unhealthy
0,0.0905,12.17,Unhealthy
0,0.0905,12.18,Unhealthy
0,0.0905,12.19,Unhealthy
0,0.0905,12.2,Unhealthy
0,0.0905,12.21,Unhealthy
0,0.0905,12.22,Unhealthy
0,0.0905,12.23,Unhealthy
0,0.0905,12.24,Unhealthy
0,0.0905,12.25,Unhealthy
0,0.0905,12.26,Unhealthy
0,0.0905,12.27,Unhealthy
0,0.0905,12.28,Unhealthy
0,0.0905,12.29,Unhealthy
0,0.0905,12.3,Unhealthy
0.0247,0.0905,12.31,Unhealthy
0,0.0905,12.32,Unhealthy
0,0.0905,12.33,Unhealthy
0,0.0597,12.34,Unhealthy
0,0.0905,12.35,Unhealthy
0,0.0905,12.36,Unhealthy
0,0.0905,12.37,Unhealthy
0,0.0905,12.38,Unhealthy
0,0.0905,12.39,Unhealthy
0,0.0905,12.4,Unhealthy
0,0.0905,12.41,Unhealthy
0,0.0905,12.42,Unhealthy
0,0.0905,12.43,Unhealthy
0,0.0905,12.44,Unhealthy
0,0.0905,12.45,Unhealthy
0,0.0905,12.46,Unhealthy
0,0.0905,12.47,Unhealthy
0,0.0905,12.48,Unhealthy
0,0.0905,12.49,Unhealthy
0,0.0905,12.5,Unhealthy
0,0.0905,12.51,Unhealthy
0,0.0905,12.52,Unhealthy
0,0.0905,12.53,Unhealthy
0,0.0905,12.54,Unhealthy
0,0.0905,12.55,Unhealthy
0,0.0905,12.56,Unhealthy
0,0.0905,12.57,Unhealthy
0,0.0905,12.58,Unhealthy
0,0.0905,12.59,Unhealthy
0,0.0905,12.6,Unhealthy
0,0.0597,12.61,Unhealthy
0,0.0597,12.62,Unhealthy
0,0.0905,12.63,Unhealthy
0.0247,0.0905,12.64,Unhealthy
0.0247,0.0597,12.65,Unhealthy
0.0247,0.0905,12.66,Unhealthy
0.0247,0.0597,12.67,Unhealthy
0.0247,0.0905,12.68,Unhealthy
0.0247,0.0905,12.69,Unhealthy
0.0247,0.0905,12.7,Unhealthy
0.0247,0.0905,12.71,Unhealthy
0.0247,0.0905,12.72,Unhealthy
0,0.0597,12.73,Unhealthy
0.0247,0.0597,12.74,Unhealthy
0.0247,0.0597,12.75,Unhealthy
0.0247,0.0597,12.76,Unhealthy
0,0.0597,12.77,Unhealthy
0.0247,0.0597,12.78,Unhealthy
0.0247,0.0597,12.79,Unhealthy
0.0247,0.0289,12.8,Unhealthy
0,0.0289,12.81,Unhealthy
0,0.0597,12.82,Unhealthy
0.0247,0.0289,12.83,Unhealthy
0.0247,0.0289,12.84,Unhealthy
0.0247,0.0289,12.85,Unhealthy
0.0247,0.0289,12.86,Unhealthy
0.0247,0.0289,12.87,Unhealthy
0.0247,0.0597,12.88,Unhealthy
0.0247,0.0289,12.89,Unhealthy
0.0247,0.0597,12.9,Unhealthy
0.0247,0.0289,12.91,Unhealthy
0.0247,0.0597,12.92,Unhealthy
0.0247,0.0597,12.93,Unhealthy
0.0247,0.0289,12.94,Unhealthy
0.0247,0.0289,12.95,Unhealthy
0,0.0289,12.96,Unhealthy
0,0.0289,12.97,Unhealthy
0,0.0597,12.98,Unhealthy
0,0.0289,12.99,Unhealthy
0.0247,0.0289,13,Unhealthy
0.0247,0.0289,13.01,Unhealthy
0.0247,0.0289,13.02,Unhealthy
0.0247,0.0289,13.03,Unhealthy
0.0494,0.0289,13.04,Unhealthy
0.0494,0.0597,13.05,Unhealthy
0.0494,0.0597,13.06,Unhealthy
0.0494,0.0597,13.07,Unhealthy
0.0494,0.0597,13.08,Unhealthy
0.0494,0.0597,13.09,Unhealthy
0.0494,0.0289,13.1,Unhealthy
0.0741,0.0597,13.11,Unhealthy
0.0741,0.0597,13.12,Unhealthy
0.0741,0.0289,13.13,Unhealthy
0.0741,0.0597,13.14,Unhealthy
0.0988,0.0597,13.15,Unhealthy
0.0741,0.0597,13.16,Unhealthy
0.0741,0.0597,13.17,Unhealthy
0.0988,0.0597,13.18,Unhealthy
0.0988,0.0597,13.19,Unhealthy
0.0988,0.0597,13.2,Unhealthy
0.0988,0.0597,13.21,Unhealthy
0.0741,0.0597,13.22,Unhealthy
0.0741,0.0597,13.23,Unhealthy
0.0988,0.0597,13.24,Unhealthy
0.0741,0.0597,13.25,Unhealthy
0.0741,0.0597,13.26,Unhealthy
0.0741,0.0597,13.27,Unhealthy
0.0741,0.0597,13.28,Unhealthy
0.0741,0.0597,13.29,Unhealthy
0.0741,0.0597,13.3,Unhealthy
0.0741,0.0597,13.31,Unhealthy
0.0494,0.0597,13.32,Unhealthy
0.0494,0.0597,13.33,Unhealthy
0.0494,0.0597,13.34,Unhealthy
0.0247,0.0905,13.35,Unhealthy
0,0.0597,13.36,Unhealthy
0,0.0597,13.37,Unhealthy
0.0247,0.0597,13.38,Unhealthy
0.0247,0.0597,13.39,Unhealthy
0.0247,0.0597,13.4,Unhealthy
0.0247,0.0597,13.41,Unhealthy
0.0494,0.0597,13.42,Unhealthy
0.0247,0.0905,13.43,Unhealthy
0.0247,0.0597,13.44,Unhealthy
0.0247,0.0597,13.45,Unhealthy
0.0494,0.0597,13.46,Unhealthy
0.0494,0.0905,13.47,Unhealthy
0.0494,0.0905,13.48,Unhealthy
0.0494,0.0597,13.49,Unhealthy
0.0741,0.0597,13.5,Unhealthy
0.0741,0.0597,13.51,Unhealthy
0.0988,0.0597,13.52,Unhealthy
0.1235,0.0597,13.53,Unhealthy
0.1482,0.0597,13.54,Unhealthy
0.1482,0.0597,13.55,Unhealthy
0.1482,0.0597,13.56,Unhealthy
0.1482,0.0597,13.57,Unhealthy
0.1482,0.0597,13.58,Unhealthy
0.1482,0.0597,13.59,Unhealthy
0.1482,0.0597,13.6,Unhealthy
0.1729,0.0597,13.61,Unhealthy
0.1976,0.0597,13.62,Unhealthy
0.1976,0.0597,13.63,Unhealthy
0.2224,0.0597,13.64,Unhealthy
0.2224,0.0289,13.65,Unhealthy
0.2224,0.0597,13.66,Unhealthy
0.2471,0.0597,13.67,Unhealthy
0.2471,0.0597,13.68,Unhealthy
0.2718,0.0289,13.69,Unhealthy
0.2965,0.0597,13.7,Unhealthy
0.2965,0.0289,13.71,Unhealthy
0.3212,0.0289,13.72,Unhealthy
0.3459,0.0289,13.73,Unhealthy
0.3459,0.0597,13.74,Unhealthy
0.3706,0.0597,13.75,Unhealthy
0.3706,0.0289,13.76,Unhealthy
0.3953,0.0597,13.77,Unhealthy
0.42,0.0289,13.78,Unhealthy
0.4694,0.0289,13.79,Unhealthy
0.5188,0.0289,13.8,Unhealthy
0.5188,0.0289,13.81,Unhealthy
0.5435,0.0289,13.82,Unhealthy
0.5435,0.0289,13.83,Unhealthy
0.5435,0.0289,13.84,Unhealthy
0.5188,0.0289,13.85,Unhealthy
0.5188,0.0289,13.86,Unhealthy
0.4941,0.0018,13.87,Unhealthy
0.4694,0.0018,13.88,Unhealthy
0.42,0.0018,13.89,Unhealthy
0.3459,0.0018,13.9,Unhealthy
0.3212,0.0018,13.91,Unhealthy
0.2965,0.0289,13.92,Unhealthy
0.2471,0.0018,13.93,Unhealthy
0.1976,0.0018,13.94,Unhealthy
0.1482,0.0018,13.95,Unhealthy
0.1235,0.0018,13.96,Unhealthy
0.0494,0.0018,13.97,Unhealthy
0.0247,0.0018,13.98,Unhealthy
0.0741,0.0326,13.99,Unhealthy
0.1482,0.0634,14,Unhealthy
0.1482,0.0634,14.01,Unhealthy
0.0988,0.0634,14.02,Unhealthy
0.0988,0.0634,14.03,Unhealthy
0.0741,0.0634,14.04,Unhealthy
0.0988,0.0634,14.05,Unhealthy
0.1235,0.0634,14.06,Unhealthy
0.1235,0.0326,14.07,Unhealthy
0.1482,0.0326,14.08,Unhealthy
0.1482,0.0634,14.09,Unhealthy
0.1482,0.0326,14.1,Unhealthy
0.1729,0.0326,14.11,Unhealthy
0.1729,0.0326,14.12,Unhealthy
0.1729,0.0326,14.13,Unhealthy
0.1482,0.0326,14.14,Unhealthy
0.1482,0.0018,14.15,Unhealthy
0.1482,0.0289,14.16,Unhealthy
0.1235,0.0289,14.17,Unhealthy
0.0988,0.0597,14.18,Unhealthy
0.0988,0.0597,14.19,Unhealthy
0.0988,0.0597,14.2,Unhealthy
0.0988,0.0597,14.21,Unhealthy
0.0741,0.0905,14.22,Unhealthy
0.0741,0.0905,14.23,Unhealthy
0.0741,0.0905,14.24,Unhealthy
0.0741,0.1213,14.25,Unhealthy
0.0741,0.1213,14.26,Unhealthy
0.0988,0.1213,14.27,Unhealthy
0.0988,0.1521,14.28,Unhealthy
0.1235,0.1521,14.29,Unhealthy
0.1235,0.1213,14.3,Unhealthy
0.1235,0.1521,14.31,Unhealthy
0.1235,0.1521,14.32,Unhealthy
0.1235,0.1521,14.33,Unhealthy
0.1482,0.1521,14.34,Unhealthy
0.1482,0.1521,14.35,Unhealthy
0.1482,0.1521,14.36,Unhealthy
0.1482,0.1213,14.37,Unhealthy
0.1482,0.1213,14.38,Unhealthy
0.1482,0.1213,14.39,Unhealthy
0.1482,0.1213,14.4,Unhealthy
0.1482,0.1521,14.41,Unhealthy
0.1235,0.1521,14.42,Unhealthy
0.1235,0.1521,14.43,Unhealthy
0.1235,0.1521,14.44,Unhealthy
0.1235,0.1829,14.45,Unhealthy
0.1235,0.1829,14.46,Unhealthy
0.1235,0.1829,14.47,Unhealthy
0.1235,0.1829,14.48,Unhealthy
0.1235,0.1521,14.49,Unhealthy
0.0988,0.1521,14.5,Unhealthy
0.0988,0.1521,14.51,Unhealthy
0.0741,0.1213,14.52,Unhealthy
0.0741,0.1213,14.53,Unhealthy
0.0741,0.1213,14.54,Unhealthy
0.0741,0.1213,14.55,Unhealthy
0.0741,0.1521,14.56,Unhealthy
0.0988,0.1213,14.57,Unhealthy
0.0741,0.1213,14.58,Unhealthy
0.0494,0.0905,14.59,Unhealthy
0.0247,0.0905,14.6,Unhealthy
0,0.0905,14.61,Unhealthy
0,0.0597,14.62,Unhealthy
0.0494,0.0597,14.63,Unhealthy
0.0494,0.0597,14.64,Unhealthy
0.0494,0.0597,14.65,Unhealthy
0.0494,0.0597,14.66,Unhealthy
0.0494,0.0597,14.67,Unhealthy
0.0494,0.0597,14.68,Unhealthy
0.0247,0.0597,14.69,Unhealthy
0.0247,0.0597,14.7,Unhealthy
0.0247,0.0597,14.71,Unhealthy
0.0247,0.0597,14.72,Unhealthy
0.0988,0.0289,14.73,Unhealthy
0.0741,0.0597,14.74,Unhealthy
0.0494,0.0597,14.75,Unhealthy
0.0494,0.0597,14.76,Unhealthy
0,0.0597,14.77,Unhealthy
0.0247,0.0597,14.78,Unhealthy
0.0494,0.0597,14.79,Unhealthy
0.0494,0.0597,14.8,Unhealthy
0.0741,0.0597,14.81,Unhealthy
0.0988,0.0597,14.82,Unhealthy
0.0988,0.0597,14.83,Unhealthy
0.1235,0.0597,14.84,Unhealthy
0.1235,0.0597,14.85,Unhealthy
0.0988,0.0597,14.86,Unhealthy
0.1235,0.0905,14.87,Unhealthy
0.0988,0.0905,14.88,Unhealthy
0.0988,0.0905,14.89,Unhealthy
0.0988,0.0905,14.9,Unhealthy
0.1482,0.1213,14.91,Unhealthy
0.1729,0.1213,14.92,Unhealthy
0.1729,0.1829,14.93,Unhealthy
0.1976,0.1829,14.94,Unhealthy
0.1976,0.2137,14.95,Unhealthy
0.1976,0.2137,14.96,Unhealthy
0.1729,0.1829,14.97,Unhealthy
0.1729,0.1829,14.98,Unhealthy
0.1729,0.2137,14.99,Unhealthy
0.1482,0.1829,15,Unhealthy
