F1,F2,t,Target
0.0123,0.1906,1.01,Unhealthy
0.0123,0.1906,1.02,Unhealthy
0.0123,0.1714,1.03,Unhealthy
0.0123,0.1714,1.04,Unhealthy
0.0123,0.1714,1.05,Unhealthy
0.0123,0.1714,1.06,Unhealthy
0.0123,0.1714,1.07,Unhealthy
0.0015,0.1714,1.08,Unhealthy
0.0123,0.1714,1.09,Unhealthy
0.0015,0.1714,1.1,Unhealthy
0.0123,0.1714,1.11,Unhealthy
0.0123,0.1714,1.12,Unhealthy
0.0015,0.1714,1.13,Unhealthy
0.0015,0.1522,1.14,Unhealthy
0.0015,0.1714,1.15,Unhealthy
0.0015,0.1522,1.16,Unhealthy
0.0015,0.1522,1.17,Unhealthy
0.0015,0.1522,1.18,Unhealthy
0.0015,0.1522,1.19,Unhealthy
0.0015,0.1522,1.2,Unhealthy
0.0015,0.1522,1.21,Unhealthy
0.0015,0.1522,1.22,Unhealthy
0.0015,0.133,1.23,Unhealthy
0.0015,0.133,1.24,Unhealthy
0.0015,0.133,1.25,Unhealthy
0.0015,0.133,1.26,Unhealthy
0.0015,0.133,1.27,Unhealthy
0.0015,0.133,1.28,Unhealthy
0.0015,0.133,1.29,Unhealthy
0.0154,0.133,1.3,Unhealthy
0.0015,0.133,1.31,Unhealthy
0.0015,0.133,1.32,Unhealthy
0.0154,0.133,1.33,Unhealthy
0.0154,0.133,1.34,Unhealthy
0.0015,0.133,1.35,Unhealthy
0.0154,0.133,1.36,Unhealthy
0.0154,0.133,1.37,Unhealthy
0.0154,0.133,1.38,Unhealthy
0.0154,0.133,1.39,Unhealthy
0.0154,0.133,1.4,Unhealthy
0.0154,0.133,1.41,Unhealthy
0.0154,0.133,1.42,Unhealthy
0.0154,0.133,1.43,Unhealthy
0.0154,0.1138,1.44,Unhealthy
0.0154,0.1138,1.45,Unhealthy
0.0154,0.1138,1.46,Unhealthy
0.0154,0.133,1.47,Unhealthy
0.0292,0.1138,1.48,Unhealthy
0.0292,0.1138,1.49,Unhealthy
0.0292,0.1138,1.5,Unhealthy
0.0154,0.1138,1.51,Unhealthy
0.0292,0.1138,1.52,Unhealthy
0.0292,0.1138,1.53,Unhealthy
0.0292,0.1138,1.54,Unhealthy
0.0292,0.1138,1.55,Unhealthy
0.0292,0.1138,1.56,Unhealthy
0.0292,0.1138,1.57,Unhealthy
0.0292,0.1138,1.58,Unhealthy
0.0292,0.0946,1.59,Unhealthy
0.0292,0.1138,1.6,Unhealthy
0.0292,0.1138,1.61,Unhealthy
0.0292,0.1138,1.62,Unhealthy
0.0292,0.1138,1.63,Unhealthy
0.0292,0.1138,1.64,Unhealthy
0.0292,0.1138,1.65,Unhealthy
0.0292,0.1138,1.66,Unhealthy
0.0292,0.1138,1.67,Unhealthy
0.0292,0.0946,1.68,Unhealthy
0.0292,0.0946,1.69,Unhealthy
0.0292,0.1138,1.7,Unhealthy
0.0292,0.1138,1.71,Unhealthy
0.0292,0.0946,1.72,Unhealthy
0.0431,0.0946,1.73,Unhealthy
0.0431,0.0946,1.74,Unhealthy
0.0292,0.0946,1.75,Unhealthy
0.0431,0.0946,1.76,Unhealthy
0.0431,0.0946,1.77,Unhealthy
0.0431,0.0946,1.78,Unhealthy
0.0431,0.0946,1.79,Unhealthy
0.0431,0.0946,1.8,Unhealthy
0.0431,0.0946,1.81,Unhealthy
0.0431,0.0946,1.82,Unhealthy
0.0431,0.0946,1.83,Unhealthy
0.0292,0.0946,1.84,Unhealthy
0.0292,0.0946,1.85,Unhealthy
0.0431,0.0946,1.86,Unhealthy
0.0431,0.0946,1.87,Unhealthy
0.0431,0.0946,1.88,Unhealthy
0.0431,0.0946,1.89,Unhealthy
0.0431,0.0946,1.9,Unhealthy
0.0431,0.0946,1.91,Unhealthy
0.0431,0.0946,1.92,Unhealthy
0.0431,0.0754,1.93,Unhealthy
0.0431,0.0946,1.94,Unhealthy
0.0292,0.0946,1.95,Unhealthy
0.0431,0.0946,1.96,Unhealthy
0.0431,0.0946,1.97,Unhealthy
0.0431,0.0754,1.98,Unhealthy
0.0431,0.0946,1.99,Unhealthy
0.0431,0.0946,2,Unhealthy
0.0431,0.0946,2.01,Unhealthy
0.0431,0.0946,2.02,Unhealthy
0.0431,0.0946,2.03,Unhealthy
0.0431,0.0946,2.04,Unhealthy
0.0431,0.0946,2.05,Unhealthy
0.0431,0.0946,2.06,Unhealthy
0.0431,0.0946,2.07,Unhealthy
0.0431,0.0946,2.08,Unhealthy
0.0431,0.0946,2.09,Unhealthy
0.0431,0.0946,2.1,Unhealthy
0.0431,0.0946,2.11,Unhealthy
0.0431,0.0946,2.12,Unhealthy
0.0431,0.0754,2.13,Unhealthy
0.0431,0.0946,2.14,Unhealthy
0.0431,0.0946,2.15,Unhealthy
0.0431,0.0946,2.16,Unhealthy
0.0431,0.0946,2.17,Unhealthy
0.0431,0.0754,2.18,Unhealthy
0.0431,0.0946,2.19,Unhealthy
0.0431,0.0754,2.2,Unhealthy
0.0431,0.0754,2.21,Unhealthy
0.0431,0.0946,2.22,Unhealthy
0.0431,0.0754,2.23,Unhealthy
0.0431,0.0754,2.24,Unhealthy
0.0431,0.0754,2.25,Unhealthy
0.0431,0.0754,2.26,Unhealthy
0.0431,0.0754,2.27,Unhealthy
0.0431,0.0754,2.28,Unhealthy
0.0569,0.0754,2.29,Unhealthy
0.0431,0.0754,2.3,Unhealthy
0.0431,0.0754,2.31,Unhealthy
0.0431,0.0754,2.32,Unhealthy
0.0569,0.0754,2.33,Unhealthy
0.0569,0.0754,2.34,Unhealthy
0.0569,0.0754,2.35,Unhealthy
0.0569,0.0754,2.36,Unhealthy
0.0431,0.0754,2.37,Unhealthy
0.0569,0.0754,2.38,Unhealthy
0.0569,0.0754,2.39,Unhealthy
0.0569,0.0562,2.4,Unhealthy
0.0569,0.0562,2.41,Unhealthy
0.0569,0.0562,2.42,Unhealthy
0.0569,0.0562,2.43,Unhealthy
0.0569,0.0754,2.44,Unhealthy
0.0569,0.0562,2.45,Unhealthy
0.0569,0.0562,2.46,Unhealthy
0.0569,0.0562,2.47,Unhealthy
0.0569,0.0562,2.48,Unhealthy
0.0569,0.0562,2.49,Unhealthy
0.1647,0.7665,2.5,Unhealthy
0.1232,0.5937,2.51,Unhealthy
0.1093,0.5554,2.52,Unhealthy
0.0955,0.5362,2.53,Unhealthy
0.0955,0.4978,2.54,Unhealthy
0.0955,0.4978,2.55,Unhealthy
0.0955,0.4786,2.56,Unhealthy
0.0816,0.4594,2.57,Unhealthy
0.0816,0.4402,2.58,Unhealthy
0.0816,0.421,2.59,Unhealthy
0.0816,0.4402,2.6,Unhealthy
0.0816,0.421,2.61,Unhealthy
0.0816,0.421,2.62,Unhealthy
0.0678,0.4018,2.63,Unhealthy
0.0678,0.4018,2.64,Unhealthy
0.0816,0.4018,2.65,Unhealthy
0.0678,0.4018,2.66,Unhealthy
0.0816,0.4018,2.67,Unhealthy
0.0678,0.3826,2.68,Unhealthy
0.0678,0.4018,2.69,Unhealthy
0.0816,0.3826,2.7,Unhealthy
0.0539,0.3826,2.71,Unhealthy
0.0678,0.3826,2.72,Unhealthy
0.0539,0.3634,2.73,Unhealthy
0.0678,0.3634,2.74,Unhealthy
0.0678,0.3826,2.75,Unhealthy
0.0678,0.3634,2.76,Unhealthy
0.0678,0.3826,2.77,Unhealthy
0.0539,0.3442,2.78,Unhealthy
0.0678,0.3634,2.79,Unhealthy
0.0678,0.3634,2.8,Unhealthy
0.0678,0.3442,2.81,Unhealthy
0.0678,0.3442,2.82,Unhealthy
0.0539,0.325,2.83,Unhealthy
0.0539,0.3442,2.84,Unhealthy
0.0539,0.3442,2.85,Unhealthy
0.0539,0.3442,2.86,Unhealthy
0.0678,0.3442,2.87,Unhealthy
0.04,0.325,2.88,Unhealthy
0.0539,0.3442,2.89,Unhealthy
0.0539,0.3442,2.9,Unhealthy
0.04,0.325,2.91,Unhealthy
0.0539,0.3442,2.92,Unhealthy
0.04,0.325,2.93,Unhealthy
0.04,0.325,2.94,Unhealthy
0.0539,0.3442,2.95,Unhealthy
0.04,0.325,2.96,Unhealthy
0.0539,0.325,2.97,Unhealthy
0.04,0.3058,2.98,Unhealthy
0.04,0.325,2.99,Unhealthy
0.04,0.325,3,Unhealthy
0.04,0.325,3.01,Unhealthy
0.0539,0.325,3.02,Unhealthy
0.0262,0.2866,3.03,Unhealthy
0.04,0.3058,3.04,Unhealthy
0.0539,0.325,3.05,Unhealthy
0.04,0.3058,3.06,Unhealthy
0.04,0.325,3.07,Unhealthy
0.0262,0.2866,3.08,Unhealthy
0.0262,0.3058,3.09,Unhealthy
0.04,0.325,3.1,Unhealthy
0.04,0.3058,3.11,Unhealthy
0.04,0.3058,3.12,Unhealthy
0.0262,0.2866,3.13,Unhealthy
0.04,0.3058,3.14,Unhealthy
0.04,0.3058,3.15,Unhealthy
0.0262,0.2866,3.16,Unhealthy
0.04,0.3058,3.17,Unhealthy
0.0262,0.2674,3.18,Unhealthy
0.0262,0.2866,3.19,Unhealthy
0.04,0.3058,3.2,Unhealthy
0.0262,0.2866,3.21,Unhealthy
0.04,0.3058,3.22,Unhealthy
0.0262,0.2866,3.23,Unhealthy
0.04,0.2866,3.24,Unhealthy
0.04,0.2866,3.25,Unhealthy
0.04,0.2866,3.26,Unhealthy
0.04,0.2866,3.27,Unhealthy
0.0262,0.2674,3.28,Unhealthy
0.0262,0.2866,3.29,Unhealthy
0.04,0.2866,3.3,Unhealthy
0.0262,0.2866,3.31,Unhealthy
0.04,0.3058,3.32,Unhealthy
0.0262,0.2674,3.33,Unhealthy
0.0262,0.2866,3.34,Unhealthy
0.04,0.2866,3.35,Unhealthy
0.0262,0.2866,3.36,Unhealthy
0.04,0.2866,3.37,Unhealthy
0.0262,0.2674,3.38,Unhealthy
0.0262,0.2866,3.39,Unhealthy
0.04,0.2866,3.4,Unhealthy
0.0262,0.2866,3.41,Unhealthy
0.04,0.2866,3.42,Unhealthy
0.0123,0.2674,3.43,Unhealthy
0.0262,0.2866,3.44,Unhealthy
0.0262,0.2866,3.45,Unhealthy
0.0262,0.2866,3.46,Unhealthy
0.04,0.2866,3.47,Unhealthy
0.0123,0.2674,3.48,Unhealthy
0.0262,0.2866,3.49,Unhealthy
0.04,0.2866,3.5,Unhealthy
0.0262,0.2866,3.51,Unhealthy
0.04,0.2866,3.52,Unhealthy
0.0262,0.2674,3.53,Unhealthy
0.0262,0.2866,3.54,Unhealthy
0.04,0.2866,3.55,Unhealthy
0.0262,0.2866,3.56,Unhealthy
0.0262,0.2866,3.57,Unhealthy
0.0123,0.2674,3.58,Unhealthy
0.0262,0.2674,3.59,Unhealthy
0.0262,0.2866,3.6,Unhealthy
0.0262,0.2674,3.61,Unhealthy
0.0262,0.2866,3.62,Unhealthy
0.0123,0.2674,3.63,Unhealthy
0.0262,0.2866,3.64,Unhealthy
0.04,0.2866,3.65,Unhealthy
0.0262,0.2866,3.66,Unhealthy
0.0262,0.2866,3.67,Unhealthy
0.0123,0.2674,3.68,Unhealthy
0.0262,0.2674,3.69,Unhealthy
0.0262,0.2866,3.7,Unhealthy
0.0262,0.2674,3.71,Unhealthy
0.0262,0.2866,3.72,Unhealthy
0.0123,0.2674,3.73,Unhealthy
0.0262,0.2674,3.74,Unhealthy
0.0262,0.2866,3.75,Unhealthy
0.0262,0.2674,3.76,Unhealthy
0.0262,0.2674,3.77,Unhealthy
0.0123,0.2482,3.78,Unhealthy
0.0262,0.2674,3.79,Unhealthy
0.0262,0.2674,3.8,Unhealthy
0.0262,0.2482,3.81,Unhealthy
0.0262,0.2674,3.82,Unhealthy
0.0015,0.2482,3.83,Unhealthy
0.0262,0.2674,3.84,Unhealthy
0.0262,0.2674,3.85,Unhealthy
0.0262,0.2482,3.86,Unhealthy
0.0262,0.2674,3.87,Unhealthy
0.0015,0.2482,3.88,Unhealthy
0.0262,0.2482,3.89,Unhealthy
0.0262,0.2482,3.9,Unhealthy
0.0123,0.2482,3.91,Unhealthy
0.0262,0.2482,3.92,Unhealthy
0.0015,0.229,3.93,Unhealthy
0.0123,0.229,3.94,Unhealthy
0.0262,0.2482,3.95,Unhealthy
0.0123,0.2482,3.96,Unhealthy
0.0262,0.2482,3.97,Unhealthy
0.0015,0.229,3.98,Unhealthy
0.0262,0.2482,3.99,Unhealthy
0.0262,0.2482,4,Unhealthy
0.0123,0.2482,4.01,Unhealthy
0.0262,0.2482,4.02,Unhealthy
0.0123,0.229,4.03,Unhealthy
0.0123,0.2482,4.04,Unhealthy
0.0262,0.2482,4.05,Unhealthy
0.0123,0.229,4.06,Unhealthy
0.0262,0.2482,4.07,Unhealthy
0.0015,0.2098,4.08,Unhealthy
0.0262,0.229,4.09,Unhealthy
0.0123,0.229,4.1,Unhealthy
0.0262,0.229,4.11,Unhealthy
0.0262,0.2482,4.12,Unhealthy
0.0262,0.2098,4.13,Unhealthy
0.0262,0.229,4.14,Unhealthy
0.04,0.229,4.15,Unhealthy
0.04,0.229,4.16,Unhealthy
0.0678,0.229,4.17,Unhealthy
0.0678,0.2098,4.18,Unhealthy
0.0816,0.229,4.19,Unhealthy
0.0955,0.229,4.2,Unhealthy
0.0955,0.229,4.21,Unhealthy
0.0955,0.2482,4.22,Unhealthy
0.0816,0.229,4.23,Unhealthy
0.0955,0.229,4.24,Unhealthy
0.0816,0.2482,4.25,Unhealthy
0.0816,0.2482,4.26,Unhealthy
0.0816,0.2482,4.27,Unhealthy
0.0539,0.229,4.28,Unhealthy
0.0539,0.229,4.29,Unhealthy
0.04,0.229,4.3,Unhealthy
0.0262,0.229,4.31,Unhealthy
0.04,0.229,4.32,Unhealthy
0.0262,0.2098,4.33,Unhealthy
0.0262,0.2098,4.34,Unhealthy
0.0123,0.229,4.35,Unhealthy
0.0123,0.229,4.36,Unhealthy
0.0262,0.229,4.37,Unhealthy
0.0015,0.2098,4.38,Unhealthy
0.0015,0.229,4.39,Unhealthy
0.0123,0.229,4.4,Unhealthy
0.0015,0.2098,4.41,Unhealthy
0.0123,0.229,4.42,Unhealthy
0.0015,0.1906,4.43,Unhealthy
0.0015,0.2098,4.44,Unhealthy
0.0123,0.2098,4.45,Unhealthy
0.0015,0.2098,4.46,Unhealthy
0.0123,0.229,4.47,Unhealthy
0.0015,0.2098,4.48,Unhealthy
0.0262,0.2098,4.49,Unhealthy
0.0262,0.229,4.5,Unhealthy
0.0262,0.229,4.51,Unhealthy
0.0539,0.2482,4.52,Unhealthy
0.04,0.2098,4.53,Unhealthy
0.0816,0.229,4.54,Unhealthy
0.0955,0.2482,4.55,Unhealthy
0.1093,0.2482,4.56,Unhealthy
0.137,0.2482,4.57,Unhealthy
0.1232,0.229,4.58,Unhealthy
0.137,0.2482,4.59,Unhealthy
0.1509,0.2674,4.6,Unhealthy
0.1509,0.2482,4.61,Unhealthy
0.1647,0.2674,4.62,Unhealthy
0.1509,0.2482,4.63,Unhealthy
0.1647,0.2482,4.64,Unhealthy
0.1647,0.2674,4.65,Unhealthy
0.1509,0.2482,4.66,Unhealthy
0.1509,0.2674,4.67,Unhealthy
0.1093,0.229,4.68,Unhealthy
0.0816,0.2482,4.69,Unhealthy
0.0678,0.2482,4.7,Unhealthy
0.04,0.2482,4.71,Unhealthy
0.0539,0.2482,4.72,Unhealthy
0.04,0.229,4.73,Unhealthy
0.0816,0.2482,4.74,Unhealthy
0.0955,0.2674,4.75,Unhealthy
0.0816,0.2674,4.76,Unhealthy
0.04,0.2674,4.77,Unhealthy
0.0262,0.2674,4.78,Unhealthy
0.04,0.2866,4.79,Unhealthy
0.0539,0.325,4.8,Unhealthy
0.0539,0.325,4.81,Unhealthy
0.0816,0.3442,4.82,Unhealthy
0.1509,0.325,4.83,Unhealthy
0.2063,0.325,4.84,Unhealthy
0.2894,0.325,4.85,Unhealthy
0.3033,0.3058,4.86,Unhealthy
0.3171,0.325,4.87,Unhealthy
0.3171,0.2866,4.88,Unhealthy
0.3449,0.3058,4.89,Unhealthy
0.3726,0.3058,4.9,Unhealthy
0.4141,0.2866,4.91,Unhealthy
0.4695,0.3058,4.92,Unhealthy
0.4973,0.2866,4.93,Unhealthy
0.5527,0.2866,4.94,Unhealthy
0.5804,0.3058,4.95,Unhealthy
0.5804,0.2866,4.96,Unhealthy
0.5942,0.3058,4.97,Unhealthy
0.5665,0.2674,4.98,Unhealthy
0.5942,0.2866,4.99,Unhealthy
0.6081,0.3058,5,Unhealthy
0.6081,0.2866,5.01,Unhealthy
0.622,0.325,5.02,Unhealthy
0.6081,0.2866,5.03,Unhealthy
0.622,0.3058,5.04,Unhealthy
0.6081,0.325,5.05,Unhealthy
0.5804,0.3058,5.06,Unhealthy
0.5665,0.325,5.07,Unhealthy
0.525,0.2866,5.08,Unhealthy
0.4973,0.3058,5.09,Unhealthy
0.4557,0.325,5.1,Unhealthy
0.3864,0.325,5.11,Unhealthy
0.3449,0.325,5.12,Unhealthy
0.2756,0.325,5.13,Unhealthy
0.2479,0.325,5.14,Unhealthy
0.2063,0.325,5.15,Unhealthy
0.1647,0.3058,5.16,Unhealthy
0.137,0.3058,5.17,Unhealthy
0.1093,0.2674,5.18,Unhealthy
0.1093,0.2866,5.19,Unhealthy
0.1232,0.2866,5.2,Unhealthy
0.1093,0.2482,5.21,Unhealthy
0.1232,0.2674,5.22,Unhealthy
0.1093,0.229,5.23,Unhealthy
0.1509,0.229,5.24,Unhealthy
0.1647,0.229,5.25,Unhealthy
0.1647,0.2098,5.26,Unhealthy
0.1786,0.229,5.27,Unhealthy
0.1509,0.1906,5.28,Unhealthy
0.1786,0.2098,5.29,Unhealthy
0.1786,0.229,5.3,Unhealthy
0.1786,0.2098,5.31,Unhealthy
0.1647,0.229,5.32,Unhealthy
0.1509,0.2098,5.33,Unhealthy
0.1509,0.229,5.34,Unhealthy
0.1509,0.229,5.35,Unhealthy
0.137,0.229,5.36,Unhealthy
0.137,0.229,5.37,Unhealthy
0.1093,0.1906,5.38,Unhealthy
0.1232,0.229,5.39,Unhealthy
0.1232,0.2482,5.4,Unhealthy
0.1093,0.229,5.41,Unhealthy
0.1232,0.229,5.42,Unhealthy
0.0955,0.1906,5.43,Unhealthy
0.1232,0.229,5.44,Unhealthy
0.137,0.229,5.45,Unhealthy
0.137,0.2098,5.46,Unhealthy
0.1509,0.229,5.47,Unhealthy
0.137,0.1906,5.48,Unhealthy
0.1509,0.2098,5.49,Unhealthy
0.137,0.1906,5.5,Unhealthy
0.137,0.1906,5.51,Unhealthy
0.1509,0.1906,5.52,Unhealthy
0.137,0.1906,5.53,Unhealthy
0.1509,0.1906,5.54,Unhealthy
0.1509,0.1906,5.55,Unhealthy
0.1509,0.1714,5.56,Unhealthy
0.1786,0.1906,5.57,Unhealthy
0.1509,0.1522,5.58,Unhealthy
0.1509,0.1714,5.59,Unhealthy
0.137,0.1714,5.6,Unhealthy
0.1232,0.1714,5.61,Unhealthy
0.1093,0.1714,5.62,Unhealthy
0.0816,0.1522,5.63,Unhealthy
0.0816,0.1522,5.64,Unhealthy
0.0816,0.1714,5.65,Unhealthy
0.0678,0.1522,5.66,Unhealthy
0.0816,0.1714,5.67,Unhealthy
0.0539,0.133,5.68,Unhealthy
0.0539,0.1522,5.69,Unhealthy
0.04,0.1522,5.7,Unhealthy
0.0262,0.133,5.71,Unhealthy
0.0262,0.133,5.72,Unhealthy
0.0154,0.1138,5.73,Unhealthy
0.0015,0.133,5.74,Unhealthy
0.0015,0.133,5.75,Unhealthy
0.0154,0.1138,5.76,Unhealthy
0.0015,0.133,5.77,Unhealthy
0.0292,0.1138,5.78,Unhealthy
0.0015,0.1138,5.79,Unhealthy
0.0154,0.1138,5.8,Unhealthy
0.0154,0.1138,5.81,Unhealthy
0.0154,0.133,5.82,Unhealthy
0.0292,0.0946,5.83,Unhealthy
0.0154,0.1138,5.84,Unhealthy
0.0154,0.1138,5.85,Unhealthy
0.0154,0.1138,5.86,Unhealthy
0.0015,0.133,5.87,Unhealthy
0.0154,0.0946,5.88,Unhealthy
0.0123,0.1138,5.89,Unhealthy
0.0262,0.1138,5.9,Unhealthy
0.0262,0.1138,5.91,Unhealthy
0.0678,0.1138,5.92,Unhealthy
0.1093,0.0946,5.93,Unhealthy
0.1509,0.0946,5.94,Unhealthy
0.2202,0.1138,5.95,Unhealthy
0.3033,0.0946,5.96,Unhealthy
0.4141,0.1138,5.97,Unhealthy
0.4695,0.0946,5.98,Unhealthy
0.5388,0.1138,5.99,Unhealthy
0.5804,0.1138,6,Unhealthy
0.5804,0.0946,6.01,Unhealthy
0.5942,0.1138,6.02,Unhealthy
0.5942,0.1138,6.03,Unhealthy
0.5942,0.1138,6.04,Unhealthy
0.5942,0.133,6.05,Unhealthy
0.5804,0.133,6.06,Unhealthy
0.5804,0.1522,6.07,Unhealthy
0.5388,0.1138,6.08,Unhealthy
0.5388,0.133,6.09,Unhealthy
0.5388,0.1522,6.1,Unhealthy
0.5111,0.133,6.11,Unhealthy
0.5111,0.1522,6.12,Unhealthy
0.4695,0.1138,6.13,Unhealthy
0.4695,0.133,6.14,Unhealthy
0.4834,0.1522,6.15,Unhealthy
0.4695,0.133,6.16,Unhealthy
0.4973,0.133,6.17,Unhealthy
0.4834,0.1138,6.18,Unhealthy
0.525,0.1138,6.19,Unhealthy
0.525,0.133,6.2,Unhealthy
0.525,0.1138,6.21,Unhealthy
0.5388,0.133,6.22,Unhealthy
0.5111,0.0946,6.23,Unhealthy
0.5111,0.1138,6.24,Unhealthy
0.525,0.133,6.25,Unhealthy
0.5111,0.1138,6.26,Unhealthy
0.5111,0.133,6.27,Unhealthy
0.5111,0.1138,6.28,Unhealthy
0.5388,0.133,6.29,Unhealthy
0.5527,0.1522,6.3,Unhealthy
0.5388,0.133,6.31,Unhealthy
0.5388,0.1522,6.32,Unhealthy
0.5111,0.133,6.33,Unhealthy
0.4973,0.1522,6.34,Unhealthy
0.4834,0.1714,6.35,Unhealthy
0.4557,0.1522,6.36,Unhealthy
0.4141,0.1714,6.37,Unhealthy
0.3587,0.1522,6.38,Unhealthy
0.3033,0.1714,6.39,Unhealthy
0.2479,0.1906,6.4,Unhealthy
0.1924,0.1714,6.41,Unhealthy
0.137,0.1906,6.42,Unhealthy
0.0678,0.1714,6.43,Unhealthy
0.04,0.1714,6.44,Unhealthy
0.0262,0.1906,6.45,Unhealthy
0.0123,0.1906,6.46,Unhealthy
0.0123,0.1906,6.47,Unhealthy
0.0015,0.1714,6.48,Unhealthy
0.0123,0.1714,6.49,Unhealthy
0.0262,0.1906,6.5,Unhealthy
0.0123,0.1906,6.51,Unhealthy
0.0262,0.1906,6.52,Unhealthy
0.0015,0.1522,6.53,Unhealthy
0.0262,0.1714,6.54,Unhealthy
0.0262,0.1906,6.55,Unhealthy
0.0262,0.1714,6.56,Unhealthy
0.04,0.1906,6.57,Unhealthy
0.0262,0.1522,6.58,Unhealthy
0.04,0.1714,6.59,Unhealthy
0.0539,0.1906,6.6,Unhealthy
0.04,0.1714,6.61,Unhealthy
0.0539,0.1714,6.62,Unhealthy
0.04,0.1522,6.63,Unhealthy
0.0678,0.1714,6.64,Unhealthy
0.0816,0.1714,6.65,Unhealthy
0.0955,0.1522,6.66,Unhealthy
0.137,0.1714,6.67,Unhealthy
0.1509,0.133,6.68,Unhealthy
0.1924,0.1522,6.69,Unhealthy
0.2202,0.1714,6.7,Unhealthy
0.2479,0.1522,6.71,Unhealthy
0.2756,0.133,6.72,Unhealthy
0.2894,0.133,6.73,Unhealthy
0.331,0.133,6.74,Unhealthy
0.3726,0.1522,6.75,Unhealthy
0.3864,0.133,6.76,Unhealthy
0.4141,0.133,6.77,Unhealthy
0.4003,0.1138,6.78,Unhealthy
0.4141,0.1522,6.79,Unhealthy
0.428,0.1714,6.8,Unhealthy
0.428,0.1522,6.81,Unhealthy
0.428,0.1522,6.82,Unhealthy
0.428,0.133,6.83,Unhealthy
0.4695,0.1714,6.84,Unhealthy
0.4834,0.1906,6.85,Unhealthy
0.4973,0.1522,6.86,Unhealthy
0.525,0.1714,6.87,Unhealthy
0.525,0.1522,6.88,Unhealthy
0.5527,0.1714,6.89,Unhealthy
0.5804,0.1714,6.9,Unhealthy
0.6081,0.1714,6.91,Unhealthy
0.6358,0.1714,6.92,Unhealthy
0.6497,0.1522,6.93,Unhealthy
0.6912,0.1714,6.94,Unhealthy
0.7051,0.1906,6.95,Unhealthy
0.7189,0.1906,6.96,Unhealthy
0.7189,0.2098,6.97,Unhealthy
0.7051,0.1906,6.98,Unhealthy
0.7328,0.2098,6.99,Unhealthy
0.7328,0.2098,7,Unhealthy
0.7328,0.2098,7.01,Unhealthy
0.7189,0.229,7.02,Unhealthy
0.6912,0.229,7.03,Unhealthy
0.7051,0.2482,7.04,Unhealthy
0.7051,0.2674,7.05,Unhealthy
0.7051,0.2674,7.06,Unhealthy
0.7189,0.2674,7.07,Unhealthy
0.7051,0.2482,7.08,Unhealthy
0.7051,0.2674,7.09,Unhealthy
0.7051,0.2674,7.1,Unhealthy
0.6912,0.2674,7.11,Unhealthy
0.7051,0.3058,7.12,Unhealthy
0.6912,0.2866,7.13,Unhealthy
0.7189,0.325,7.14,Unhealthy
0.7051,0.3634,7.15,Unhealthy
0.7051,0.3826,7.16,Unhealthy
0.7328,0.4018,7.17,Unhealthy
0.7466,0.3826,7.18,Unhealthy
0.7882,0.3826,7.19,Unhealthy
0.8436,0.3826,7.2,Unhealthy
0.8575,0.3442,7.21,Unhealthy
0.9129,0.3442,7.22,Unhealthy
0.9683,0.325,7.23,Unhealthy
1.0653,0.3442,7.24,Unhealthy
1.1346,0.3634,7.25,Unhealthy
1.19,0.325,7.26,Unhealthy
1.2454,0.3442,7.27,Unhealthy
1.2454,0.325,7.28,Unhealthy
1.2454,0.325,7.29,Unhealthy
1.2316,0.325,7.3,Unhealthy
1.2039,0.3058,7.31,Unhealthy
1.2039,0.3058,7.32,Unhealthy
1.19,0.2674,7.33,Unhealthy
1.2177,0.2866,7.34,Unhealthy
1.2177,0.3058,7.35,Unhealthy
1.1762,0.2866,7.36,Unhealthy
1.1346,0.2866,7.37,Unhealthy
1.0653,0.2674,7.38,Unhealthy
1.0237,0.2866,7.39,Unhealthy
0.8852,0.3058,7.4,Unhealthy
0.7328,0.2866,7.41,Unhealthy
0.6912,0.3058,7.42,Unhealthy
0.6912,0.2674,7.43,Unhealthy
0.7189,0.2866,7.44,Unhealthy
0.7605,0.2866,7.45,Unhealthy
0.8021,0.2674,7.46,Unhealthy
0.8991,0.2674,7.47,Unhealthy
0.9822,0.229,7.48,Unhealthy
1.1346,0.2482,7.49,Unhealthy
1.2731,0.2674,7.5,Unhealthy
1.384,0.229,7.51,Unhealthy
1.4671,0.229,7.52,Unhealthy
1.481,0.1906,7.53,Unhealthy
1.481,0.1906,7.54,Unhealthy
1.4671,0.2098,7.55,Unhealthy
1.4671,0.1906,7.56,Unhealthy
1.481,0.2098,7.57,Unhealthy
1.5087,0.1714,7.58,Unhealthy
1.5225,0.1906,7.59,Unhealthy
1.4671,0.2098,7.6,Unhealthy
1.3563,0.1906,7.61,Unhealthy
1.2039,0.229,7.62,Unhealthy
0.9129,0.1906,7.63,Unhealthy
0.5665,0.2098,7.64,Unhealthy
0.2894,0.229,7.65,Unhealthy
0.137,0.1906,7.66,Unhealthy
0.0816,0.1906,7.67,Unhealthy
0.0262,0.1714,7.68,Unhealthy
0.0262,0.1714,7.69,Unhealthy
0.0262,0.1714,7.7,Unhealthy
0.0123,0.1522,7.71,Unhealthy
0.0123,0.1714,7.72,Unhealthy
0.0015,0.133,7.73,Unhealthy
0.0015,0.1522,7.74,Unhealthy
0.0123,0.1714,7.75,Unhealthy
0.0015,0.133,7.76,Unhealthy
0.0015,0.133,7.77,Unhealthy
0.0154,0.0946,7.78,Unhealthy
0.0015,0.133,7.79,Unhealthy
0.0123,0.133,7.8,Unhealthy
0.0015,0.1138,7.81,Unhealthy
0.0015,0.1138,7.82,Unhealthy
0.0154,0.0946,7.83,Unhealthy
0.0015,0.1138,7.84,Unhealthy
0.0015,0.133,7.85,Unhealthy
0.0154,0.1138,7.86,Unhealthy
0.0154,0.1138,7.87,Unhealthy
0.0431,0.0946,7.88,Unhealthy
0.0292,0.1138,7.89,Unhealthy
0.0292,0.1138,7.9,Unhealthy
0.0292,0.0946,7.91,Unhealthy
0.0292,0.0946,7.92,Unhealthy
0.0431,0.0754,7.93,Unhealthy
0.0154,0.0946,7.94,Unhealthy
0.0015,0.0946,7.95,Unhealthy
0.0262,0.0946,7.96,Unhealthy
0.0539,0.0754,7.97,Unhealthy
0.0816,0.0754,7.98,Unhealthy
0.137,0.0754,7.99,Unhealthy
0.2202,0.0946,8,Unhealthy
0.2894,0.0754,8.01,Unhealthy
0.3726,0.0946,8.02,Unhealthy
0.428,0.0754,8.03,Unhealthy
0.525,0.0946,8.04,Unhealthy
0.5942,0.1138,8.05,Unhealthy
0.6358,0.0946,8.06,Unhealthy
0.6912,0.0946,8.07,Unhealthy
0.7189,0.0946,8.08,Unhealthy
0.7605,0.0946,8.09,Unhealthy
0.7744,0.1138,8.1,Unhealthy
0.7605,0.0946,8.11,Unhealthy
0.7328,0.0946,8.12,Unhealthy
0.6774,0.0946,8.13,Unhealthy
0.622,0.1138,8.14,Unhealthy
0.5527,0.133,8.15,Unhealthy
0.4695,0.1138,8.16,Unhealthy
0.4141,0.133,8.17,Unhealthy
0.3587,0.1138,8.18,Unhealthy
0.331,0.1138,8.19,Unhealthy
0.331,0.133,8.2,Unhealthy
0.3033,0.1138,8.21,Unhealthy
0.3171,0.1138,8.22,Unhealthy
0.3171,0.1138,8.23,Unhealthy
0.3449,0.1138,8.24,Unhealthy
0.3726,0.133,8.25,Unhealthy
0.3726,0.1138,8.26,Unhealthy
0.4141,0.1138,8.27,Unhealthy
0.4418,0.0946,8.28,Unhealthy
0.525,0.0946,8.29,Unhealthy
0.5942,0.1138,8.3,Unhealthy
0.6912,0.0946,8.31,Unhealthy
0.8436,0.0946,8.32,Unhealthy
1.0376,0.0562,8.33,Unhealthy
1.2177,0.0754,8.34,Unhealthy
1.481,0.0562,8.35,Unhealthy
1.5918,0.037,8.36,Unhealthy
1.5225,0.0562,8.37,Unhealthy
1.2731,0.0562,8.38,Unhealthy
1.0792,0.0946,8.39,Unhealthy
0.9545,0.133,8.4,Unhealthy
0.8575,0.133,8.41,Unhealthy
0.8021,0.1714,8.42,Unhealthy
0.7189,0.1522,8.43,Unhealthy
0.6912,0.1714,8.44,Unhealthy
0.6358,0.1714,8.45,Unhealthy
0.5804,0.1714,8.46,Unhealthy
0.5388,0.1714,8.47,Unhealthy
0.5111,0.1714,8.48,Unhealthy
0.4973,0.1906,8.49,Unhealthy
0.4973,0.1906,8.5,Unhealthy
0.4141,0.2098,8.51,Unhealthy
0.4003,0.229,8.52,Unhealthy
0.3726,0.2098,8.53,Unhealthy
0.3726,0.229,8.54,Unhealthy
0.3587,0.2482,8.55,Unhealthy
0.3171,0.229,8.56,Unhealthy
0.3033,0.2482,8.57,Unhealthy
0.2479,0.229,8.58,Unhealthy
0.2063,0.2482,8.59,Unhealthy
0.1786,0.2674,8.6,Unhealthy
0.1509,0.2674,8.61,Unhealthy
0.137,0.2674,8.62,Unhealthy
0.1093,0.2482,8.63,Unhealthy
0.1232,0.2674,8.64,Unhealthy
0.137,0.2674,8.65,Unhealthy
0.1232,0.2482,8.66,Unhealthy
0.137,0.2482,8.67,Unhealthy
0.1232,0.229,8.68,Unhealthy
0.1509,0.2482,8.69,Unhealthy
0.1509,0.2482,8.7,Unhealthy
0.137,0.229,8.71,Unhealthy
0.137,0.229,8.72,Unhealthy
0.1232,0.229,8.73,Unhealthy
0.1232,0.229,8.74,Unhealthy
0.137,0.2482,8.75,Unhealthy
0.1093,0.2098,8.76,Unhealthy
0.137,0.229,8.77,Unhealthy
0.1232,0.1906,8.78,Unhealthy
0.1786,0.2098,8.79,Unhealthy
0.1786,0.229,8.8,Unhealthy
0.1786,0.1906,8.81,Unhealthy
0.1786,0.2098,8.82,Unhealthy
0.1509,0.1906,8.83,Unhealthy
0.1509,0.1906,8.84,Unhealthy
0.1647,0.2098,8.85,Unhealthy
0.1647,0.1714,8.86,Unhealthy
0.2063,0.1906,8.87,Unhealthy
0.2202,0.1906,8.88,Unhealthy
0.2479,0.1906,8.89,Unhealthy
0.2894,0.1906,8.9,Unhealthy
0.2894,0.1714,8.91,Unhealthy
0.3033,0.1906,8.92,Unhealthy
0.3171,0.1714,8.93,Unhealthy
0.3171,0.1906,8.94,Unhealthy
0.3171,0.1906,8.95,Unhealthy
0.3033,0.1906,8.96,Unhealthy
0.3033,0.1906,8.97,Unhealthy
0.2617,0.1714,8.98,Unhealthy
0.2617,0.1906,8.99,Unhealthy
0.2617,0.2098,9,Unhealthy
0.234,0.1906,9.01,Unhealthy
0.2479,0.1906,9.02,Unhealthy
0.2202,0.1714,9.03,Unhealthy
0.2479,0.1906,9.04,Unhealthy
0.2617,0.1906,9.05,Unhealthy
0.2479,0.1906,9.06,Unhealthy
0.2617,0.1906,9.07,Unhealthy
0.2617,0.1714,9.08,Unhealthy
0.2894,0.1906,9.09,Unhealthy
0.3033,0.2098,9.1,Unhealthy
0.3171,0.1714,9.11,Unhealthy
0.3449,0.1906,9.12,Unhealthy
0.3726,0.1714,9.13,Unhealthy
0.4003,0.1714,9.14,Unhealthy
0.428,0.1906,9.15,Unhealthy
0.4418,0.1714,9.16,Unhealthy
0.4695,0.1906,9.17,Unhealthy
0.4834,0.1714,9.18,Unhealthy
0.525,0.1906,9.19,Unhealthy
0.5388,0.1906,9.2,Unhealthy
0.5388,0.1906,9.21,Unhealthy
0.5665,0.1906,9.22,Unhealthy
0.5665,0.1714,9.23,Unhealthy
0.5942,0.1906,9.24,Unhealthy
0.6081,0.1906,9.25,Unhealthy
0.6081,0.1906,9.26,Unhealthy
0.622,0.1906,9.27,Unhealthy
0.6081,0.1906,9.28,Unhealthy
0.6358,0.1906,9.29,Unhealthy
0.6635,0.2098,9.3,Unhealthy
0.6774,0.1906,9.31,Unhealthy
0.6912,0.1906,9.32,Unhealthy
0.6912,0.1906,9.33,Unhealthy
0.7328,0.1906,9.34,Unhealthy
0.7466,0.2098,9.35,Unhealthy
0.7466,0.1906,9.36,Unhealthy
0.7744,0.1906,9.37,Unhealthy
0.7744,0.1906,9.38,Unhealthy
0.8021,0.1906,9.39,Unhealthy
0.8159,0.2098,9.4,Unhealthy
0.8021,0.1906,9.41,Unhealthy
0.8021,0.1906,9.42,Unhealthy
0.7744,0.1714,9.43,Unhealthy
0.7882,0.1906,9.44,Unhealthy
0.7744,0.2098,9.45,Unhealthy
0.7744,0.1906,9.46,Unhealthy
0.8021,0.1906,9.47,Unhealthy
0.8298,0.1906,9.48,Unhealthy
0.8852,0.1906,9.49,Unhealthy
0.9268,0.1906,9.5,Unhealthy
0.9683,0.1714,9.51,Unhealthy
1.0099,0.1906,9.52,Unhealthy
1.0376,0.1714,9.53,Unhealthy
1.093,0.1714,9.54,Unhealthy
1.1346,0.1906,9.55,Unhealthy
1.1623,0.1714,9.56,Unhealthy
1.19,0.1714,9.57,Unhealthy
1.1623,0.1522,9.58,Unhealthy
1.1484,0.1714,9.59,Unhealthy
1.1346,0.1714,9.6,Unhealthy
1.0792,0.1522,9.61,Unhealthy
1.0792,0.133,9.62,Unhealthy
1.0376,0.1138,9.63,Unhealthy
1.0376,0.1138,9.64,Unhealthy
1.0376,0.133,9.65,Unhealthy
1.0237,0.0946,9.66,Unhealthy
0.996,0.1138,9.67,Unhealthy
0.9545,0.0946,9.68,Unhealthy
0.9129,0.1138,9.69,Unhealthy
0.8713,0.133,9.7,Unhealthy
0.8159,0.1138,9.71,Unhealthy
0.7605,0.133,9.72,Unhealthy
0.7051,0.133,9.73,Unhealthy
0.6635,0.133,9.74,Unhealthy
0.6497,0.1714,9.75,Unhealthy
0.6081,0.133,9.76,Unhealthy
0.5804,0.1522,9.77,Unhealthy
0.4973,0.133,9.78,Unhealthy
0.4557,0.1522,9.79,Unhealthy
0.4141,0.1714,9.8,Unhealthy
0.3587,0.1522,9.81,Unhealthy
0.3033,0.1522,9.82,Unhealthy
0.234,0.133,9.83,Unhealthy
0.1786,0.133,9.84,Unhealthy
0.137,0.1714,9.85,Unhealthy
0.0816,0.133,9.86,Unhealthy
0.0262,0.133,9.87,Unhealthy
0.0015,0.1138,9.88,Unhealthy
0.0292,0.133,9.89,Unhealthy
0.0292,0.133,9.9,Unhealthy
0.0569,0.0946,9.91,Unhealthy
0.0569,0.1138,9.92,Unhealthy
0.0847,0.0946,9.93,Unhealthy
0.0708,0.1138,9.94,Unhealthy
0.0569,0.1138,9.95,Unhealthy
0.0847,0.0754,9.96,Unhealthy
0.0708,0.0946,9.97,Unhealthy
0.0847,0.0754,9.98,Unhealthy
0.0708,0.0946,9.99,Unhealthy
0.0569,0.1138,10,Unhealthy
0.0708,0.0946,10.01,Unhealthy
0.0708,0.0946,10.02,Unhealthy
0.0847,0.0754,10.03,Unhealthy
0.0708,0.0946,10.04,Unhealthy
0.0569,0.0946,10.05,Unhealthy
0.0708,0.0754,10.06,Unhealthy
0.0708,0.0754,10.07,Unhealthy
0.0847,0.0754,10.08,Unhealthy
0.0708,0.0946,10.09,Unhealthy
0.0569,0.0946,10.1,Unhealthy
0.0708,0.0754,10.11,Unhealthy
0.0708,0.0946,10.12,Unhealthy
0.0708,0.0754,10.13,Unhealthy
0.0708,0.0946,10.14,Unhealthy
0.0569,0.0946,10.15,Unhealthy
0.0708,0.0754,10.16,Unhealthy
0.0569,0.0946,10.17,Unhealthy
0.0708,0.0754,10.18,Unhealthy
0.0569,0.0754,10.19,Unhealthy
0.0431,0.0946,10.2,Unhealthy
0.0569,0.0754,10.21,Unhealthy
0.0431,0.0754,10.22,Unhealthy
0.0569,0.0754,10.23,Unhealthy
0.0431,0.0754,10.24,Unhealthy
0.0431,0.0946,10.25,Unhealthy
0.0431,0.0754,10.26,Unhealthy
0.0292,0.0946,10.27,Unhealthy
0.0569,0.0562,10.28,Unhealthy
0.0292,0.0754,10.29,Unhealthy
0.0292,0.0946,10.3,Unhealthy
0.0431,0.0754,10.31,Unhealthy
0.0292,0.0754,10.32,Unhealthy
0.0569,0.0562,10.33,Unhealthy
0.0292,0.0754,10.34,Unhealthy
0.0015,0.0946,10.35,Unhealthy
0.0539,0.0754,10.36,Unhealthy
0.1509,0.0754,10.37,Unhealthy
0.2617,0.037,10.38,Unhealthy
0.4141,0.0562,10.39,Unhealthy
0.5527,0.0754,10.4,Unhealthy
0.6497,0.0562,10.41,Unhealthy
0.6912,0.0562,10.42,Unhealthy
0.7466,0.037,10.43,Unhealthy
0.7744,0.0754,10.44,Unhealthy
0.8021,0.0754,10.45,Unhealthy
0.8021,0.0562,10.46,Unhealthy
0.8298,0.0754,10.47,Unhealthy
0.8298,0.0562,10.48,Unhealthy
0.8436,0.0754,10.49,Unhealthy
0.8575,0.0754,10.5,Unhealthy
0.8436,0.0754,10.51,Unhealthy
0.8436,0.0754,10.52,Unhealthy
0.8159,0.0754,10.53,Unhealthy
0.8159,0.0754,10.54,Unhealthy
0.8298,0.0946,10.55,Unhealthy
0.8021,0.0754,10.56,Unhealthy
0.8021,0.0946,10.57,Unhealthy
0.7882,0.0754,10.58,Unhealthy
0.8159,0.0946,10.59,Unhealthy
0.7882,0.1138,10.6,Unhealthy
0.8021,0.1138,10.61,Unhealthy
0.8021,0.133,10.62,Unhealthy
0.7882,0.1138,10.63,Unhealthy
0.7744,0.133,10.64,Unhealthy
0.7744,0.1522,10.65,Unhealthy
0.7466,0.133,10.66,Unhealthy
0.7328,0.133,10.67,Unhealthy
0.7051,0.133,10.68,Unhealthy
0.6912,0.133,10.69,Unhealthy
0.6912,0.1522,10.7,Unhealthy
0.6358,0.1138,10.71,Unhealthy
0.622,0.133,10.72,Unhealthy
0.5804,0.1138,10.73,Unhealthy
0.5527,0.133,10.74,Unhealthy
0.4695,0.133,10.75,Unhealthy
0.4141,0.1138,10.76,Unhealthy
0.3587,0.1138,10.77,Unhealthy
0.3033,0.0946,10.78,Unhealthy
0.2617,0.1138,10.79,Unhealthy
0.2479,0.1138,10.8,Unhealthy
0.1924,0.0946,10.81,Unhealthy
0.1647,0.1138,10.82,Unhealthy
0.137,0.0946,10.83,Unhealthy
0.1093,0.0946,10.84,Unhealthy
0.0816,0.1138,10.85,Unhealthy
0.04,0.0946,10.86,Unhealthy
0.0262,0.0946,10.87,Unhealthy
0.0262,0.0946,10.88,Unhealthy
0.0262,0.1138,10.89,Unhealthy
0.0539,0.1138,10.9,Unhealthy
0.04,0.0754,10.91,Unhealthy
0.0678,0.0946,10.92,Unhealthy
0.0678,0.0946,10.93,Unhealthy
0.0955,0.0946,10.94,Unhealthy
0.1093,0.0946,10.95,Unhealthy
0.1093,0.0754,10.96,Unhealthy
0.1093,0.0946,10.97,Unhealthy
0.1093,0.0946,10.98,Unhealthy
0.1093,0.0946,10.99,Unhealthy
0.1093,0.0946,11,Unhealthy
0.1093,0.0754,11.01,Unhealthy
0.1093,0.0946,11.02,Unhealthy
0.0955,0.0946,11.03,Unhealthy
0.0816,0.0946,11.04,Unhealthy
0.0816,0.1138,11.05,Unhealthy
0.0539,0.0946,11.06,Unhealthy
0.0123,0.0946,11.07,Unhealthy
0.0154,0.0946,11.08,Unhealthy
0.0292,0.0946,11.09,Unhealthy
0.0292,0.0946,11.1,Unhealthy
0.0569,0.0754,11.11,Unhealthy
0.0569,0.0946,11.12,Unhealthy
0.0569,0.0754,11.13,Unhealthy
0.0569,0.0946,11.14,Unhealthy
0.0431,0.0946,11.15,Unhealthy
0.0431,0.0754,11.16,Unhealthy
0.0292,0.0946,11.17,Unhealthy
0.0262,0.0754,11.18,Unhealthy
0.0955,0.0946,11.19,Unhealthy
0.1786,0.0946,11.2,Unhealthy
0.2479,0.0754,11.21,Unhealthy
0.3726,0.0946,11.22,Unhealthy
0.4695,0.0946,11.23,Unhealthy
0.5804,0.0946,11.24,Unhealthy
0.6497,0.0946,11.25,Unhealthy
0.6774,0.0946,11.26,Unhealthy
0.7051,0.0946,11.27,Unhealthy
0.6912,0.0946,11.28,Unhealthy
0.6912,0.1138,11.29,Unhealthy
0.6912,0.133,11.3,Unhealthy
0.6497,0.1138,11.31,Unhealthy
0.622,0.1138,11.32,Unhealthy
0.5804,0.0946,11.33,Unhealthy
0.5527,0.1138,11.34,Unhealthy
0.5111,0.133,11.35,Unhealthy
0.4418,0.1138,11.36,Unhealthy
0.3726,0.133,11.37,Unhealthy
0.2894,0.133,11.38,Unhealthy
0.234,0.133,11.39,Unhealthy
0.2063,0.1522,11.4,Unhealthy
0.1509,0.133,11.41,Unhealthy
0.1232,0.133,11.42,Unhealthy
0.0955,0.1138,11.43,Unhealthy
0.0955,0.133,11.44,Unhealthy
0.0816,0.133,11.45,Unhealthy
0.0678,0.1138,11.46,Unhealthy
0.04,0.1138,11.47,Unhealthy
0.0262,0.0946,11.48,Unhealthy
0.0262,0.1138,11.49,Unhealthy
0.04,0.1138,11.5,Unhealthy
0.0262,0.0946,11.51,Unhealthy
0.0262,0.1138,11.52,Unhealthy
0.0123,0.0946,11.53,Unhealthy
0.0123,0.0946,11.54,Unhealthy
0.0262,0.1138,11.55,Unhealthy
0.0154,0.0946,11.56,Unhealthy
0.0015,0.0946,11.57,Unhealthy
0.04,0.0946,11.58,Unhealthy
0.1093,0.0946,11.59,Unhealthy
0.0816,0.1138,11.6,Unhealthy
0.04,0.0946,11.61,Unhealthy
0.04,0.0946,11.62,Unhealthy
0.0123,0.0946,11.63,Unhealthy
0.0015,0.0946,11.64,Unhealthy
0.0015,0.1138,11.65,Unhealthy
0.0154,0.0946,11.66,Unhealthy
0.0154,0.1138,11.67,Unhealthy
0.0292,0.0946,11.68,Unhealthy
0.0154,0.1138,11.69,Unhealthy
0.0123,0.133,11.7,Unhealthy
0.0292,0.0946,11.71,Unhealthy
0.0292,0.1138,11.72,Unhealthy
0.0569,0.1138,11.73,Unhealthy
0.0708,0.1138,11.74,Unhealthy
0.0431,0.133,11.75,Unhealthy
0.0292,0.1138,11.76,Unhealthy
0.0154,0.133,11.77,Unhealthy
0.0015,0.133,11.78,Unhealthy
0.0123,0.1138,11.79,Unhealthy
0.04,0.1522,11.8,Unhealthy
0.0678,0.133,11.81,Unhealthy
0.1232,0.133,11.82,Unhealthy
0.1232,0.133,11.83,Unhealthy
0.1232,0.133,11.84,Unhealthy
0.0955,0.1522,11.85,Unhealthy
0.0539,0.133,11.86,Unhealthy
0.0539,0.133,11.87,Unhealthy
0.0678,0.133,11.88,Unhealthy
0.0678,0.133,11.89,Unhealthy
0.0816,0.1522,11.9,Unhealthy
0.0678,0.1138,11.91,Unhealthy
0.0816,0.133,11.92,Unhealthy
0.0678,0.133,11.93,Unhealthy
0.0678,0.133,11.94,Unhealthy
0.0678,0.133,11.95,Unhealthy
0.0262,0.1138,11.96,Unhealthy
0.04,0.133,11.97,Unhealthy
0.0262,0.1138,11.98,Unhealthy
0.0262,0.133,11.99,Unhealthy
0.04,0.133,12,Unhealthy
0.0262,0.1138,12.01,Unhealthy
0.0539,0.133,12.02,Unhealthy
0.0539,0.1138,12.03,Unhealthy
0.0678,0.1138,12.04,Unhealthy
0.0816,0.133,12.05,Unhealthy
0.0539,0.1138,12.06,Unhealthy
0.0678,0.133,12.07,Unhealthy
0.0678,0.1138,12.08,Unhealthy
0.0678,0.1138,12.09,Unhealthy
0.0816,0.133,12.1,Unhealthy
0.0539,0.1138,12.11,Unhealthy
0.0678,0.133,12.12,Unhealthy
0.04,0.133,12.13,Unhealthy
0.0262,0.133,12.14,Unhealthy
0.0015,0.133,12.15,Unhealthy
0.0708,0.1138,12.16,Unhealthy
0.0708,0.133,12.17,Unhealthy
0.0708,0.1138,12.18,Unhealthy
0.0569,0.133,12.19,Unhealthy
0.0292,0.133,12.2,Unhealthy
0.0292,0.1138,12.21,Unhealthy
0.0015,0.133,12.22,Unhealthy
0.0123,0.133,12.23,Unhealthy
0.04,0.133,12.24,Unhealthy
0.0539,0.1522,12.25,Unhealthy
0.04,0.133,12.26,Unhealthy
0.04,0.133,12.27,Unhealthy
0.04,0.133,12.28,Unhealthy
0.0262,0.133,12.29,Unhealthy
0.0262,0.1522,12.3,Unhealthy
0.0015,0.1138,12.31,Unhealthy
0.0154,0.133,12.32,Unhealthy
0.0292,0.133,12.33,Unhealthy
0.0292,0.133,12.34,Unhealthy
0.0292,0.1522,12.35,Unhealthy
0.0708,0.1138,12.36,Unhealthy
0.0708,0.1138,12.37,Unhealthy
0.0847,0.1138,12.38,Unhealthy
0.0708,0.1138,12.39,Unhealthy
0.0708,0.133,12.4,Unhealthy
0.0847,0.0946,12.41,Unhealthy
0.0708,0.1138,12.42,Unhealthy
0.0708,0.1138,12.43,Unhealthy
0.0708,0.1138,12.44,Unhealthy
0.0569,0.133,12.45,Unhealthy
0.0708,0.0946,12.46,Unhealthy
0.0708,0.133,12.47,Unhealthy
0.0708,0.1138,12.48,Unhealthy
0.0569,0.1138,12.49,Unhealthy
0.0431,0.133,12.5,Unhealthy
0.0708,0.1138,12.51,Unhealthy
0.0569,0.1138,12.52,Unhealthy
0.0708,0.1138,12.53,Unhealthy
0.0708,0.1138,12.54,Unhealthy
0.0569,0.133,12.55,Unhealthy
0.0708,0.0946,12.56,Unhealthy
0.0708,0.1138,12.57,Unhealthy
0.0708,0.0946,12.58,Unhealthy
0.0708,0.1138,12.59,Unhealthy
0.0708,0.1138,12.6,Unhealthy
0.0847,0.0946,12.61,Unhealthy
0.0708,0.1138,12.62,Unhealthy
0.0708,0.0946,12.63,Unhealthy
0.0708,0.1138,12.64,Unhealthy
0.0708,0.1138,12.65,Unhealthy
0.0847,0.0946,12.66,Unhealthy
0.0708,0.1138,12.67,Unhealthy
0.0708,0.0946,12.68,Unhealthy
0.0708,0.1138,12.69,Unhealthy
0.0569,0.1138,12.7,Unhealthy
0.0847,0.0946,12.71,Unhealthy
0.0708,0.1138,12.72,Unhealthy
0.0708,0.0946,12.73,Unhealthy
0.0708,0.0946,12.74,Unhealthy
0.0708,0.1138,12.75,Unhealthy
0.0847,0.0946,12.76,Unhealthy
0.0708,0.1138,12.77,Unhealthy
0.0847,0.0946,12.78,Unhealthy
0.0708,0.0946,12.79,Unhealthy
0.0708,0.1138,12.8,Unhealthy
0.0847,0.0946,12.81,Unhealthy
0.0708,0.1138,12.82,Unhealthy
0.0847,0.0946,12.83,Unhealthy
0.0708,0.1138,12.84,Unhealthy
0.0708,0.1138,12.85,Unhealthy
0.0847,0.0946,12.86,Unhealthy
0.0847,0.0946,12.87,Unhealthy
0.0708,0.0946,12.88,Unhealthy
0.0708,0.0946,12.89,Unhealthy
0.0708,0.1138,12.9,Unhealthy
0.0847,0.0946,12.91,Unhealthy
0.0708,0.0946,12.92,Unhealthy
0.0847,0.0946,12.93,Unhealthy
0.0708,0.0946,12.94,Unhealthy
0.0708,0.1138,12.95,Unhealthy
0.0847,0.0946,12.96,Unhealthy
0.0708,0.0946,12.97,Unhealthy
0.0847,0.0946,12.98,Unhealthy
0.0708,0.0946,12.99,Unhealthy
0.0708,0.1138,13,Unhealthy
0.0847,0.0946,13.01,Unhealthy
0.0708,0.0946,13.02,Unhealthy
0.0708,0.0946,13.03,Unhealthy
0.0847,0.0946,13.04,Unhealthy
0.0708,0.0946,13.05,Unhealthy
0.0847,0.0946,13.06,Unhealthy
0.0708,0.0946,13.07,Unhealthy
0.0708,0.0946,13.08,Unhealthy
0.0708,0.0946,13.09,Unhealthy
0.0708,0.1138,13.1,Unhealthy
0.0847,0.0946,13.11,Unhealthy
0.0708,0.0946,13.12,Unhealthy
0.0847,0.0946,13.13,Unhealthy
0.0708,0.0946,13.14,Unhealthy
0.0708,0.0946,13.15,Unhealthy
0.0847,0.0946,13.16,Unhealthy
0.0708,0.0946,13.17,Unhealthy
0.0708,0.0946,13.18,Unhealthy
0.0708,0.0946,13.19,Unhealthy
0.0708,0.1138,13.2,Unhealthy
0.0847,0.0754,13.21,Unhealthy
0.0708,0.0946,13.22,Unhealthy
0.0708,0.0946,13.23,Unhealthy
0.0708,0.0946,13.24,Unhealthy
0.0708,0.1138,13.25,Unhealthy
0.0847,0.0946,13.26,Unhealthy
0.0708,0.0946,13.27,Unhealthy
0.0847,0.0946,13.28,Unhealthy
0.0708,0.1138,13.29,Unhealthy
0.0708,0.1138,13.3,Unhealthy
0.0847,0.0946,13.31,Unhealthy
0.0847,0.1138,13.32,Unhealthy
0.0847,0.1138,13.33,Unhealthy
0.0708,0.1138,13.34,Unhealthy
0.0708,0.133,13.35,Unhealthy
0.0847,0.0946,13.36,Unhealthy
0.0708,0.1138,13.37,Unhealthy
0.0708,0.0946,13.38,Unhealthy
0.0708,0.1138,13.39,Unhealthy
0.0569,0.133,13.4,Unhealthy
0.0708,0.0946,13.41,Unhealthy
0.0708,0.1138,13.42,Unhealthy
0.0708,0.0946,13.43,Unhealthy
0.0569,0.1138,13.44,Unhealthy
0.0431,0.1138,13.45,Unhealthy
0.0708,0.0946,13.46,Unhealthy
0.0569,0.1138,13.47,Unhealthy
0.0569,0.0946,13.48,Unhealthy
0.0708,0.1138,13.49,Unhealthy
0.0431,0.133,13.5,Unhealthy
0.0708,0.0946,13.51,Unhealthy
0.0569,0.1138,13.52,Unhealthy
0.0569,0.1138,13.53,Unhealthy
0.0569,0.1138,13.54,Unhealthy
0.0569,0.133,13.55,Unhealthy
0.0708,0.0946,13.56,Unhealthy
0.0708,0.1138,13.57,Unhealthy
0.0708,0.1138,13.58,Unhealthy
0.0708,0.1138,13.59,Unhealthy
0.0708,0.133,13.6,Unhealthy
0.0847,0.0946,13.61,Unhealthy
0.0708,0.1138,13.62,Unhealthy
0.0708,0.1138,13.63,Unhealthy
0.0708,0.1138,13.64,Unhealthy
0.0708,0.1138,13.65,Unhealthy
0.0847,0.0946,13.66,Unhealthy
0.0708,0.1138,13.67,Unhealthy
0.0708,0.1138,13.68,Unhealthy
0.0708,0.1138,13.69,Unhealthy
0.0708,0.1138,13.7,Unhealthy
0.0847,0.0946,13.71,Unhealthy
0.0708,0.1138,13.72,Unhealthy
0.0847,0.0946,13.73,Unhealthy
0.0708,0.0946,13.74,Unhealthy
0.0569,0.1138,13.75,Unhealthy
0.0708,0.0946,13.76,Unhealthy
0.0708,0.0946,13.77,Unhealthy
0.0708,0.0946,13.78,Unhealthy
0.0708,0.1138,13.79,Unhealthy
0.0708,0.1138,13.8,Unhealthy
0.0847,0.0946,13.81,Unhealthy
0.0708,0.1138,13.82,Unhealthy
0.0708,0.0946,13.83,Unhealthy
0.0708,0.1138,13.84,Unhealthy
0.0569,0.1138,13.85,Unhealthy
0.0708,0.0946,13.86,Unhealthy
0.0708,0.0946,13.87,Unhealthy
0.0708,0.0946,13.88,Unhealthy
0.0708,0.0946,13.89,Unhealthy
0.0708,0.1138,13.9,Unhealthy
0.0847,0.0946,13.91,Unhealthy
0.0708,0.1138,13.92,Unhealthy
0.0708,0.0946,13.93,Unhealthy
0.0708,0.0946,13.94,Unhealthy
0.0708,0.1138,13.95,Unhealthy
0.0847,0.0946,13.96,Unhealthy
0.0708,0.1138,13.97,Unhealthy
0.0708,0.0946,13.98,Unhealthy
0.0708,0.1138,13.99,Unhealthy
0.0708,0.1138,14,Unhealthy
0.0847,0.0946,14.01,Unhealthy
0.0708,0.0946,14.02,Unhealthy
0.0708,0.0946,14.03,Unhealthy
0.0708,0.0946,14.04,Unhealthy
0.0708,0.1138,14.05,Unhealthy
0.0847,0.0946,14.06,Unhealthy
0.0708,0.0946,14.07,Unhealthy
0.0708,0.0946,14.08,Unhealthy
0.0708,0.1138,14.09,Unhealthy
0.0708,0.1138,14.1,Unhealthy
0.0847,0.0946,14.11,Unhealthy
0.0708,0.0946,14.12,Unhealthy
0.0847,0.0946,14.13,Unhealthy
0.0708,0.0946,14.14,Unhealthy
0.0708,0.133,14.15,Unhealthy
0.0847,0.0946,14.16,Unhealthy
0.0708,0.0946,14.17,Unhealthy
0.0708,0.0946,14.18,Unhealthy
0.0708,0.0946,14.19,Unhealthy
0.0569,0.1138,14.2,Unhealthy
0.0847,0.0946,14.21,Unhealthy
0.0708,0.0946,14.22,Unhealthy
0.0708,0.0946,14.23,Unhealthy
0.0847,0.1138,14.24,Unhealthy
0.0708,0.1138,14.25,Unhealthy
0.0847,0.0946,14.26,Unhealthy
0.0708,0.1138,14.27,Unhealthy
0.0708,0.0946,14.28,Unhealthy
0.0847,0.0946,14.29,Unhealthy
0.0708,0.0946,14.3,Unhealthy
0.0847,0.0946,14.31,Unhealthy
0.0708,0.0946,14.32,Unhealthy
0.0708,0.0946,14.33,Unhealthy
0.0708,0.0946,14.34,Unhealthy
0.0708,0.1138,14.35,Unhealthy
0.0847,0.0946,14.36,Unhealthy
0.0847,0.0946,14.37,Unhealthy
0.0708,0.0946,14.38,Unhealthy
0.0847,0.0946,14.39,Unhealthy
0.0708,0.0946,14.4,Unhealthy
0.0847,0.0946,14.41,Unhealthy
0.0708,0.0946,14.42,Unhealthy
0.0708,0.0946,14.43,Unhealthy
0.0708,0.0946,14.44,Unhealthy
0.0708,0.1138,14.45,Unhealthy
0.0847,0.0946,14.46,Unhealthy
0.0708,0.0946,14.47,Unhealthy
0.0708,0.0946,14.48,Unhealthy
0.0708,0.0946,14.49,Unhealthy
0.0708,0.1138,14.5,Unhealthy
0.0708,0.0946,14.51,Unhealthy
0.0708,0.0946,14.52,Unhealthy
0.0708,0.0946,14.53,Unhealthy
0.0708,0.0946,14.54,Unhealthy
0.0569,0.1138,14.55,Unhealthy
0.0847,0.0946,14.56,Unhealthy
0.0708,0.0946,14.57,Unhealthy
0.0847,0.0946,14.58,Unhealthy
0.0708,0.0946,14.59,Unhealthy
0.0708,0.1138,14.6,Unhealthy
0.0847,0.0946,14.61,Unhealthy
0.0847,0.0946,14.62,Unhealthy
0.0847,0.0946,14.63,Unhealthy
0.0847,0.0946,14.64,Unhealthy
0.0708,0.1138,14.65,Unhealthy
0.0847,0.0946,14.66,Unhealthy
0.0847,0.0946,14.67,Unhealthy
0.0847,0.0946,14.68,Unhealthy
0.0847,0.0946,14.69,Unhealthy
0.0847,0.1138,14.7,Unhealthy
0.0985,0.0946,14.71,Unhealthy
0.0847,0.0946,14.72,Unhealthy
0.0847,0.0946,14.73,Unhealthy
0.0847,0.0946,14.74,Unhealthy
0.0847,0.0946,14.75,Unhealthy
0.0985,0.0946,14.76,Unhealthy
0.0847,0.0946,14.77,Unhealthy
0.0985,0.0946,14.78,Unhealthy
0.0847,0.0946,14.79,Unhealthy
0.0847,0.1138,14.8,Unhealthy
0.0985,0.0946,14.81,Unhealthy
0.0985,0.0946,14.82,Unhealthy
0.0847,0.0946,14.83,Unhealthy
0.0847,0.0946,14.84,Unhealthy
0.0847,0.1138,14.85,Unhealthy
0.0985,0.0946,14.86,Unhealthy
0.0847,0.0946,14.87,Unhealthy
0.0847,0.0946,14.88,Unhealthy
0.0847,0.0946,14.89,Unhealthy
0.0847,0.1138,14.9,Unhealthy
0.0985,0.0946,14.91,Unhealthy
0.0847,0.0946,14.92,Unhealthy
0.0847,0.0946,14.93,Unhealthy
0.0847,0.0946,14.94,Unhealthy
0.0847,0.1138,14.95,Unhealthy
0.0985,0.0946,14.96,Unhealthy
0.0985,0.0946,14.97,Unhealthy
0.0847,0.0946,14.98,Unhealthy
0.0985,0.0946,14.99,Unhealthy
0.0847,0.1138,15,Unhealthy
