t,F1,F2,Target
1.01,0.2471,0.2174,unhealthy
1.02,0.2718,0.2174,unhealthy
1.03,0.2718,0.1866,unhealthy
1.04,0.2471,0.1866,unhealthy
1.05,0.2224,0.1866,unhealthy
1.06,0.1976,0.1866,unhealthy
1.07,0.1729,0.1866,unhealthy
1.08,0.1482,0.1866,unhealthy
1.09,0.1482,0.1866,unhealthy
1.1,0.1482,0.2174,unhealthy
1.11,0.1729,0.2174,unhealthy
1.12,0.2224,0.2174,unhealthy
1.13,0.2224,0.2174,unhealthy
1.14,0.2471,0.2174,unhealthy
1.15,0.2471,0.2174,unhealthy
1.16,0.1976,0.2174,unhealthy
1.17,0.1729,0.2174,unhealthy
1.18,0.1482,0.2174,unhealthy
1.19,0.1482,0.1866,unhealthy
1.2,0.1482,0.1866,unhealthy
1.21,0.1235,0.1558,unhealthy
1.22,0.0988,0.1558,unhealthy
1.23,0.0988,0.125,unhealthy
1.24,0.0741,0.0942,unhealthy
1.25,0.0741,0.0942,unhealthy
1.26,0.0741,0.0634,unhealthy
1.27,0.0741,0.0634,unhealthy
1.28,0.0741,0.0326,unhealthy
1.29,0.0494,0.0018,unhealthy
1.3,0.0494,0.0018,unhealthy
1.31,0.0494,0.0289,unhealthy
1.32,0.0494,0.0597,unhealthy
1.33,0.0247,0.0597,unhealthy
1.34,0.0494,0.0597,unhealthy
1.35,0.0494,0.0905,unhealthy
1.36,0.0741,0.1213,unhealthy
1.37,0.0741,0.0905,unhealthy
1.38,0.0741,0.0905,unhealthy
1.39,0.0741,0.0905,unhealthy
1.4,0.0988,0.0597,unhealthy
1.41,0.0988,0.0905,unhealthy
1.42,0.0988,0.0597,unhealthy
1.43,0.1235,0.0597,unhealthy
1.44,0.1482,0.0597,unhealthy
1.45,0.1482,0.0597,unhealthy
1.46,0.1729,0.0289,unhealthy
1.47,0.2224,0.0018,unhealthy
1.48,0.2471,0.0018,unhealthy
1.49,0.2718,0.0326,unhealthy
1.5,0.2965,0.0326,unhealthy
1.51,0.2965,0.0634,unhealthy
1.52,0.2718,0.0634,unhealthy
1.53,0.2718,0.0634,unhealthy
1.54,0.2718,0.0634,unhealthy
1.55,0.2471,0.0942,unhealthy
1.56,0.2471,0.0942,unhealthy
1.57,0.2224,0.125,unhealthy
1.58,0.1976,0.125,unhealthy
1.59,0.1729,0.1558,unhealthy
1.6,0.1482,0.1558,unhealthy
1.61,0.1482,0.1558,unhealthy
1.62,0.1482,0.1558,unhealthy
1.63,0.1235,0.1558,unhealthy
1.64,0.0988,0.125,unhealthy
1.65,0.0741,0.0942,unhealthy
1.66,0.0741,0.0634,unhealthy
1.67,0.0741,0.0326,unhealthy
1.68,0.0494,0.0289,unhealthy
1.69,0.0494,0.0905,unhealthy
1.7,0.0494,0.1521,unhealthy
1.71,0.0494,0.2137,unhealthy
1.72,0.0741,0.2445,unhealthy
1.73,0.0741,0.2753,unhealthy
1.74,0.0741,0.2753,unhealthy
1.75,0.0741,0.2753,unhealthy
1.76,0.0741,0.3061,unhealthy
1.77,0.0494,0.3061,unhealthy
1.78,0.0494,0.3369,unhealthy
1.79,0.0741,0.3369,unhealthy
1.8,0.0494,0.3677,unhealthy
1.81,0.0494,0.4293,unhealthy
1.82,0.0247,0.5217,unhealthy
1.83,0.0247,0.6141,unhealthy
1.84,0.0247,0.7989,unhealthy
1.85,0.0247,0.8605,unhealthy
1.86,0,0.7681,unhealthy
1.87,0.0494,0.6757,unhealthy
1.88,0.0741,0.5525,unhealthy
1.89,0.0741,0.4909,unhealthy
1.9,0.0741,0.4293,unhealthy
1.91,0.0988,0.3677,unhealthy
1.92,0.0988,0.3061,unhealthy
1.93,0.0988,0.3061,unhealthy
1.94,0.0741,0.3369,unhealthy
1.95,0.0988,0.3369,unhealthy
1.96,0.0741,0.3369,unhealthy
1.97,0.0988,0.3061,unhealthy
1.98,0.0988,0.3061,unhealthy
1.99,0.0988,0.3061,unhealthy
2,0.1235,0.2753,unhealthy
2.01,0.1235,0.2753,unhealthy
2.02,0.1235,0.2753,unhealthy
2.03,0.1482,0.2753,unhealthy
2.04,0.1482,0.2445,unhealthy
2.05,0.1482,0.2137,unhealthy
2.06,0.1482,0.1829,unhealthy
2.07,0.1482,0.1829,unhealthy
2.08,0.1482,0.1521,unhealthy
2.09,0.1482,0.1521,unhealthy
2.1,0.1482,0.1521,unhealthy
2.11,0.1482,0.1829,unhealthy
2.12,0.1482,0.1829,unhealthy
2.13,0.1235,0.2445,unhealthy
2.14,0.0988,0.3061,unhealthy
2.15,0.0988,0.3677,unhealthy
2.16,0.0988,0.3985,unhealthy
2.17,0.0741,0.4293,unhealthy
2.18,0.0741,0.3677,unhealthy
2.19,0.0988,0.3369,unhealthy
2.2,0.0988,0.3061,unhealthy
2.21,0.0988,0.3061,unhealthy
2.22,0.0988,0.3061,unhealthy
2.23,0.0988,0.3369,unhealthy
2.24,0.1235,0.3369,unhealthy
2.25,0.1482,0.3061,unhealthy
2.26,0.1482,0.2753,unhealthy
2.27,0.1482,0.2137,unhealthy
2.28,0.1482,0.2137,unhealthy
2.29,0.1482,0.2137,unhealthy
2.3,0.1482,0.1829,unhealthy
2.31,0.1482,0.2137,unhealthy
2.32,0.1235,0.2137,unhealthy
2.33,0.1235,0.2137,unhealthy
2.34,0.1235,0.2445,unhealthy
2.35,0.1235,0.2445,unhealthy
2.36,0.1235,0.2445,unhealthy
2.37,0.1235,0.2753,unhealthy
2.38,0.1235,0.2445,unhealthy
2.39,0.1482,0.2137,unhealthy
2.4,0.1235,0.2137,unhealthy
2.41,0.1482,0.2137,unhealthy
2.42,0.1482,0.2137,unhealthy
2.43,0.1482,0.1829,unhealthy
2.44,0.1482,0.1521,unhealthy
2.45,0.1482,0.1213,unhealthy
2.46,0.1482,0.0905,unhealthy
2.47,0.1729,0.0905,unhealthy
2.48,0.1729,0.0905,unhealthy
2.49,0.1729,0.0597,unhealthy
2.5,0.1729,0.0597,unhealthy
2.51,0.1729,0.0597,unhealthy
2.52,0.1729,0.0289,unhealthy
2.53,0.1976,0.0289,unhealthy
2.54,0.1976,0.0018,unhealthy
2.55,0.1976,0.0018,unhealthy
2.56,0.1976,0.0326,unhealthy
2.57,0.1976,0.0326,unhealthy
2.58,0.1729,0.0326,unhealthy
2.59,0.1729,0.0326,unhealthy
2.6,0.1729,0.0326,unhealthy
2.61,0.1729,0.0326,unhealthy
2.62,0.1729,0.0326,unhealthy
2.63,0.1729,0.0326,unhealthy
2.64,0.1729,0.0326,unhealthy
2.65,0.1482,0.0018,unhealthy
2.66,0.1482,0.0018,unhealthy
2.67,0.1482,0.0018,unhealthy
2.68,0.1482,0.0018,unhealthy
2.69,0.1482,0.0289,unhealthy
2.7,0.1482,0.0289,unhealthy
2.71,0.1482,0.0289,unhealthy
2.72,0.1482,0.0289,unhealthy
2.73,0.1482,0.0289,unhealthy
2.74,0.1482,0.0289,unhealthy
2.75,0.1482,0.0289,unhealthy
2.76,0.1482,0.0018,unhealthy
2.77,0.1482,0.0018,unhealthy
2.78,0.1482,0.0326,unhealthy
2.79,0.1482,0.0326,unhealthy
2.8,0.1482,0.0018,unhealthy
2.81,0.1235,0.0018,unhealthy
2.82,0.1235,0.0018,unhealthy
2.83,0.1235,0.0018,unhealthy
2.84,0.0988,0.0289,unhealthy
2.85,0.0741,0.0597,unhealthy
2.86,0.0741,0.1213,unhealthy
2.87,0.0741,0.1521,unhealthy
2.88,0.0741,0.1521,unhealthy
2.89,0.0741,0.1829,unhealthy
2.9,0.0494,0.2137,unhealthy
2.91,0.0494,0.2137,unhealthy
2.92,0.0494,0.2753,unhealthy
2.93,0.0494,0.2753,unhealthy
2.94,0.0247,0.3061,unhealthy
2.95,0.0494,0.3369,unhealthy
2.96,0.0494,0.3369,unhealthy
2.97,0.0494,0.3677,unhealthy
2.98,0.0247,0.3677,unhealthy
2.99,0.0494,0.3985,unhealthy
3,0.0247,0.3985,unhealthy
3.01,0.0494,0.3985,unhealthy
3.02,0.0247,0.3985,unhealthy
3.03,0.0247,0.3677,unhealthy
3.04,0,0.3369,unhealthy
3.05,0,0.3061,unhealthy
3.06,0.0247,0.2753,unhealthy
3.07,0.0247,0.2445,unhealthy
3.08,0,0.2137,unhealthy
3.09,0.0247,0.1829,unhealthy
3.1,0.0247,0.1829,unhealthy
3.11,0.0247,0.2137,unhealthy
3.12,0.0247,0.2137,unhealthy
3.13,0.0247,0.2753,unhealthy
3.14,0.0247,0.3061,unhealthy
3.15,0.0247,0.3985,unhealthy
3.16,0.0494,0.4601,unhealthy
3.17,0.0494,0.5217,unhealthy
3.18,0.0494,0.5525,unhealthy
3.19,0.0494,0.5525,unhealthy
3.2,0.0494,0.5525,unhealthy
3.21,0.0494,0.5525,unhealthy
3.22,0.0494,0.5833,unhealthy
3.23,0.0494,0.5833,unhealthy
3.24,0.0494,0.5833,unhealthy
3.25,0.0247,0.5833,unhealthy
3.26,0.0247,0.5217,unhealthy
3.27,0.0247,0.4909,unhealthy
3.28,0,0.4601,unhealthy
3.29,0,0.4293,unhealthy
3.3,0,0.3985,unhealthy
3.31,0,0.3677,unhealthy
3.32,0,0.3677,unhealthy
3.33,0,0.3677,unhealthy
3.34,0.0247,0.3677,unhealthy
3.35,0,0.3369,unhealthy
3.36,0.0247,0.3061,unhealthy
3.37,0.0247,0.2753,unhealthy
3.38,0.0247,0.2445,unhealthy
3.39,0.0247,0.2137,unhealthy
3.4,0.0247,0.1829,unhealthy
3.41,0.0741,0.1521,unhealthy
3.42,0.0741,0.1213,unhealthy
3.43,0.0741,0.0905,unhealthy
3.44,0.0494,0.0905,unhealthy
3.45,0.0494,0.0597,unhealthy
3.46,0.0247,0.0597,unhealthy
3.47,0.0247,0.0597,unhealthy
3.48,0.0247,0.0597,unhealthy
3.49,0.0247,0.0597,unhealthy
3.5,0.0247,0.0597,unhealthy
3.51,0.0494,0.0597,unhealthy
3.52,0.0494,0.0597,unhealthy
3.53,0.0247,0.0597,unhealthy
3.54,0.0247,0.0597,unhealthy
3.55,0.0247,0.0597,unhealthy
3.56,0,0.0289,unhealthy
3.57,0,0.0289,unhealthy
3.58,0,0.0597,unhealthy
3.59,0.0247,0.0289,unhealthy
3.6,0.0247,0.0289,unhealthy
3.61,0.0494,0.0289,unhealthy
3.62,0.0741,0.0597,unhealthy
3.63,0.1235,0.0905,unhealthy
3.64,0.0988,0.0905,unhealthy
3.65,0.0494,0.1521,unhealthy
3.66,0.0247,0.2137,unhealthy
3.67,0.0247,0.3061,unhealthy
3.68,0.0247,0.3061,unhealthy
3.69,0.0494,0.3369,unhealthy
3.7,0.0247,0.3677,unhealthy
3.71,0.0247,0.3985,unhealthy
3.72,0.0247,0.4293,unhealthy
3.73,0.0247,0.4601,unhealthy
3.74,0.0247,0.4601,unhealthy
3.75,0.0247,0.4909,unhealthy
3.76,0.0247,0.4909,unhealthy
3.77,0,0.4909,unhealthy
3.78,0.0247,0.4909,unhealthy
3.79,0,0.4601,unhealthy
3.8,0.0247,0.4909,unhealthy
3.81,0.0247,0.4909,unhealthy
3.82,0.0247,0.5217,unhealthy
3.83,0.0247,0.5525,unhealthy
3.84,0.0494,0.5525,unhealthy
3.85,0.0494,0.5833,unhealthy
3.86,0.0741,0.5833,unhealthy
3.87,0.0741,0.5833,unhealthy
3.88,0.0494,0.6141,unhealthy
3.89,0.0741,0.6757,unhealthy
3.9,0.0494,0.6757,unhealthy
3.91,0.0741,0.6757,unhealthy
3.92,0.0741,0.6141,unhealthy
3.93,0.0494,0.6141,unhealthy
3.94,0.0741,0.5833,unhealthy
3.95,0.0741,0.5833,unhealthy
3.96,0.0741,0.6141,unhealthy
3.97,0.0741,0.6757,unhealthy
3.98,0.0988,0.7065,unhealthy
3.99,0.0988,0.7065,unhealthy
4,0.0988,0.7373,unhealthy
4.01,0.0988,0.7989,unhealthy
4.02,0.0988,0.8297,unhealthy
4.03,0.0988,0.8913,unhealthy
4.04,0.0988,0.9529,unhealthy
4.05,0.0988,1.0453,unhealthy
4.06,0.0988,1.1069,unhealthy
4.07,0.0988,1.1069,unhealthy
4.08,0.0741,1.0761,unhealthy
4.09,0.0494,0.9529,unhealthy
4.1,0.0494,0.8605,unhealthy
4.11,0.0494,0.7681,unhealthy
4.12,0.0494,0.6449,unhealthy
4.13,0.0494,0.6141,unhealthy
4.14,0.0741,0.5833,unhealthy
4.15,0.0494,0.5525,unhealthy
4.16,0.0494,0.5217,unhealthy
4.17,0.0494,0.5217,unhealthy
4.18,0.0494,0.5217,unhealthy
4.19,0.0494,0.5525,unhealthy
4.2,0.0494,0.6141,unhealthy
4.21,0.0494,0.7065,unhealthy
4.22,0.0494,0.8297,unhealthy
4.23,0.0494,0.9221,unhealthy
4.24,0.0247,1.0145,unhealthy
4.25,0.0494,1.0761,unhealthy
4.26,0.0494,1.1377,unhealthy
4.27,0.0494,1.1993,unhealthy
4.28,0.0494,1.2301,unhealthy
4.29,0.0494,1.2301,unhealthy
4.3,0.0494,1.1993,unhealthy
4.31,0.0494,1.1685,unhealthy
4.32,0.0494,1.1993,unhealthy
4.33,0.0741,1.3532,unhealthy
4.34,0.0741,1.4764,unhealthy
4.35,0.0988,1.538,unhealthy
4.36,0.0741,1.538,unhealthy
4.37,0.0741,1.538,unhealthy
4.38,0.0741,1.5688,unhealthy
4.39,0.0741,1.7228,unhealthy
4.4,0.0988,1.846,unhealthy
4.41,0.0741,1.9692,unhealthy
4.42,0.0741,2.0308,unhealthy
4.43,0.0741,2,unhealthy
4.44,0.0494,1.9384,unhealthy
4.45,0.0494,1.9076,unhealthy
4.46,0.0494,1.9692,unhealthy
4.47,0.0494,2.0616,unhealthy
4.48,0.0494,2.154,unhealthy
4.49,0.0494,2.2464,unhealthy
4.5,0.0247,2.2464,unhealthy
4.51,0.0247,2.1848,unhealthy
4.52,0.0247,2.0924,unhealthy
4.53,0.0247,2.0308,unhealthy
4.54,0,1.9692,unhealthy
4.55,0.0247,1.9384,unhealthy
4.56,0.0247,1.9692,unhealthy
4.57,0.0494,1.9692,unhealthy
4.58,0.0741,1.9384,unhealthy
4.59,0.1235,1.7844,unhealthy
4.6,0.1482,1.5688,unhealthy
4.61,0.1976,1.384,unhealthy
4.62,0.2224,1.2609,unhealthy
4.63,0.2224,1.1685,unhealthy
4.64,0.1976,1.1069,unhealthy
4.65,0.2224,1.1685,unhealthy
4.66,0.2224,1.1993,unhealthy
4.67,0.2471,1.1993,unhealthy
4.68,0.2965,1.1993,unhealthy
4.69,0.3459,1.1069,unhealthy
4.7,0.3459,1.0761,unhealthy
4.71,0.3706,1.0453,unhealthy
4.72,0.42,1.0145,unhealthy
4.73,0.4694,0.9529,unhealthy
4.74,0.4941,0.8605,unhealthy
4.75,0.5435,0.7989,unhealthy
4.76,0.5682,0.7065,unhealthy
4.77,0.5929,0.6449,unhealthy
4.78,0.6423,0.5833,unhealthy
4.79,0.6918,0.5525,unhealthy
4.8,0.7165,0.4909,unhealthy
4.81,0.6918,0.4909,unhealthy
4.82,0.6671,0.4293,unhealthy
4.83,0.6176,0.4293,unhealthy
4.84,0.5682,0.4293,unhealthy
4.85,0.5435,0.4293,unhealthy
4.86,0.5435,0.3985,unhealthy
4.87,0.5188,0.3677,unhealthy
4.88,0.4694,0.3677,unhealthy
4.89,0.3706,0.3369,unhealthy
4.9,0.1976,0.3369,unhealthy
4.91,0.1976,0.3061,unhealthy
4.92,0.3953,0.2445,unhealthy
4.93,0.4941,0.2137,unhealthy
4.94,0.4447,0.2445,unhealthy
4.95,0.2965,0.2753,unhealthy
4.96,0.1976,0.2753,unhealthy
4.97,0.0988,0.2753,unhealthy
4.98,0.0494,0.2753,unhealthy
4.99,0.0247,0.3061,unhealthy
5,0,0.3061,unhealthy
5.01,0,0.3369,unhealthy
5.02,0.0247,0.3369,unhealthy
5.03,0.0247,0.3369,unhealthy
5.04,0.0247,0.3369,unhealthy
5.05,0.0247,0.3677,unhealthy
5.06,0.0247,0.3369,unhealthy
5.07,0.0247,0.3369,unhealthy
5.08,0,0.3369,unhealthy
5.09,0,0.3369,unhealthy
5.1,0,0.3061,unhealthy
5.11,0.0247,0.3369,unhealthy
5.12,0.0247,0.3061,unhealthy
5.13,0.0494,0.3061,unhealthy
5.14,0.0741,0.3061,unhealthy
5.15,0.0741,0.3061,unhealthy
5.16,0.0988,0.3061,unhealthy
5.17,0.0988,0.3061,unhealthy
5.18,0.0988,0.3369,unhealthy
5.19,0.1235,0.3061,unhealthy
5.2,0.1235,0.3061,unhealthy
5.21,0.1482,0.3369,unhealthy
5.22,0.1482,0.3369,unhealthy
5.23,0.1729,0.3369,unhealthy
5.24,0.1976,0.3369,unhealthy
5.25,0.2471,0.3369,unhealthy
5.26,0.2965,0.3369,unhealthy
5.27,0.3459,0.3369,unhealthy
5.28,0.3706,0.3369,unhealthy
5.29,0.42,0.3369,unhealthy
5.3,0.4694,0.3677,unhealthy
5.31,0.4941,0.3677,unhealthy
5.32,0.5188,0.3985,unhealthy
5.33,0.5435,0.3985,unhealthy
5.34,0.5929,0.3985,unhealthy
5.35,0.6671,0.3985,unhealthy
5.36,0.7659,0.4293,unhealthy
5.37,0.8894,0.4293,unhealthy
5.38,0.9388,0.4293,unhealthy
5.39,0.9388,0.4293,unhealthy
5.4,0.8647,0.4293,unhealthy
5.41,0.8153,0.4293,unhealthy
5.42,0.8153,0.4601,unhealthy
5.43,0.84,0.4601,unhealthy
5.44,0.8894,0.4909,unhealthy
5.45,0.8894,0.4601,unhealthy
5.46,0.8647,0.4909,unhealthy
5.47,0.8647,0.5217,unhealthy
5.48,0.8647,0.5217,unhealthy
5.49,0.9141,0.5217,unhealthy
5.5,0.9388,0.4601,unhealthy
5.51,0.9635,0.3985,unhealthy
5.52,0.9882,0.3677,unhealthy
5.53,1.0376,0.3061,unhealthy
5.54,1.1118,0.2445,unhealthy
5.55,1.1612,0.2137,unhealthy
5.56,1.2353,0.1829,unhealthy
5.57,1.2847,0.1213,unhealthy
5.58,1.3588,0.1213,unhealthy
5.59,1.4823,0.0905,unhealthy
5.6,1.5317,0.0597,unhealthy
5.61,1.5565,0.0289,unhealthy
5.62,1.5317,0.0289,unhealthy
5.63,1.4823,0.0018,unhealthy
5.64,1.3835,0.0289,unhealthy
5.65,1.2353,0.0289,unhealthy
5.66,1.0623,0.0289,unhealthy
5.67,0.8894,0.0597,unhealthy
5.68,0.7165,0.0905,unhealthy
5.69,0.3706,0.0905,unhealthy
5.7,0.0741,0.0905,unhealthy
5.71,0.0247,0.0905,unhealthy
5.72,0.0247,0.0905,unhealthy
5.73,0.0494,0.0905,unhealthy
5.74,0.0741,0.0905,unhealthy
5.75,0.0988,0.0597,unhealthy
5.76,0.1482,0.0597,unhealthy
5.77,0.1482,0.0597,unhealthy
5.78,0.1729,0.0597,unhealthy
5.79,0.1482,0.0597,unhealthy
5.8,0.1482,0.0597,unhealthy
5.81,0.1482,0.0289,unhealthy
5.82,0.1235,0.0597,unhealthy
5.83,0.0741,0.0597,unhealthy
5.84,0.0247,0.0597,unhealthy
5.85,0.0247,0.0597,unhealthy
5.86,0.0247,0.0905,unhealthy
5.87,0,0.0597,unhealthy
5.88,0,0.0597,unhealthy
5.89,0,0.0597,unhealthy
5.9,0.0247,0.0597,unhealthy
5.91,0.0247,0.0597,unhealthy
5.92,0.0247,0.0597,unhealthy
5.93,0.0247,0.0289,unhealthy
5.94,0,0.0597,unhealthy
5.95,0,0.0597,unhealthy
5.96,0,0.0597,unhealthy
5.97,0.0247,0.0597,unhealthy
5.98,0,0.0597,unhealthy
5.99,0,0.0597,unhealthy
6,0,0.0597,unhealthy
6.01,0,0.0597,unhealthy
6.02,0,0.0597,unhealthy
6.03,0.0247,0.0597,unhealthy
6.04,0.0247,0.0597,unhealthy
6.05,0.0247,0.0597,unhealthy
6.06,0.0247,0.0597,unhealthy
6.07,0.0247,0.0597,unhealthy
6.08,0.0247,0.0597,unhealthy
6.09,0.0247,0.0597,unhealthy
6.1,0.0247,0.0597,unhealthy
6.11,0.0247,0.0905,unhealthy
6.12,0.0247,0.0597,unhealthy
6.13,0.0247,0.0597,unhealthy
6.14,0.0247,0.0597,unhealthy
6.15,0.0247,0.0597,unhealthy
6.16,0.0247,0.0597,unhealthy
6.17,0.0247,0.0905,unhealthy
6.18,0.0247,0.0597,unhealthy
6.19,0.0247,0.0905,unhealthy
6.2,0.0247,0.0905,unhealthy
6.21,0.0247,0.0905,unhealthy
6.22,0.0247,0.0905,unhealthy
6.23,0.0247,0.0905,unhealthy
6.24,0.0247,0.0905,unhealthy
6.25,0,0.0905,unhealthy
6.26,0,0.0905,unhealthy
6.27,0.0247,0.0905,unhealthy
6.28,0.0741,0.0597,unhealthy
6.29,0.1729,0.0289,unhealthy
6.3,0.1729,0.0597,unhealthy
6.31,0.1729,0.0289,unhealthy
6.32,0.1729,0.0289,unhealthy
6.33,0.1976,0.0289,unhealthy
6.34,0.1976,0.0289,unhealthy
6.35,0.1976,0.0289,unhealthy
6.36,0.1976,0.0289,unhealthy
6.37,0.1482,0.0289,unhealthy
6.38,0.1235,0.0289,unhealthy
6.39,0.0988,0.0289,unhealthy
6.4,0.0988,0.0289,unhealthy
6.41,0.0741,0.0597,unhealthy
6.42,0.0741,0.0597,unhealthy
6.43,0.0494,0.0597,unhealthy
6.44,0.0494,0.0597,unhealthy
6.45,0.0494,0.0597,unhealthy
6.46,0.0494,0.0597,unhealthy
6.47,0.0494,0.0905,unhealthy
6.48,0.0741,0.0905,unhealthy
6.49,0.0988,0.0905,unhealthy
6.5,0.1482,0.0597,unhealthy
6.51,0.1976,0.0597,unhealthy
6.52,0.2471,0.0597,unhealthy
6.53,0.2718,0.0597,unhealthy
6.54,0.2965,0.0597,unhealthy
6.55,0.2965,0.0597,unhealthy
6.56,0.3212,0.0597,unhealthy
6.57,0.2965,0.0597,unhealthy
6.58,0.2471,0.0597,unhealthy
6.59,0.1482,0.0597,unhealthy
6.6,0.1235,0.0597,unhealthy
6.61,0.0988,0.0597,unhealthy
6.62,0.0741,0.0597,unhealthy
6.63,0.0741,0.0597,unhealthy
6.64,0.0494,0.0597,unhealthy
6.65,0.0494,0.0905,unhealthy
6.66,0.0494,0.0905,unhealthy
6.67,0.0494,0.0905,unhealthy
6.68,0.0741,0.0905,unhealthy
6.69,0.0741,0.0905,unhealthy
6.7,0.0741,0.0597,unhealthy
6.71,0.0494,0.0597,unhealthy
6.72,0.0494,0.0905,unhealthy
6.73,0.0741,0.0905,unhealthy
6.74,0.0988,0.0905,unhealthy
6.75,0.1235,0.0597,unhealthy
6.76,0.1729,0.0597,unhealthy
6.77,0.1729,0.0597,unhealthy
6.78,0.1729,0.0597,unhealthy
6.79,0.1729,0.0597,unhealthy
6.8,0.1729,0.0597,unhealthy
6.81,0.1482,0.0597,unhealthy
6.82,0.1482,0.0597,unhealthy
6.83,0.1482,0.0289,unhealthy
6.84,0.1482,0.0597,unhealthy
6.85,0.1482,0.0289,unhealthy
6.86,0.0988,0.0289,unhealthy
6.87,0.0741,0.0289,unhealthy
6.88,0.0494,0.0289,unhealthy
6.89,0.0247,0.0597,unhealthy
6.9,0.0247,0.0597,unhealthy
6.91,0,0.0597,unhealthy
6.92,0.0247,0.0597,unhealthy
6.93,0.0247,0.0905,unhealthy
6.94,0.0494,0.0905,unhealthy
6.95,0.0494,0.0905,unhealthy
6.96,0.0494,0.0905,unhealthy
6.97,0.0494,0.0905,unhealthy
6.98,0.0494,0.0905,unhealthy
6.99,0.0494,0.0597,unhealthy
7,0.0494,0.0597,unhealthy
7.01,0.0247,0.0597,unhealthy
7.02,0.0247,0.0597,unhealthy
7.03,0,0.0597,unhealthy
7.04,0,0.0289,unhealthy
7.05,0.0247,0.0289,unhealthy
7.06,0.0494,0.0289,unhealthy
7.07,0.0741,0.0289,unhealthy
7.08,0.0741,0.0289,unhealthy
7.09,0.0988,0.0018,unhealthy
7.1,0.0988,0.0018,unhealthy
7.11,0.1235,0.0018,unhealthy
7.12,0.1482,0.0289,unhealthy
7.13,0.1482,0.0289,unhealthy
7.14,0.1729,0.0289,unhealthy
7.15,0.1976,0.0018,unhealthy
7.16,0.2224,0.0018,unhealthy
7.17,0.2471,0.0018,unhealthy
7.18,0.2718,0.0018,unhealthy
7.19,0.2965,0.0018,unhealthy
7.2,0.2965,0.0018,unhealthy
7.21,0.3212,0.0018,unhealthy
7.22,0.3212,0.0018,unhealthy
7.23,0.2965,0.0018,unhealthy
7.24,0.2965,0.0326,unhealthy
7.25,0.2718,0.0326,unhealthy
7.26,0.2718,0.0326,unhealthy
7.27,0.2471,0.0326,unhealthy
7.28,0.2471,0.0326,unhealthy
7.29,0.2471,0.0326,unhealthy
7.3,0.2471,0.0326,unhealthy
7.31,0.2471,0.0326,unhealthy
7.32,0.2471,0.0326,unhealthy
7.33,0.2718,0.0326,unhealthy
7.34,0.2718,0.0326,unhealthy
7.35,0.2965,0.0018,unhealthy
7.36,0.3212,0.0018,unhealthy
7.37,0.3706,0.0018,unhealthy
7.38,0.3706,0.0018,unhealthy
7.39,0.3706,0.0018,unhealthy
7.4,0.3459,0.0289,unhealthy
7.41,0.3459,0.0018,unhealthy
7.42,0.2965,0.0289,unhealthy
7.43,0.2471,0.0289,unhealthy
7.44,0.1729,0.0289,unhealthy
7.45,0.1482,0.0597,unhealthy
7.46,0.0988,0.0597,unhealthy
7.47,0.0494,0.0905,unhealthy
7.48,0.0247,0.0905,unhealthy
7.49,0,0.0905,unhealthy
7.5,0,0.0905,unhealthy
7.51,0,0.0905,unhealthy
7.52,0,0.0905,unhealthy
7.53,0,0.0597,unhealthy
7.54,0,0.0597,unhealthy
7.55,0.0247,0.0597,unhealthy
7.56,0,0.0597,unhealthy
7.57,0,0.0597,unhealthy
7.58,0.0247,0.0597,unhealthy
7.59,0.0247,0.0597,unhealthy
7.6,0.0247,0.0597,unhealthy
7.61,0.0494,0.0597,unhealthy
7.62,0.0741,0.0597,unhealthy
7.63,0.0988,0.0289,unhealthy
7.64,0.0988,0.0597,unhealthy
7.65,0.1235,0.0289,unhealthy
7.66,0.1482,0.0289,unhealthy
7.67,0.1729,0.0289,unhealthy
7.68,0.1976,0.0289,unhealthy
7.69,0.1976,0.0289,unhealthy
7.7,0.2224,0.0289,unhealthy
7.71,0.1976,0.0289,unhealthy
7.72,0.1482,0.0289,unhealthy
7.73,0.0741,0.0289,unhealthy
7.74,0.0494,0.0597,unhealthy
7.75,0.0247,0.0905,unhealthy
7.76,0.0247,0.0905,unhealthy
7.77,0,0.0905,unhealthy
7.78,0.0247,0.0905,unhealthy
7.79,0.0247,0.0905,unhealthy
7.8,0.0247,0.0905,unhealthy
7.81,0,0.0905,unhealthy
7.82,0.0247,0.0905,unhealthy
7.83,0.0247,0.0905,unhealthy
7.84,0.0247,0.1213,unhealthy
7.85,0.0247,0.1213,unhealthy
7.86,0.0247,0.0905,unhealthy
7.87,0.0247,0.0905,unhealthy
7.88,0.0247,0.1213,unhealthy
7.89,0.0247,0.0905,unhealthy
7.9,0.0247,0.1213,unhealthy
7.91,0,0.1213,unhealthy
7.92,0.0247,0.0905,unhealthy
7.93,0.0247,0.0905,unhealthy
7.94,0.0247,0.0905,unhealthy
7.95,0,0.1213,unhealthy
7.96,0,0.1213,unhealthy
7.97,0,0.0905,unhealthy
7.98,0,0.1213,unhealthy
7.99,0,0.0905,unhealthy
8,0,0.1213,unhealthy
8.01,0,0.1213,unhealthy
8.02,0,0.0905,unhealthy
8.03,0,0.0905,unhealthy
8.04,0.0247,0.0905,unhealthy
8.05,0.0247,0.1213,unhealthy
8.06,0.0247,0.0905,unhealthy
8.07,0,0.0905,unhealthy
8.08,0,0.0905,unhealthy
8.09,0,0.0905,unhealthy
8.1,0.0247,0.0905,unhealthy
8.11,0.0247,0.0905,unhealthy
8.12,0,0.0905,unhealthy
8.13,0,0.0905,unhealthy
8.14,0.0247,0.0905,unhealthy
8.15,0,0.0905,unhealthy
8.16,0,0.0905,unhealthy
8.17,0,0.0905,unhealthy
8.18,0,0.0905,unhealthy
8.19,0.0247,0.0905,unhealthy
8.2,0,0.0905,unhealthy
8.21,0,0.0905,unhealthy
8.22,0.0247,0.0905,unhealthy
8.23,0,0.0905,unhealthy
8.24,0,0.1213,unhealthy
8.25,0,0.0905,unhealthy
8.26,0.0247,0.0905,unhealthy
8.27,0,0.0905,unhealthy
8.28,0,0.0905,unhealthy
8.29,0.0247,0.1213,unhealthy
8.3,0,0.0905,unhealthy
8.31,0,0.0905,unhealthy
8.32,0,0.0905,unhealthy
8.33,0,0.1213,unhealthy
8.34,0,0.0905,unhealthy
8.35,0,0.0905,unhealthy
8.36,0,0.0905,unhealthy
8.37,0,0.0905,unhealthy
8.38,0,0.0905,unhealthy
8.39,0,0.0905,unhealthy
8.4,0,0.0905,unhealthy
8.41,0,0.0905,unhealthy
8.42,0,0.0905,unhealthy
8.43,0,0.1213,unhealthy
8.44,0,0.0905,unhealthy
8.45,0,0.0905,unhealthy
8.46,0,0.0905,unhealthy
8.47,0,0.0905,unhealthy
8.48,0,0.0905,unhealthy
8.49,0,0.0905,unhealthy
8.5,0,0.0905,unhealthy
8.51,0,0.1213,unhealthy
8.52,0,0.0905,unhealthy
8.53,0,0.0905,unhealthy
8.54,0,0.0905,unhealthy
8.55,0,0.0905,unhealthy
8.56,0,0.0905,unhealthy
8.57,0,0.0905,unhealthy
8.58,0,0.0905,unhealthy
8.59,0,0.0905,unhealthy
8.6,0,0.0905,unhealthy
8.61,0,0.0905,unhealthy
8.62,0,0.0905,unhealthy
8.63,0,0.0905,unhealthy
8.64,0,0.0905,unhealthy
8.65,0,0.0905,unhealthy
8.66,0,0.0905,unhealthy
8.67,0,0.0905,unhealthy
8.68,0,0.0905,unhealthy
8.69,0,0.0905,unhealthy
8.7,0,0.0905,unhealthy
8.71,0,0.0905,unhealthy
8.72,0,0.0905,unhealthy
8.73,0,0.0905,unhealthy
8.74,0,0.0905,unhealthy
8.75,0,0.0905,unhealthy
8.76,0,0.0905,unhealthy
8.77,0,0.0905,unhealthy
8.78,0,0.0905,unhealthy
8.79,0,0.0905,unhealthy
8.8,0,0.0905,unhealthy
8.81,0,0.0905,unhealthy
8.82,0,0.0905,unhealthy
8.83,0,0.0905,unhealthy
8.84,0.0247,0.0905,unhealthy
8.85,0,0.0905,unhealthy
8.86,0,0.0905,unhealthy
8.87,0,0.0597,unhealthy
8.88,0,0.0905,unhealthy
8.89,0,0.0905,unhealthy
8.9,0,0.0905,unhealthy
8.91,0,0.0905,unhealthy
8.92,0,0.0905,unhealthy
8.93,0,0.0905,unhealthy
8.94,0,0.0905,unhealthy
8.95,0,0.0905,unhealthy
8.96,0,0.0905,unhealthy
8.97,0,0.0905,unhealthy
8.98,0,0.0905,unhealthy
8.99,0,0.0905,unhealthy
9,0,0.0905,unhealthy
9.01,0,0.0905,unhealthy
9.02,0,0.0905,unhealthy
9.03,0,0.0905,unhealthy
9.04,0,0.0905,unhealthy
9.05,0,0.0905,unhealthy
9.06,0,0.0905,unhealthy
9.07,0,0.0905,unhealthy
9.08,0,0.0905,unhealthy
9.09,0,0.0905,unhealthy
9.1,0,0.0905,unhealthy
9.11,0,0.0905,unhealthy
9.12,0,0.0905,unhealthy
9.13,0,0.0905,unhealthy
9.14,0,0.0597,unhealthy
9.15,0,0.0597,unhealthy
9.16,0,0.0905,unhealthy
9.17,0.0247,0.0905,unhealthy
9.18,0.0247,0.0597,unhealthy
9.19,0.0247,0.0905,unhealthy
9.2,0.0247,0.0597,unhealthy
9.21,0.0247,0.0905,unhealthy
9.22,0.0247,0.0905,unhealthy
9.23,0.0247,0.0905,unhealthy
9.24,0.0247,0.0905,unhealthy
9.25,0.0247,0.0905,unhealthy
9.26,0,0.0597,unhealthy
9.27,0.0247,0.0597,unhealthy
9.28,0.0247,0.0597,unhealthy
9.29,0.0247,0.0597,unhealthy
9.3,0,0.0597,unhealthy
9.31,0.0247,0.0597,unhealthy
9.32,0.0247,0.0597,unhealthy
9.33,0.0247,0.0289,unhealthy
9.34,0,0.0289,unhealthy
9.35,0,0.0597,unhealthy
9.36,0.0247,0.0289,unhealthy
9.37,0.0247,0.0289,unhealthy
9.38,0.0247,0.0289,unhealthy
9.39,0.0247,0.0289,unhealthy
9.4,0.0247,0.0289,unhealthy
9.41,0.0247,0.0597,unhealthy
9.42,0.0247,0.0289,unhealthy
9.43,0.0247,0.0597,unhealthy
9.44,0.0247,0.0289,unhealthy
9.45,0.0247,0.0597,unhealthy
9.46,0.0247,0.0597,unhealthy
9.47,0.0247,0.0289,unhealthy
9.48,0.0247,0.0289,unhealthy
9.49,0,0.0289,unhealthy
9.5,0,0.0289,unhealthy
9.51,0,0.0597,unhealthy
9.52,0,0.0289,unhealthy
9.53,0.0247,0.0289,unhealthy
9.54,0.0247,0.0289,unhealthy
9.55,0.0247,0.0289,unhealthy
9.56,0.0247,0.0289,unhealthy
9.57,0.0494,0.0289,unhealthy
9.58,0.0494,0.0597,unhealthy
9.59,0.0494,0.0597,unhealthy
9.6,0.0494,0.0597,unhealthy
9.61,0.0494,0.0597,unhealthy
9.62,0.0494,0.0597,unhealthy
9.63,0.0494,0.0289,unhealthy
9.64,0.0741,0.0597,unhealthy
9.65,0.0741,0.0597,unhealthy
9.66,0.0741,0.0289,unhealthy
9.67,0.0741,0.0597,unhealthy
9.68,0.0988,0.0597,unhealthy
9.69,0.0741,0.0597,unhealthy
9.7,0.0741,0.0597,unhealthy
9.71,0.0988,0.0597,unhealthy
9.72,0.0988,0.0597,unhealthy
9.73,0.0988,0.0597,unhealthy
9.74,0.0988,0.0597,unhealthy
9.75,0.0741,0.0597,unhealthy
9.76,0.0741,0.0597,unhealthy
9.77,0.0988,0.0597,unhealthy
9.78,0.0741,0.0597,unhealthy
9.79,0.0741,0.0597,unhealthy
9.8,0.0741,0.0597,unhealthy
9.81,0.0741,0.0597,unhealthy
9.82,0.0741,0.0597,unhealthy
9.83,0.0741,0.0597,unhealthy
9.84,0.0741,0.0597,unhealthy
9.85,0.0494,0.0597,unhealthy
9.86,0.0494,0.0597,unhealthy
9.87,0.0494,0.0597,unhealthy
9.88,0.0247,0.0905,unhealthy
9.89,0,0.0597,unhealthy
9.9,0,0.0597,unhealthy
9.91,0.0247,0.0597,unhealthy
9.92,0.0247,0.0597,unhealthy
9.93,0.0247,0.0597,unhealthy
9.94,0.0247,0.0597,unhealthy
9.95,0.0494,0.0597,unhealthy
9.96,0.0247,0.0905,unhealthy
9.97,0.0247,0.0597,unhealthy
9.98,0.0247,0.0597,unhealthy
9.99,0.0494,0.0597,unhealthy
10,0.0494,0.0905,unhealthy
10.01,0.0494,0.0905,unhealthy
10.02,0.0494,0.0597,unhealthy
10.03,0.0741,0.0597,unhealthy
10.04,0.0741,0.0597,unhealthy
10.05,0.0988,0.0597,unhealthy
10.06,0.1235,0.0597,unhealthy
10.07,0.1482,0.0597,unhealthy
10.08,0.1482,0.0597,unhealthy
10.09,0.1482,0.0597,unhealthy
10.1,0.1482,0.0597,unhealthy
10.11,0.1482,0.0597,unhealthy
10.12,0.1482,0.0597,unhealthy
10.13,0.1482,0.0597,unhealthy
10.14,0.1729,0.0597,unhealthy
10.15,0.1976,0.0597,unhealthy
10.16,0.1976,0.0597,unhealthy
10.17,0.2224,0.0597,unhealthy
10.18,0.2224,0.0289,unhealthy
10.19,0.2224,0.0597,unhealthy
10.2,0.2471,0.0597,unhealthy
10.21,0.2471,0.0597,unhealthy
10.22,0.2718,0.0289,unhealthy
10.23,0.2965,0.0597,unhealthy
10.24,0.2965,0.0289,unhealthy
10.25,0.3212,0.0289,unhealthy
10.26,0.3459,0.0289,unhealthy
10.27,0.3459,0.0597,unhealthy
10.28,0.3706,0.0597,unhealthy
10.29,0.3706,0.0289,unhealthy
10.3,0.3953,0.0597,unhealthy
10.31,0.42,0.0289,unhealthy
10.32,0.4694,0.0289,unhealthy
10.33,0.5188,0.0289,unhealthy
10.34,0.5188,0.0289,unhealthy
10.35,0.5435,0.0289,unhealthy
10.36,0.5435,0.0289,unhealthy
10.37,0.5435,0.0289,unhealthy
10.38,0.5188,0.0289,unhealthy
10.39,0.5188,0.0289,unhealthy
10.4,0.4941,0.0018,unhealthy
10.41,0.4694,0.0018,unhealthy
10.42,0.42,0.0018,unhealthy
10.43,0.3459,0.0018,unhealthy
10.44,0.3212,0.0018,unhealthy
10.45,0.2965,0.0289,unhealthy
10.46,0.2471,0.0018,unhealthy
10.47,0.1976,0.0018,unhealthy
10.48,0.1482,0.0018,unhealthy
10.49,0.1235,0.0018,unhealthy
10.5,0.0494,0.0018,unhealthy
10.51,0.0247,0.0018,unhealthy
10.52,0.0741,0.0326,unhealthy
10.53,0.1482,0.0634,unhealthy
10.54,0.1482,0.0634,unhealthy
10.55,0.0988,0.0634,unhealthy
10.56,0.0988,0.0634,unhealthy
10.57,0.0741,0.0634,unhealthy
10.58,0.0988,0.0634,unhealthy
10.59,0.1235,0.0634,unhealthy
10.6,0.1235,0.0326,unhealthy
10.61,0.1482,0.0326,unhealthy
10.62,0.1482,0.0634,unhealthy
10.63,0.1482,0.0326,unhealthy
10.64,0.1729,0.0326,unhealthy
10.65,0.1729,0.0326,unhealthy
10.66,0.1729,0.0326,unhealthy
10.67,0.1482,0.0326,unhealthy
10.68,0.1482,0.0018,unhealthy
10.69,0.1482,0.0289,unhealthy
10.7,0.1235,0.0289,unhealthy
10.71,0.0988,0.0597,unhealthy
10.72,0.0988,0.0597,unhealthy
10.73,0.0988,0.0597,unhealthy
10.74,0.0988,0.0597,unhealthy
10.75,0.0741,0.0905,unhealthy
10.76,0.0741,0.0905,unhealthy
10.77,0.0741,0.0905,unhealthy
10.78,0.0741,0.1213,unhealthy
10.79,0.0741,0.1213,unhealthy
10.8,0.0988,0.1213,unhealthy
10.81,0.0988,0.1521,unhealthy
10.82,0.1235,0.1521,unhealthy
10.83,0.1235,0.1213,unhealthy
10.84,0.1235,0.1521,unhealthy
10.85,0.1235,0.1521,unhealthy
10.86,0.1235,0.1521,unhealthy
10.87,0.1482,0.1521,unhealthy
10.88,0.1482,0.1521,unhealthy
10.89,0.1482,0.1521,unhealthy
10.9,0.1482,0.1213,unhealthy
10.91,0.1482,0.1213,unhealthy
10.92,0.1482,0.1213,unhealthy
10.93,0.1482,0.1213,unhealthy
10.94,0.1482,0.1521,unhealthy
10.95,0.1235,0.1521,unhealthy
10.96,0.1235,0.1521,unhealthy
10.97,0.1235,0.1521,unhealthy
10.98,0.1235,0.1829,unhealthy
10.99,0.1235,0.1829,unhealthy
11,0.1235,0.1829,unhealthy
11.01,0.1235,0.1829,unhealthy
11.02,0.1235,0.1521,unhealthy
11.03,0.0988,0.1521,unhealthy
11.04,0.0988,0.1521,unhealthy
11.05,0.0741,0.1213,unhealthy
11.06,0.0741,0.1213,unhealthy
11.07,0.0741,0.1213,unhealthy
11.08,0.0741,0.1213,unhealthy
11.09,0.0741,0.1521,unhealthy
11.1,0.0988,0.1213,unhealthy
11.11,0.0741,0.1213,unhealthy
11.12,0.0494,0.0905,unhealthy
11.13,0.0247,0.0905,unhealthy
11.14,0,0.0905,unhealthy
11.15,0,0.0597,unhealthy
11.16,0.0494,0.0597,unhealthy
11.17,0.0494,0.0597,unhealthy
11.18,0.0494,0.0597,unhealthy
11.19,0.0494,0.0597,unhealthy
11.2,0.0494,0.0597,unhealthy
11.21,0.0494,0.0597,unhealthy
11.22,0.0247,0.0597,unhealthy
11.23,0.0247,0.0597,unhealthy
11.24,0.0247,0.0597,unhealthy
11.25,0.0247,0.0597,unhealthy
11.26,0.0988,0.0289,unhealthy
11.27,0.0741,0.0597,unhealthy
11.28,0.0494,0.0597,unhealthy
11.29,0.0494,0.0597,unhealthy
11.3,0,0.0597,unhealthy
11.31,0.0247,0.0597,unhealthy
11.32,0.0494,0.0597,unhealthy
11.33,0.0494,0.0597,unhealthy
11.34,0.0741,0.0597,unhealthy
11.35,0.0988,0.0597,unhealthy
11.36,0.0988,0.0597,unhealthy
11.37,0.1235,0.0597,unhealthy
11.38,0.1235,0.0597,unhealthy
11.39,0.0988,0.0597,unhealthy
11.4,0.1235,0.0905,unhealthy
11.41,0.0988,0.0905,unhealthy
11.42,0.0988,0.0905,unhealthy
11.43,0.0988,0.0905,unhealthy
11.44,0.1482,0.1213,unhealthy
11.45,0.1729,0.1213,unhealthy
11.46,0.1729,0.1829,unhealthy
11.47,0.1976,0.1829,unhealthy
11.48,0.1976,0.2137,unhealthy
11.49,0.1976,0.2137,unhealthy
11.5,0.1729,0.1829,unhealthy
11.51,0.1729,0.1829,unhealthy
11.52,0.1729,0.2137,unhealthy
11.53,0.1482,0.1829,unhealthy
11.54,0.1235,0.1829,unhealthy
11.55,0.0988,0.1829,unhealthy
11.56,0.0988,0.1829,unhealthy
11.57,0.0741,0.1829,unhealthy
11.58,0.0741,0.1829,unhealthy
11.59,0.0741,0.2137,unhealthy
11.6,0.0494,0.2137,unhealthy
11.61,0.0494,0.2137,unhealthy
11.62,0.0741,0.2137,unhealthy
11.63,0.0741,0.2137,unhealthy
11.64,0.0988,0.2137,unhealthy
11.65,0.0988,0.2137,unhealthy
11.66,0.1482,0.2137,unhealthy
11.67,0.1729,0.2137,unhealthy
11.68,0.2224,0.1829,unhealthy
11.69,0.2965,0.1829,unhealthy
11.7,0.3953,0.1829,unhealthy
11.71,0.42,0.1829,unhealthy
11.72,0.42,0.1829,unhealthy
11.73,0.3706,0.2137,unhealthy
11.74,0.3459,0.2137,unhealthy
11.75,0.3459,0.2137,unhealthy
11.76,0.3953,0.2137,unhealthy
11.77,0.42,0.2445,unhealthy
11.78,0.3953,0.2445,unhealthy
11.79,0.3459,0.2753,unhealthy
11.8,0.2718,0.2753,unhealthy
11.81,0.2471,0.3061,unhealthy
11.82,0.2471,0.3369,unhealthy
11.83,0.2471,0.3061,unhealthy
11.84,0.2471,0.3369,unhealthy
11.85,0.2471,0.3369,unhealthy
11.86,0.2224,0.3369,unhealthy
11.87,0.1976,0.3677,unhealthy
11.88,0.1482,0.3677,unhealthy
11.89,0.0988,0.4601,unhealthy
11.9,0.0741,0.5525,unhealthy
11.91,0.0741,0.6141,unhealthy
11.92,0.0494,0.7065,unhealthy
11.93,0.0494,0.8297,unhealthy
11.94,0.0494,0.9221,unhealthy
11.95,0.0494,0.9529,unhealthy
11.96,0.0494,0.9529,unhealthy
11.97,0.0988,0.9221,unhealthy
11.98,0.0988,0.9837,unhealthy
11.99,0.0741,1.0453,unhealthy
12,0.0494,1.0453,unhealthy
12.01,0,1.0453,unhealthy
12.02,0,0.9837,unhealthy
12.03,0.0247,0.9529,unhealthy
12.04,0.0494,0.9221,unhealthy
12.05,0.0988,0.8297,unhealthy
12.06,0.0988,0.7681,unhealthy
12.07,0.0988,0.7373,unhealthy
12.08,0.0988,0.7065,unhealthy
12.09,0.0988,0.6449,unhealthy
12.1,0.0741,0.6141,unhealthy
12.11,0.0494,0.5525,unhealthy
12.12,0.0247,0.5525,unhealthy
12.13,0.0247,0.5217,unhealthy
12.14,0.0247,0.5217,unhealthy
12.15,0.0494,0.5217,unhealthy
12.16,0.0494,0.5217,unhealthy
12.17,0.0494,0.5217,unhealthy
12.18,0.0494,0.5217,unhealthy
12.19,0.0247,0.5217,unhealthy
12.2,0.0247,0.5217,unhealthy
12.21,0.0494,0.5217,unhealthy
12.22,0.0494,0.5525,unhealthy
12.23,0.0494,0.5525,unhealthy
12.24,0.0494,0.5525,unhealthy
12.25,0.0247,0.5525,unhealthy
12.26,0.0247,0.5217,unhealthy
12.27,0,0.4909,unhealthy
12.28,0.0247,0.4601,unhealthy
12.29,0,0.4601,unhealthy
12.3,0,0.4601,unhealthy
12.31,0.0247,0.4293,unhealthy
12.32,0,0.4293,unhealthy
12.33,0.0247,0.4293,unhealthy
12.34,0.0247,0.4293,unhealthy
12.35,0.0247,0.4293,unhealthy
12.36,0.0247,0.4293,unhealthy
12.37,0.0247,0.4293,unhealthy
12.38,0.0247,0.4293,unhealthy
12.39,0.0247,0.4293,unhealthy
12.4,0.0247,0.4293,unhealthy
12.41,0.0247,0.4293,unhealthy
12.42,0.0494,0.4293,unhealthy
12.43,0.0494,0.4293,unhealthy
12.44,0.0247,0.4293,unhealthy
12.45,0.0494,0.3985,unhealthy
12.46,0.0494,0.3985,unhealthy
12.47,0.0494,0.3985,unhealthy
12.48,0.0494,0.3677,unhealthy
12.49,0.0494,0.3985,unhealthy
12.5,0.0494,0.3677,unhealthy
12.51,0.0494,0.3985,unhealthy
12.52,0.0494,0.3985,unhealthy
12.53,0.0494,0.3677,unhealthy
12.54,0.0494,0.3677,unhealthy
12.55,0.0494,0.3677,unhealthy
12.56,0.0494,0.3677,unhealthy
12.57,0.0494,0.3369,unhealthy
12.58,0.0494,0.3677,unhealthy
12.59,0.0494,0.3369,unhealthy
12.6,0.0494,0.3369,unhealthy
12.61,0.0494,0.3369,unhealthy
12.62,0.0494,0.3369,unhealthy
12.63,0.0494,0.3369,unhealthy
12.64,0.0494,0.3369,unhealthy
12.65,0.0494,0.3061,unhealthy
12.66,0.0494,0.3061,unhealthy
12.67,0.0247,0.3061,unhealthy
12.68,0.0494,0.3061,unhealthy
12.69,0.0494,0.3061,unhealthy
12.7,0.0247,0.2753,unhealthy
12.71,0.0494,0.2753,unhealthy
12.72,0.0494,0.2753,unhealthy
12.73,0.0494,0.2445,unhealthy
12.74,0.0494,0.2445,unhealthy
12.75,0.0494,0.2445,unhealthy
12.76,0.0494,0.2445,unhealthy
12.77,0.0494,0.2445,unhealthy
12.78,0.0494,0.2445,unhealthy
12.79,0.0247,0.2445,unhealthy
12.8,0.0247,0.2445,unhealthy
12.81,0.0247,0.2445,unhealthy
12.82,0.0494,0.2445,unhealthy
12.83,0.0247,0.2445,unhealthy
12.84,0.0247,0.2445,unhealthy
12.85,0.0247,0.2137,unhealthy
12.86,0.0494,0.2137,unhealthy
12.87,0.0247,0.2137,unhealthy
12.88,0.0494,0.2137,unhealthy
12.89,0.0247,0.2137,unhealthy
12.9,0.0247,0.2137,unhealthy
12.91,0.0247,0.2137,unhealthy
12.92,0.0494,0.2137,unhealthy
12.93,0.0494,0.2137,unhealthy
12.94,0.0494,0.2137,unhealthy
12.95,0.0247,0.2137,unhealthy
12.96,0.0494,0.2137,unhealthy
12.97,0.0494,0.2137,unhealthy
12.98,0.0494,0.2137,unhealthy
12.99,0.0494,0.2137,unhealthy
13,0.0494,0.1829,unhealthy
13.01,0.0494,0.1829,unhealthy
13.02,0.0494,0.1829,unhealthy
13.03,0.0494,0.1521,unhealthy
13.04,0.0494,0.1521,unhealthy
13.05,0.0494,0.1521,unhealthy
13.06,0.0494,0.1521,unhealthy
13.07,0.0494,0.1213,unhealthy
13.08,0.0494,0.1213,unhealthy
13.09,0.0494,0.1213,unhealthy
13.1,0.0494,0.1213,unhealthy
13.11,0.0494,0.1213,unhealthy
13.12,0.0494,0.1521,unhealthy
13.13,0.0494,0.1521,unhealthy
13.14,0.0494,0.1213,unhealthy
13.15,0.0494,0.1213,unhealthy
13.16,0.0494,0.1213,unhealthy
13.17,0.0494,0.1213,unhealthy
13.18,0.0494,0.1213,unhealthy
13.19,0.0494,0.1213,unhealthy
13.2,0.0494,0.1213,unhealthy
13.21,0.0494,0.1213,unhealthy
13.22,0.0494,0.1213,unhealthy
13.23,0.0494,0.1213,unhealthy
13.24,0.0494,0.1213,unhealthy
13.25,0.0247,0.1213,unhealthy
13.26,0.0247,0.1213,unhealthy
13.27,0.0494,0.1213,unhealthy
13.28,0.0247,0.1213,unhealthy
13.29,0.0247,0.1213,unhealthy
13.3,0.0494,0.1213,unhealthy
13.31,0.0247,0.1213,unhealthy
13.32,0.0247,0.1213,unhealthy
13.33,0.0247,0.1213,unhealthy
13.34,0.0494,0.1213,unhealthy
13.35,0.0247,0.1521,unhealthy
13.36,0.0247,0.1521,unhealthy
13.37,0.0247,0.1521,unhealthy
13.38,0.0247,0.1521,unhealthy
13.39,0.0494,0.1521,unhealthy
13.4,0.0494,0.1829,unhealthy
13.41,0.0494,0.1829,unhealthy
13.42,0.0494,0.2137,unhealthy
13.43,0.0247,0.2137,unhealthy
13.44,0.0494,0.2137,unhealthy
13.45,0.0247,0.2445,unhealthy
13.46,0.0494,0.2445,unhealthy
13.47,0.0247,0.2753,unhealthy
13.48,0.0247,0.2445,unhealthy
13.49,0.0247,0.2137,unhealthy
13.5,0.0247,0.2137,unhealthy
13.51,0,0.2137,unhealthy
13.52,0,0.2137,unhealthy
13.53,0,0.2137,unhealthy
13.54,0.0247,0.2137,unhealthy
13.55,0,0.2137,unhealthy
13.56,0,0.2137,unhealthy
13.57,0.0247,0.2137,unhealthy
13.58,0.0247,0.2137,unhealthy
13.59,0.0247,0.2137,unhealthy
13.6,0.0247,0.2137,unhealthy
13.61,0.0247,0.2137,unhealthy
13.62,0.0494,0.1829,unhealthy
13.63,0.0247,0.1829,unhealthy
13.64,0.0247,0.1829,unhealthy
13.65,0.0247,0.1521,unhealthy
13.66,0.0247,0.1829,unhealthy
13.67,0.0247,0.1829,unhealthy
13.68,0.0247,0.1829,unhealthy
13.69,0.0247,0.1521,unhealthy
13.7,0.0247,0.1521,unhealthy
13.71,0.0247,0.1213,unhealthy
13.72,0,0.0905,unhealthy
13.73,0,0.0905,unhealthy
13.74,0,0.0905,unhealthy
13.75,0,0.0905,unhealthy
13.76,0,0.1213,unhealthy
13.77,0,0.1213,unhealthy
13.78,0,0.1521,unhealthy
13.79,0,0.1521,unhealthy
13.8,0,0.1213,unhealthy
13.81,0.0247,0.1213,unhealthy
13.82,0.0247,0.1213,unhealthy
13.83,0.0494,0.0905,unhealthy
13.84,0.0494,0.0905,unhealthy
13.85,0.0741,0.0905,unhealthy
13.86,0.0741,0.0905,unhealthy
13.87,0.0741,0.0905,unhealthy
13.88,0.0494,0.1213,unhealthy
13.89,0.0494,0.1213,unhealthy
13.9,0.0741,0.1213,unhealthy
13.91,0.0741,0.1213,unhealthy
13.92,0.1235,0.1213,unhealthy
13.93,0.1482,0.0905,unhealthy
13.94,0.2224,0.0905,unhealthy
13.95,0.2718,0.0905,unhealthy
13.96,0.3706,0.0905,unhealthy
13.97,0.4447,0.0597,unhealthy
13.98,0.5435,0.0597,unhealthy
13.99,0.6423,0.0289,unhealthy
14,0.6918,0.0289,unhealthy
14.01,0.7412,0.0289,unhealthy
14.02,0.6918,0.0018,unhealthy
14.03,0.6671,0.0326,unhealthy
14.04,0.6176,0.0326,unhealthy
14.05,0.5682,0.0326,unhealthy
14.06,0.5435,0.0326,unhealthy
14.07,0.5435,0.0326,unhealthy
14.08,0.5682,0.0634,unhealthy
14.09,0.6176,0.0634,unhealthy
14.1,0.6671,0.0634,unhealthy
14.11,0.7412,0.0634,unhealthy
14.12,0.7412,0.0634,unhealthy
14.13,0.7165,0.0634,unhealthy
14.14,0.6423,0.0634,unhealthy
14.15,0.5682,0.0634,unhealthy
14.16,0.4694,0.0634,unhealthy
14.17,0.2965,0.0326,unhealthy
14.18,0.0741,0.0326,unhealthy
14.19,0.0494,0.0326,unhealthy
14.2,0.0494,0.0634,unhealthy
14.21,0.0494,0.0634,unhealthy
14.22,0.0494,0.0634,unhealthy
14.23,0.0247,0.0634,unhealthy
14.24,0.0247,0.0634,unhealthy
14.25,0.0247,0.0634,unhealthy
14.26,0,0.0942,unhealthy
14.27,0,0.0942,unhealthy
14.28,0.0247,0.0942,unhealthy
14.29,0.0247,0.0942,unhealthy
14.3,0.0247,0.0942,unhealthy
14.31,0.0247,0.0942,unhealthy
14.32,0.0247,0.0942,unhealthy
14.33,0.0247,0.0942,unhealthy
14.34,0.0247,0.0942,unhealthy
14.35,0.0247,0.0942,unhealthy
14.36,0.0247,0.0942,unhealthy
14.37,0.0247,0.0942,unhealthy
14.38,0.0247,0.0942,unhealthy
14.39,0.0494,0.0942,unhealthy
14.4,0.0494,0.0942,unhealthy
14.41,0.0247,0.0942,unhealthy
14.42,0.0247,0.0942,unhealthy
14.43,0.0247,0.0942,unhealthy
14.44,0.0247,0.0942,unhealthy
14.45,0.0247,0.0942,unhealthy
14.46,0.0247,0.0942,unhealthy
14.47,0,0.0942,unhealthy
14.48,0.0247,0.0942,unhealthy
14.49,0.0247,0.0634,unhealthy
14.5,0.0247,0.0634,unhealthy
14.51,0.0247,0.0634,unhealthy
14.52,0.0247,0.0634,unhealthy
14.53,0.1729,0.0942,unhealthy
14.54,0.3212,0.0634,unhealthy
14.55,0.3706,0.0942,unhealthy
14.56,0.3212,0.0634,unhealthy
14.57,0.2471,0.0634,unhealthy
14.58,0.1976,0.0634,unhealthy
14.59,0.1976,0.0634,unhealthy
14.6,0.2224,0.0634,unhealthy
14.61,0.2718,0.0942,unhealthy
14.62,0.2965,0.0942,unhealthy
14.63,0.2965,0.0942,unhealthy
14.64,0.3212,0.0942,unhealthy
14.65,0.3212,0.125,unhealthy
14.66,0.3459,0.125,unhealthy
14.67,0.3459,0.125,unhealthy
14.68,0.3459,0.125,unhealthy
14.69,0.3459,0.125,unhealthy
14.7,0.3212,0.125,unhealthy
14.71,0.2965,0.125,unhealthy
14.72,0.2718,0.125,unhealthy
14.73,0.2471,0.125,unhealthy
14.74,0.1976,0.125,unhealthy
14.75,0.1482,0.125,unhealthy
14.76,0.0988,0.0942,unhealthy
14.77,0.0494,0.0942,unhealthy
14.78,0,0.125,unhealthy
14.79,0.0247,0.125,unhealthy
14.8,0.0494,0.0942,unhealthy
14.81,0.0988,0.0942,unhealthy
14.82,0.1482,0.0942,unhealthy
14.83,0.1729,0.0942,unhealthy
14.84,0.1482,0.0942,unhealthy
14.85,0.1235,0.0634,unhealthy
14.86,0.1482,0.0942,unhealthy
14.87,0.1482,0.0634,unhealthy
14.88,0.1482,0.0942,unhealthy
14.89,0.1482,0.0942,unhealthy
14.9,0.1482,0.0942,unhealthy
14.91,0.1482,0.0942,unhealthy
14.92,0.1482,0.0634,unhealthy
14.93,0.1482,0.0942,unhealthy
14.94,0.1482,0.0942,unhealthy
14.95,0.1482,0.125,unhealthy
14.96,0.1235,0.0942,unhealthy
14.97,0.1235,0.0942,unhealthy
14.98,0.0741,0.0942,unhealthy
14.99,0.0247,0.0942,unhealthy
15,0.0247,0.0942,unhealthy
