F1,F2,t,Target
0.209,0.004,1.01,Unhealthy
0.1843,0.004,1.02,Unhealthy
0.1596,0.004,1.03,Unhealthy
0.1843,0.0268,1.04,Unhealthy
0.1596,0.0348,1.05,Unhealthy
0.1596,0.004,1.06,Unhealthy
0.1596,0.0348,1.07,Unhealthy
0.1843,0.004,1.08,Unhealthy
0.209,0.004,1.09,Unhealthy
0.209,0.0348,1.1,Unhealthy
0.209,0.004,1.11,Unhealthy
0.2337,0.004,1.12,Unhealthy
0.2337,0.0268,1.13,Unhealthy
0.2337,0.0576,1.14,Unhealthy
0.1596,0.004,1.15,Unhealthy
0.1843,0.004,1.16,Unhealthy
0.1843,0.004,1.17,Unhealthy
0.1843,0.0268,1.18,Unhealthy
0.209,0.0576,1.19,Unhealthy
0.1596,0.004,1.2,Unhealthy
0.1596,0.0268,1.21,Unhealthy
0.1596,0.0268,1.22,Unhealthy
0.1596,0.0576,1.23,Unhealthy
0.3325,0.0268,1.24,Unhealthy
0.2831,0.004,1.25,Unhealthy
0.2831,0.004,1.26,Unhealthy
0.2337,0.004,1.27,Unhealthy
0.209,0.004,1.28,Unhealthy
0.209,0.004,1.29,Unhealthy
0.1596,0.0348,1.3,Unhealthy
0.1843,0.004,1.31,Unhealthy
0.209,0.004,1.32,Unhealthy
0.2584,0.004,1.33,Unhealthy
0.2831,0.0268,1.34,Unhealthy
0.2831,0.004,1.35,Unhealthy
0.2831,0.0576,1.36,Unhealthy
0.2584,0.0884,1.37,Unhealthy
0.1843,0.0884,1.38,Unhealthy
0.1596,0.1192,1.39,Unhealthy
0.0608,0.15,1.4,Unhealthy
0.0608,0.2116,1.41,Unhealthy
0.0361,0.2424,1.42,Unhealthy
0.0114,0.304,1.43,Unhealthy
0.0133,0.3656,1.44,Unhealthy
0.0628,0.3348,1.45,Unhealthy
0.038,0.3656,1.46,Unhealthy
0.0628,0.3656,1.47,Unhealthy
0.0628,0.3964,1.48,Unhealthy
0.038,0.4272,1.49,Unhealthy
0.0875,0.4272,1.5,Unhealthy
0.0875,0.4272,1.51,Unhealthy
0.0875,0.4272,1.52,Unhealthy
0.0628,0.3964,1.53,Unhealthy
0.0628,0.4272,1.54,Unhealthy
0.0875,0.3964,1.55,Unhealthy
0.0628,0.3964,1.56,Unhealthy
0.0628,0.3964,1.57,Unhealthy
0.038,0.304,1.58,Unhealthy
0.038,0.3348,1.59,Unhealthy
0.038,0.304,1.6,Unhealthy
0.038,0.2732,1.61,Unhealthy
0.038,0.2424,1.62,Unhealthy
0.0133,0.2424,1.63,Unhealthy
0.0361,0.2424,1.64,Unhealthy
0.0361,0.1808,1.65,Unhealthy
0.0855,0.1808,1.66,Unhealthy
0.0855,0.15,1.67,Unhealthy
0.1349,0.1192,1.68,Unhealthy
0.1596,0.15,1.69,Unhealthy
0.1349,0.1192,1.7,Unhealthy
0.1596,0.1192,1.71,Unhealthy
0.1596,0.1192,1.72,Unhealthy
0.1843,0.1192,1.73,Unhealthy
0.209,0.15,1.74,Unhealthy
0.1843,0.0884,1.75,Unhealthy
0.209,0.1192,1.76,Unhealthy
0.209,0.1192,1.77,Unhealthy
0.209,0.1192,1.78,Unhealthy
0.2337,0.15,1.79,Unhealthy
0.209,0.1192,1.8,Unhealthy
0.2337,0.1192,1.81,Unhealthy
0.2584,0.0884,1.82,Unhealthy
0.2584,0.0884,1.83,Unhealthy
0.2831,0.0884,1.84,Unhealthy
0.2584,0.0268,1.85,Unhealthy
0.2831,0.0576,1.86,Unhealthy
0.2831,0.0268,1.87,Unhealthy
0.2831,0.004,1.88,Unhealthy
0.2831,0.0268,1.89,Unhealthy
0.2584,0.0348,1.9,Unhealthy
0.3078,0.0348,1.91,Unhealthy
0.2831,0.0656,1.92,Unhealthy
0.3078,0.0348,1.93,Unhealthy
0.3325,0.0348,1.94,Unhealthy
0.2831,0.0964,1.95,Unhealthy
0.3078,0.0348,1.96,Unhealthy
0.2831,0.0348,1.97,Unhealthy
0.2831,0.0348,1.98,Unhealthy
0.3078,0.004,1.99,Unhealthy
0.2831,0.0348,2,Unhealthy
0.2831,0.004,2.01,Unhealthy
0.2831,0.0348,2.02,Unhealthy
0.2831,0.0348,2.03,Unhealthy
0.3078,0.004,2.04,Unhealthy
0.2584,0.0656,2.05,Unhealthy
0.2831,0.0656,2.06,Unhealthy
0.2584,0.0656,2.07,Unhealthy
0.2584,0.0656,2.08,Unhealthy
0.2584,0.0656,2.09,Unhealthy
0.209,0.1272,2.1,Unhealthy
0.209,0.1272,2.11,Unhealthy
0.1843,0.1272,2.12,Unhealthy
0.1843,0.1272,2.13,Unhealthy
0.209,0.1272,2.14,Unhealthy
0.1843,0.158,2.15,Unhealthy
0.209,0.1272,2.16,Unhealthy
0.2337,0.158,2.17,Unhealthy
0.2584,0.158,2.18,Unhealthy
0.2831,0.158,2.19,Unhealthy
0.2584,0.1888,2.2,Unhealthy
0.2584,0.1888,2.21,Unhealthy
0.2337,0.1888,2.22,Unhealthy
0.2584,0.1888,2.23,Unhealthy
0.2584,0.158,2.24,Unhealthy
0.209,0.1888,2.25,Unhealthy
0.2337,0.158,2.26,Unhealthy
0.209,0.1272,2.27,Unhealthy
0.209,0.0964,2.28,Unhealthy
0.1843,0.0348,2.29,Unhealthy
0.1596,0.0348,2.3,Unhealthy
0.1596,0.0268,2.31,Unhealthy
0.1349,0.0268,2.32,Unhealthy
0.1349,0.0884,2.33,Unhealthy
0.1349,0.1192,2.34,Unhealthy
0.1102,0.0884,2.35,Unhealthy
0.1102,0.0884,2.36,Unhealthy
0.0855,0.0884,2.37,Unhealthy
0.0855,0.0884,2.38,Unhealthy
0.1349,0.0884,2.39,Unhealthy
0.1349,0.0576,2.4,Unhealthy
0.1349,0.0576,2.41,Unhealthy
0.1349,0.0576,2.42,Unhealthy
0.1349,0.0884,2.43,Unhealthy
0.1596,0.1192,2.44,Unhealthy
0.1102,0.0576,2.45,Unhealthy
0.1102,0.0884,2.46,Unhealthy
0.0608,0.0884,2.47,Unhealthy
0.0608,0.1192,2.48,Unhealthy
0.0608,0.15,2.49,Unhealthy
0.0608,0.1192,2.5,Unhealthy
0.0608,0.1192,2.51,Unhealthy
0.0608,0.1192,2.52,Unhealthy
0.0608,0.1808,2.53,Unhealthy
0.0608,0.1808,2.54,Unhealthy
0.0361,0.1808,2.55,Unhealthy
0.0361,0.1808,2.56,Unhealthy
0.0608,0.2116,2.57,Unhealthy
0.0608,0.2116,2.58,Unhealthy
0.0855,0.2732,2.59,Unhealthy
0.0855,0.2424,2.6,Unhealthy
0.0855,0.2732,2.61,Unhealthy
0.0608,0.2732,2.62,Unhealthy
0.0608,0.304,2.63,Unhealthy
0.0608,0.3348,2.64,Unhealthy
0.0133,0.304,2.65,Unhealthy
0.0133,0.3348,2.66,Unhealthy
0.038,0.3348,2.67,Unhealthy
0.038,0.3656,2.68,Unhealthy
0.038,0.3656,2.69,Unhealthy
0.038,0.3348,2.7,Unhealthy
0.038,0.3348,2.71,Unhealthy
0.0628,0.304,2.72,Unhealthy
0.0628,0.304,2.73,Unhealthy
0.038,0.304,2.74,Unhealthy
0.0628,0.2424,2.75,Unhealthy
0.0628,0.2116,2.76,Unhealthy
0.0628,0.15,2.77,Unhealthy
0.0628,0.15,2.78,Unhealthy
0.038,0.1192,2.79,Unhealthy
0.038,0.0884,2.8,Unhealthy
0.038,0.0884,2.81,Unhealthy
0.0875,0.0576,2.82,Unhealthy
0.0628,0.0884,2.83,Unhealthy
0.0628,0.1192,2.84,Unhealthy
0.0875,0.1192,2.85,Unhealthy
0.0875,0.1192,2.86,Unhealthy
0.1369,0.1192,2.87,Unhealthy
0.1122,0.15,2.88,Unhealthy
0.1122,0.1808,2.89,Unhealthy
0.1369,0.15,2.9,Unhealthy
0.1369,0.2116,2.91,Unhealthy
0.1863,0.304,2.92,Unhealthy
0.1863,0.304,2.93,Unhealthy
0.1616,0.3348,2.94,Unhealthy
0.1863,0.3348,2.95,Unhealthy
0.1616,0.3348,2.96,Unhealthy
0.1863,0.2732,2.97,Unhealthy
0.1616,0.2732,2.98,Unhealthy
0.1369,0.2424,2.99,Unhealthy
0.1369,0.2116,3,Unhealthy
0.1122,0.2116,3.01,Unhealthy
0.1369,0.1808,3.02,Unhealthy
0.1122,0.1808,3.03,Unhealthy
0.1122,0.1808,3.04,Unhealthy
0.1122,0.1192,3.05,Unhealthy
0.1122,0.0884,3.06,Unhealthy
0.1369,0.0576,3.07,Unhealthy
0.1122,0.0576,3.08,Unhealthy
0.1122,0.0884,3.09,Unhealthy
0.1122,0.0576,3.1,Unhealthy
0.1122,0.0884,3.11,Unhealthy
0.1122,0.0268,3.12,Unhealthy
0.0875,0.0576,3.13,Unhealthy
0.0628,0.0576,3.14,Unhealthy
0.0628,0.0268,3.15,Unhealthy
0.0133,0.0576,3.16,Unhealthy
0.038,0.0268,3.17,Unhealthy
0.0608,0.0576,3.18,Unhealthy
0.0608,0.0576,3.19,Unhealthy
0.0855,0.0576,3.2,Unhealthy
0.1349,0.0576,3.21,Unhealthy
0.1102,0.004,3.22,Unhealthy
0.1596,0.0576,3.23,Unhealthy
0.1843,0.0576,3.24,Unhealthy
0.1843,0.0576,3.25,Unhealthy
0.2337,0.0884,3.26,Unhealthy
0.209,0.0576,3.27,Unhealthy
0.2584,0.0884,3.28,Unhealthy
0.2831,0.15,3.29,Unhealthy
0.2584,0.1808,3.3,Unhealthy
0.2584,0.2116,3.31,Unhealthy
0.209,0.2424,3.32,Unhealthy
0.209,0.304,3.33,Unhealthy
0.209,0.3348,3.34,Unhealthy
0.1596,0.2732,3.35,Unhealthy
0.1349,0.304,3.36,Unhealthy
0.1102,0.2732,3.37,Unhealthy
0.1596,0.304,3.38,Unhealthy
0.1596,0.304,3.39,Unhealthy
0.1596,0.2732,3.4,Unhealthy
0.1843,0.2732,3.41,Unhealthy
0.1843,0.2424,3.42,Unhealthy
0.209,0.2424,3.43,Unhealthy
0.209,0.2424,3.44,Unhealthy
0.209,0.2116,3.45,Unhealthy
0.209,0.2424,3.46,Unhealthy
0.1596,0.1808,3.47,Unhealthy
0.1843,0.2116,3.48,Unhealthy
0.209,0.2116,3.49,Unhealthy
0.1843,0.1808,3.5,Unhealthy
0.209,0.2116,3.51,Unhealthy
0.1843,0.15,3.52,Unhealthy
0.209,0.1808,3.53,Unhealthy
0.2337,0.1808,3.54,Unhealthy
0.209,0.1808,3.55,Unhealthy
0.2337,0.1808,3.56,Unhealthy
0.2337,0.15,3.57,Unhealthy
0.2584,0.1808,3.58,Unhealthy
0.2584,0.1808,3.59,Unhealthy
0.2584,0.15,3.6,Unhealthy
0.2584,0.15,3.61,Unhealthy
0.1843,0.0884,3.62,Unhealthy
0.1596,0.0884,3.63,Unhealthy
0.1596,0.1192,3.64,Unhealthy
0.1349,0.0884,3.65,Unhealthy
0.1102,0.0884,3.66,Unhealthy
0.0855,0.0884,3.67,Unhealthy
0.0855,0.1192,3.68,Unhealthy
0.0855,0.1192,3.69,Unhealthy
0.0855,0.0884,3.7,Unhealthy
0.0855,0.1192,3.71,Unhealthy
0.0361,0.0884,3.72,Unhealthy
0.0608,0.0884,3.73,Unhealthy
0.0608,0.0884,3.74,Unhealthy
0.0608,0.0576,3.75,Unhealthy
0.0608,0.0576,3.76,Unhealthy
0.0114,0.0268,3.77,Unhealthy
0.0114,0.0576,3.78,Unhealthy
0.0114,0.0884,3.79,Unhealthy
0.0133,0.0576,3.8,Unhealthy
0.0133,0.0576,3.81,Unhealthy
0.038,0.0576,3.82,Unhealthy
0.0133,0.0884,3.83,Unhealthy
0.0114,0.0884,3.84,Unhealthy
0.0114,0.0884,3.85,Unhealthy
0.0608,0.0884,3.86,Unhealthy
0.0361,0.0576,3.87,Unhealthy
0.0855,0.0576,3.88,Unhealthy
0.1349,0.0576,3.89,Unhealthy
0.1596,0.0576,3.9,Unhealthy
0.209,0.0576,3.91,Unhealthy
0.1596,0.004,3.92,Unhealthy
0.1843,0.004,3.93,Unhealthy
0.1843,0.004,3.94,Unhealthy
0.1596,0.0348,3.95,Unhealthy
0.1596,0.0348,3.96,Unhealthy
0.1349,0.0656,3.97,Unhealthy
0.1596,0.0348,3.98,Unhealthy
0.1596,0.0348,3.99,Unhealthy
0.1349,0.0348,4,Unhealthy
0.1349,0.004,4.01,Unhealthy
0.0855,0.0348,4.02,Unhealthy
0.1102,0.004,4.03,Unhealthy
0.0855,0.004,4.04,Unhealthy
0.0855,0.004,4.05,Unhealthy
0.1102,0.004,4.06,Unhealthy
0.0608,0.0348,4.07,Unhealthy
0.0855,0.0348,4.08,Unhealthy
0.1102,0.004,4.09,Unhealthy
0.1102,0.004,4.1,Unhealthy
0.1349,0.0268,4.11,Unhealthy
0.0855,0.0348,4.12,Unhealthy
0.1102,0.0268,4.13,Unhealthy
0.1102,0.0268,4.14,Unhealthy
0.1102,0.0268,4.15,Unhealthy
0.1102,0.0268,4.16,Unhealthy
0.0855,0.004,4.17,Unhealthy
0.1102,0.0268,4.18,Unhealthy
0.1349,0.004,4.19,Unhealthy
0.1349,0.0268,4.2,Unhealthy
0.1349,0.0268,4.21,Unhealthy
0.0855,0.004,4.22,Unhealthy
0.1102,0.004,4.23,Unhealthy
0.0855,0.004,4.24,Unhealthy
0.0855,0.004,4.25,Unhealthy
0.0855,0.004,4.26,Unhealthy
0.0608,0.0656,4.27,Unhealthy
0.0608,0.0348,4.28,Unhealthy
0.0608,0.0348,4.29,Unhealthy
0.0855,0.0348,4.3,Unhealthy
0.1102,0.0348,4.31,Unhealthy
0.0608,0.0656,4.32,Unhealthy
0.0855,0.0348,4.33,Unhealthy
0.0855,0.0348,4.34,Unhealthy
0.0855,0.0348,4.35,Unhealthy
0.1102,0.0268,4.36,Unhealthy
0.0855,0.004,4.37,Unhealthy
0.1102,0.0268,4.38,Unhealthy
0.1102,0.0576,4.39,Unhealthy
0.1349,0.0268,4.4,Unhealthy
0.1596,0.0576,4.41,Unhealthy
0.1102,0.0268,4.42,Unhealthy
0.1596,0.0268,4.43,Unhealthy
0.1596,0.0268,4.44,Unhealthy
0.1843,0.0268,4.45,Unhealthy
0.209,0.0268,4.46,Unhealthy
0.1843,0.004,4.47,Unhealthy
0.209,0.0268,4.48,Unhealthy
0.2337,0.0576,4.49,Unhealthy
0.2584,0.0576,4.5,Unhealthy
0.2831,0.0576,4.51,Unhealthy
0.2584,0.004,4.52,Unhealthy
0.2831,0.0268,4.53,Unhealthy
0.3078,0.0268,4.54,Unhealthy
0.3325,0.0268,4.55,Unhealthy
0.3572,0.0576,4.56,Unhealthy
0.3078,0.0348,4.57,Unhealthy
0.3078,0.004,4.58,Unhealthy
0.3325,0.004,4.59,Unhealthy
0.3572,0.004,4.6,Unhealthy
0.3572,0.0576,4.61,Unhealthy
0.3325,0.0268,4.62,Unhealthy
0.3572,0.0884,4.63,Unhealthy
0.3572,0.1192,4.64,Unhealthy
0.3572,0.1808,4.65,Unhealthy
0.3572,0.1808,4.66,Unhealthy
0.3325,0.15,4.67,Unhealthy
0.3572,0.1808,4.68,Unhealthy
0.3572,0.1808,4.69,Unhealthy
0.3819,0.2116,4.7,Unhealthy
0.3819,0.2424,4.71,Unhealthy
0.3078,0.15,4.72,Unhealthy
0.3325,0.1808,4.73,Unhealthy
0.2831,0.15,4.74,Unhealthy
0.2584,0.1192,4.75,Unhealthy
0.2584,0.1192,4.76,Unhealthy
0.209,0.0884,4.77,Unhealthy
0.2337,0.0884,4.78,Unhealthy
0.2337,0.1192,4.79,Unhealthy
0.2337,0.1192,4.8,Unhealthy
0.2584,0.15,4.81,Unhealthy
0.2337,0.1192,4.82,Unhealthy
0.2584,0.1192,4.83,Unhealthy
0.2584,0.0884,4.84,Unhealthy
0.2584,0.0884,4.85,Unhealthy
0.2831,0.0884,4.86,Unhealthy
0.2337,0.0268,4.87,Unhealthy
0.2337,0.0268,4.88,Unhealthy
0.209,0.0268,4.89,Unhealthy
0.1843,0.0268,4.9,Unhealthy
0.1843,0.0576,4.91,Unhealthy
0.1349,0.0268,4.92,Unhealthy
0.1349,0.0576,4.93,Unhealthy
0.1102,0.0576,4.94,Unhealthy
0.1102,0.0268,4.95,Unhealthy
0.1596,0.0576,4.96,Unhealthy
0.1349,0.004,4.97,Unhealthy
0.1596,0.0268,4.98,Unhealthy
0.1596,0.004,4.99,Unhealthy
0.1843,0.0348,5,Unhealthy
0.209,0.004,5.01,Unhealthy
0.1843,0.0964,5.02,Unhealthy
0.2337,0.0656,5.03,Unhealthy
0.2337,0.0964,5.04,Unhealthy
0.2584,0.0964,5.05,Unhealthy
0.3078,0.0656,5.06,Unhealthy
0.2831,0.0964,5.07,Unhealthy
0.2831,0.0964,5.08,Unhealthy
0.2831,0.0656,5.09,Unhealthy
0.2584,0.0656,5.1,Unhealthy
0.2831,0.0348,5.11,Unhealthy
0.209,0.0656,5.12,Unhealthy
0.209,0.0348,5.13,Unhealthy
0.209,0.004,5.14,Unhealthy
0.209,0.0268,5.15,Unhealthy
0.2337,0.0576,5.16,Unhealthy
0.1843,0.0268,5.17,Unhealthy
0.209,0.0576,5.18,Unhealthy
0.209,0.0884,5.19,Unhealthy
0.209,0.0884,5.2,Unhealthy
0.2337,0.1192,5.21,Unhealthy
0.209,0.0884,5.22,Unhealthy
0.2337,0.1192,5.23,Unhealthy
0.209,0.1192,5.24,Unhealthy
0.2337,0.1192,5.25,Unhealthy
0.2584,0.15,5.26,Unhealthy
0.209,0.0884,5.27,Unhealthy
0.2584,0.1192,5.28,Unhealthy
0.2584,0.0884,5.29,Unhealthy
0.2584,0.0884,5.3,Unhealthy
0.2584,0.0884,5.31,Unhealthy
0.209,0.0576,5.32,Unhealthy
0.2584,0.0576,5.33,Unhealthy
0.2337,0.0268,5.34,Unhealthy
0.2337,0.0576,5.35,Unhealthy
0.2337,0.0884,5.36,Unhealthy
0.1843,0.0884,5.37,Unhealthy
0.1596,0.15,5.38,Unhealthy
0.1349,0.1808,5.39,Unhealthy
0.1102,0.304,5.4,Unhealthy
0.0855,0.4272,5.41,Unhealthy
0.0361,0.458,5.42,Unhealthy
0.0361,0.6119,5.43,Unhealthy
0.0114,0.7043,5.44,Unhealthy
0.038,0.8891,5.45,Unhealthy
0.0628,1.0431,5.46,Unhealthy
0.1122,1.0431,5.47,Unhealthy
0.1122,1.0431,5.48,Unhealthy
0.1369,0.9507,5.49,Unhealthy
0.1369,0.9199,5.5,Unhealthy
0.1122,0.8583,5.51,Unhealthy
0.1863,0.7043,5.52,Unhealthy
0.1863,0.6735,5.53,Unhealthy
0.211,0.6427,5.54,Unhealthy
0.211,0.7351,5.55,Unhealthy
0.211,0.9199,5.56,Unhealthy
0.2604,0.9199,5.57,Unhealthy
0.2357,0.9507,5.58,Unhealthy
0.2357,0.9199,5.59,Unhealthy
0.2357,0.9199,5.6,Unhealthy
0.1863,0.8891,5.61,Unhealthy
0.2357,0.8275,5.62,Unhealthy
0.211,0.8583,5.63,Unhealthy
0.2357,0.9199,5.64,Unhealthy
0.211,0.9507,5.65,Unhealthy
0.1863,0.9199,5.66,Unhealthy
0.1863,0.8583,5.67,Unhealthy
0.1369,0.7967,5.68,Unhealthy
0.1122,0.6735,5.69,Unhealthy
0.0875,0.5811,5.7,Unhealthy
0.0628,0.4888,5.71,Unhealthy
0.0875,0.304,5.72,Unhealthy
0.0628,0.2424,5.73,Unhealthy
0.0628,0.1808,5.74,Unhealthy
0.038,0.1192,5.75,Unhealthy
0.0133,0.1192,5.76,Unhealthy
0.038,0.0884,5.77,Unhealthy
0.0133,0.1192,5.78,Unhealthy
0.0133,0.1192,5.79,Unhealthy
0.0133,0.1192,5.8,Unhealthy
0.0114,0.15,5.81,Unhealthy
0.0133,0.1192,5.82,Unhealthy
0.0114,0.1192,5.83,Unhealthy
0.0114,0.1192,5.84,Unhealthy
0.0361,0.1192,5.85,Unhealthy
0.0608,0.1192,5.86,Unhealthy
0.0361,0.0884,5.87,Unhealthy
0.0608,0.1192,5.88,Unhealthy
0.0608,0.0884,5.89,Unhealthy
0.0608,0.0884,5.9,Unhealthy
0.0855,0.1192,5.91,Unhealthy
0.0608,0.0884,5.92,Unhealthy
0.0855,0.0884,5.93,Unhealthy
0.0608,0.0576,5.94,Unhealthy
0.0855,0.0576,5.95,Unhealthy
0.1102,0.0884,5.96,Unhealthy
0.0608,0.0268,5.97,Unhealthy
0.0855,0.004,5.98,Unhealthy
0.0855,0.0348,5.99,Unhealthy
0.0855,0.0348,6,Unhealthy
0.0855,0.0656,6.01,Unhealthy
0.0608,0.0964,6.02,Unhealthy
0.0608,0.0964,6.03,Unhealthy
0.0608,0.0656,6.04,Unhealthy
0.0361,0.0348,6.05,Unhealthy
0.0608,0.004,6.06,Unhealthy
0.0114,0.0348,6.07,Unhealthy
0.0361,0.0268,6.08,Unhealthy
0.0114,0.0268,6.09,Unhealthy
0.0361,0.0268,6.1,Unhealthy
0.0608,0.0576,6.11,Unhealthy
0.0114,0.0268,6.12,Unhealthy
0.0114,0.0576,6.13,Unhealthy
0.0114,0.0268,6.14,Unhealthy
0.0114,0.0576,6.15,Unhealthy
0.0361,0.0884,6.16,Unhealthy
0.0114,0.0884,6.17,Unhealthy
0.0114,0.0884,6.18,Unhealthy
0.0114,0.0884,6.19,Unhealthy
0.0114,0.0884,6.2,Unhealthy
0.0608,0.0884,6.21,Unhealthy
0.0114,0.0576,6.22,Unhealthy
0.0608,0.0576,6.23,Unhealthy
0.0361,0.0576,6.24,Unhealthy
0.0608,0.0268,6.25,Unhealthy
0.0855,0.0576,6.26,Unhealthy
0.0608,0.0268,6.27,Unhealthy
0.0855,0.0268,6.28,Unhealthy
0.0855,0.0268,6.29,Unhealthy
0.1102,0.0268,6.3,Unhealthy
0.1349,0.0576,6.31,Unhealthy
0.1102,0.004,6.32,Unhealthy
0.1349,0.0268,6.33,Unhealthy
0.1596,0.0268,6.34,Unhealthy
0.1843,0.0268,6.35,Unhealthy
0.209,0.0576,6.36,Unhealthy
0.209,0.0268,6.37,Unhealthy
0.2337,0.0884,6.38,Unhealthy
0.2337,0.0884,6.39,Unhealthy
0.2584,0.1192,6.4,Unhealthy
0.2831,0.15,6.41,Unhealthy
0.2831,0.1192,6.42,Unhealthy
0.3325,0.15,6.43,Unhealthy
0.3325,0.1192,6.44,Unhealthy
0.3572,0.15,6.45,Unhealthy
0.4067,0.1808,6.46,Unhealthy
0.4067,0.15,6.47,Unhealthy
0.4561,0.15,6.48,Unhealthy
0.4561,0.1192,6.49,Unhealthy
0.4808,0.1192,6.5,Unhealthy
0.5055,0.1192,6.51,Unhealthy
0.4808,0.0884,6.52,Unhealthy
0.4561,0.1192,6.53,Unhealthy
0.4314,0.0884,6.54,Unhealthy
0.4314,0.0884,6.55,Unhealthy
0.4314,0.0884,6.56,Unhealthy
0.4067,0.0576,6.57,Unhealthy
0.4067,0.0576,6.58,Unhealthy
0.4067,0.0268,6.59,Unhealthy
0.3819,0.0268,6.6,Unhealthy
0.3819,0.0268,6.61,Unhealthy
0.3325,0.004,6.62,Unhealthy
0.3078,0.0268,6.63,Unhealthy
0.2831,0.0268,6.64,Unhealthy
0.2831,0.1192,6.65,Unhealthy
0.2831,0.1808,6.66,Unhealthy
0.1843,0.1808,6.67,Unhealthy
0.1843,0.2732,6.68,Unhealthy
0.1596,0.2732,6.69,Unhealthy
0.1596,0.304,6.7,Unhealthy
0.1843,0.304,6.71,Unhealthy
0.1843,0.2732,6.72,Unhealthy
0.2337,0.2732,6.73,Unhealthy
0.209,0.2116,6.74,Unhealthy
0.2584,0.2116,6.75,Unhealthy
0.3078,0.1808,6.76,Unhealthy
0.2831,0.15,6.77,Unhealthy
0.2831,0.15,6.78,Unhealthy
0.2584,0.1192,6.79,Unhealthy
0.2584,0.1808,6.8,Unhealthy
0.209,0.2116,6.81,Unhealthy
0.1843,0.2424,6.82,Unhealthy
0.1596,0.2732,6.83,Unhealthy
0.1596,0.2732,6.84,Unhealthy
0.1843,0.304,6.85,Unhealthy
0.1843,0.304,6.86,Unhealthy
0.1843,0.2732,6.87,Unhealthy
0.209,0.2424,6.88,Unhealthy
0.1596,0.2424,6.89,Unhealthy
0.209,0.2424,6.9,Unhealthy
0.209,0.2424,6.91,Unhealthy
0.209,0.2424,6.92,Unhealthy
0.2337,0.2424,6.93,Unhealthy
0.209,0.1808,6.94,Unhealthy
0.2337,0.2116,6.95,Unhealthy
0.2584,0.2116,6.96,Unhealthy
0.2584,0.2116,6.97,Unhealthy
0.2337,0.2424,6.98,Unhealthy
0.209,0.2424,6.99,Unhealthy
0.1843,0.2424,7,Unhealthy
0.209,0.2732,7.01,Unhealthy
0.1843,0.2424,7.02,Unhealthy
0.1843,0.2732,7.03,Unhealthy
0.1349,0.2424,7.04,Unhealthy
0.1349,0.2732,7.05,Unhealthy
0.1349,0.304,7.06,Unhealthy
0.1102,0.2732,7.07,Unhealthy
0.1102,0.304,7.08,Unhealthy
0.0855,0.2424,7.09,Unhealthy
0.1349,0.2732,7.1,Unhealthy
0.1596,0.2732,7.11,Unhealthy
0.1596,0.2116,7.12,Unhealthy
0.1596,0.2424,7.13,Unhealthy
0.1596,0.1808,7.14,Unhealthy
0.1843,0.2116,7.15,Unhealthy
0.1843,0.1808,7.16,Unhealthy
0.1596,0.15,7.17,Unhealthy
0.1596,0.1808,7.18,Unhealthy
0.1596,0.15,7.19,Unhealthy
0.1596,0.1808,7.2,Unhealthy
0.1349,0.1808,7.21,Unhealthy
0.1102,0.1808,7.22,Unhealthy
0.1102,0.2116,7.23,Unhealthy
0.0855,0.1808,7.24,Unhealthy
0.1102,0.2424,7.25,Unhealthy
0.0855,0.304,7.26,Unhealthy
0.0608,0.2732,7.27,Unhealthy
0.0608,0.2732,7.28,Unhealthy
0.0114,0.2116,7.29,Unhealthy
0.0608,0.2116,7.3,Unhealthy
0.0855,0.2116,7.31,Unhealthy
0.0855,0.1808,7.32,Unhealthy
0.1102,0.1808,7.33,Unhealthy
0.1349,0.1192,7.34,Unhealthy
0.1596,0.1192,7.35,Unhealthy
0.209,0.1192,7.36,Unhealthy
0.209,0.0884,7.37,Unhealthy
0.209,0.0884,7.38,Unhealthy
0.1843,0.0268,7.39,Unhealthy
0.1596,0.0268,7.4,Unhealthy
0.1102,0.0268,7.41,Unhealthy
0.0855,0.0268,7.42,Unhealthy
0.0855,0.0268,7.43,Unhealthy
0.0361,0.0268,7.44,Unhealthy
0.0361,0.0268,7.45,Unhealthy
0.0114,0.0268,7.46,Unhealthy
0.0114,0.0268,7.47,Unhealthy
0.0114,0.0576,7.48,Unhealthy
0.0133,0.004,7.49,Unhealthy
0.0133,0.0268,7.5,Unhealthy
0.0133,0.004,7.51,Unhealthy
0.0133,0.0348,7.52,Unhealthy
0.0133,0.004,7.53,Unhealthy
0.038,0.0348,7.54,Unhealthy
0.038,0.004,7.55,Unhealthy
0.038,0.0268,7.56,Unhealthy
0.038,0.0268,7.57,Unhealthy
0.038,0.0268,7.58,Unhealthy
0.0628,0.004,7.59,Unhealthy
0.0628,0.0268,7.6,Unhealthy
0.038,0.0576,7.61,Unhealthy
0.0628,0.0268,7.62,Unhealthy
0.0628,0.0268,7.63,Unhealthy
0.0875,0.0348,7.64,Unhealthy
0.0628,0.0268,7.65,Unhealthy
0.038,0.0268,7.66,Unhealthy
0.0628,0.0268,7.67,Unhealthy
0.038,0.0268,7.68,Unhealthy
0.0628,0.0348,7.69,Unhealthy
0.038,0.004,7.7,Unhealthy
0.038,0.004,7.71,Unhealthy
0.038,0.0348,7.72,Unhealthy
0.0133,0.0348,7.73,Unhealthy
0.0133,0.0656,7.74,Unhealthy
0.0114,0.0348,7.75,Unhealthy
0.0608,0.004,7.76,Unhealthy
0.0608,0.0348,7.77,Unhealthy
0.0855,0.0348,7.78,Unhealthy
0.0361,0.0656,7.79,Unhealthy
0.0608,0.0348,7.8,Unhealthy
0.0361,0.0348,7.81,Unhealthy
0.0361,0.0348,7.82,Unhealthy
0.0608,0.0268,7.83,Unhealthy
0.0361,0.004,7.84,Unhealthy
0.0608,0.0576,7.85,Unhealthy
0.0608,0.0884,7.86,Unhealthy
0.0608,0.0884,7.87,Unhealthy
0.0608,0.1192,7.88,Unhealthy
0.0114,0.0884,7.89,Unhealthy
0.0608,0.1192,7.9,Unhealthy
0.0855,0.1192,7.91,Unhealthy
0.0855,0.0884,7.92,Unhealthy
0.1102,0.0884,7.93,Unhealthy
0.0855,0.0268,7.94,Unhealthy
0.1102,0.0268,7.95,Unhealthy
0.1349,0.0268,7.96,Unhealthy
0.1102,0.004,7.97,Unhealthy
0.1349,0.0268,7.98,Unhealthy
0.1102,0.0348,7.99,Unhealthy
0.1349,0.004,8,Unhealthy
0.1349,0.0348,8.01,Unhealthy
0.1596,0.0348,8.02,Unhealthy
0.1843,0.0268,8.03,Unhealthy
0.1349,0.0348,8.04,Unhealthy
0.1596,0.004,8.05,Unhealthy
0.1596,0.0268,8.06,Unhealthy
0.1349,0.0268,8.07,Unhealthy
0.1596,0.0576,8.08,Unhealthy
0.1349,0.0576,8.09,Unhealthy
0.1349,0.0884,8.1,Unhealthy
0.1349,0.0884,8.11,Unhealthy
0.1349,0.1192,8.12,Unhealthy
0.1596,0.1192,8.13,Unhealthy
0.1102,0.0884,8.14,Unhealthy
0.1349,0.0884,8.15,Unhealthy
0.1349,0.0884,8.16,Unhealthy
0.1596,0.0884,8.17,Unhealthy
0.1843,0.0884,8.18,Unhealthy
0.1596,0.0268,8.19,Unhealthy
0.1596,0.0268,8.2,Unhealthy
0.1596,0.0268,8.21,Unhealthy
0.1596,0.0268,8.22,Unhealthy
0.1596,0.0576,8.23,Unhealthy
0.1102,0.004,8.24,Unhealthy
0.1349,0.0268,8.25,Unhealthy
0.1102,0.0268,8.26,Unhealthy
0.1102,0.0268,8.27,Unhealthy
0.1102,0.0576,8.28,Unhealthy
0.0608,0.0268,8.29,Unhealthy
0.0855,0.0576,8.3,Unhealthy
0.1102,0.0576,8.31,Unhealthy
0.0855,0.0576,8.32,Unhealthy
0.0855,0.0268,8.33,Unhealthy
0.0608,0.004,8.34,Unhealthy
0.0855,0.004,8.35,Unhealthy
0.0855,0.004,8.36,Unhealthy
0.0608,0.0348,8.37,Unhealthy
0.0855,0.0268,8.38,Unhealthy
0.0361,0.0348,8.39,Unhealthy
0.0608,0.004,8.4,Unhealthy
0.0608,0.004,8.41,Unhealthy
0.0608,0.0348,8.42,Unhealthy
0.0608,0.004,8.43,Unhealthy
0.0361,0.0348,8.44,Unhealthy
0.0608,0.0348,8.45,Unhealthy
0.0608,0.0348,8.46,Unhealthy
0.0608,0.0348,8.47,Unhealthy
0.0855,0.004,8.48,Unhealthy
0.0608,0.0656,8.49,Unhealthy
0.0855,0.0656,8.5,Unhealthy
0.0855,0.0656,8.51,Unhealthy
0.1102,0.0348,8.52,Unhealthy
0.1102,0.0348,8.53,Unhealthy
0.1102,0.0656,8.54,Unhealthy
0.1596,0.0348,8.55,Unhealthy
0.1596,0.004,8.56,Unhealthy
0.1596,0.0348,8.57,Unhealthy
0.1596,0.0268,8.58,Unhealthy
0.1349,0.004,8.59,Unhealthy
0.1349,0.0268,8.6,Unhealthy
0.1102,0.0268,8.61,Unhealthy
0.0855,0.0576,8.62,Unhealthy
0.0855,0.0884,8.63,Unhealthy
0.0608,0.0576,8.64,Unhealthy
0.0855,0.0884,8.65,Unhealthy
0.0855,0.0576,8.66,Unhealthy
0.0855,0.0576,8.67,Unhealthy
0.1102,0.0884,8.68,Unhealthy
0.0855,0.0268,8.69,Unhealthy
0.0608,0.0576,8.7,Unhealthy
0.0608,0.0268,8.71,Unhealthy
0.0608,0.0268,8.72,Unhealthy
0.0608,0.004,8.73,Unhealthy
0.0361,0.0656,8.74,Unhealthy
0.0608,0.0348,8.75,Unhealthy
0.0608,0.0656,8.76,Unhealthy
0.0114,0.0656,8.77,Unhealthy
0.0114,0.0656,8.78,Unhealthy
0.038,0.0656,8.79,Unhealthy
0.038,0.0348,8.8,Unhealthy
0.0133,0.004,8.81,Unhealthy
0.038,0.004,8.82,Unhealthy
0.0133,0.0576,8.83,Unhealthy
0.038,0.0268,8.84,Unhealthy
0.038,0.0884,8.85,Unhealthy
0.038,0.0576,8.86,Unhealthy
0.038,0.0884,8.87,Unhealthy
0.038,0.0884,8.88,Unhealthy
0.0628,0.0576,8.89,Unhealthy
0.0628,0.0576,8.9,Unhealthy
0.0875,0.0268,8.91,Unhealthy
0.0875,0.0268,8.92,Unhealthy
0.0628,0.0268,8.93,Unhealthy
0.0875,0.0348,8.94,Unhealthy
0.0628,0.0268,8.95,Unhealthy
0.038,0.004,8.96,Unhealthy
0.038,0.0268,8.97,Unhealthy
0.0133,0.0576,8.98,Unhealthy
0.038,0.0268,8.99,Unhealthy
0.0133,0.0576,9,Unhealthy
0.0133,0.0576,9.01,Unhealthy
0.0114,0.0884,9.02,Unhealthy
0.0114,0.1192,9.03,Unhealthy
0.038,0.0884,9.04,Unhealthy
0.0114,0.1192,9.05,Unhealthy
0.0133,0.1192,9.06,Unhealthy
0.0133,0.1192,9.07,Unhealthy
0.0133,0.1192,9.08,Unhealthy
0.0628,0.0576,9.09,Unhealthy
0.038,0.0576,9.1,Unhealthy
0.038,0.0576,9.11,Unhealthy
0.038,0.0576,9.12,Unhealthy
0.038,0.0576,9.13,Unhealthy
0.0628,0.0268,9.14,Unhealthy
0.0628,0.0268,9.15,Unhealthy
0.0628,0.0268,9.16,Unhealthy
0.0628,0.0576,9.17,Unhealthy
0.038,0.0576,9.18,Unhealthy
0.0628,0.0576,9.19,Unhealthy
0.0628,0.0884,9.2,Unhealthy
0.0628,0.0576,9.21,Unhealthy
0.038,0.0884,9.22,Unhealthy
0.038,0.1192,9.23,Unhealthy
0.0875,0.0884,9.24,Unhealthy
0.0628,0.0884,9.25,Unhealthy
0.0628,0.0884,9.26,Unhealthy
0.0628,0.1192,9.27,Unhealthy
0.038,0.1192,9.28,Unhealthy
0.0628,0.0884,9.29,Unhealthy
0.0628,0.15,9.3,Unhealthy
0.0628,0.1808,9.31,Unhealthy
0.0875,0.2116,9.32,Unhealthy
0.0875,0.304,9.33,Unhealthy
0.1369,0.3964,9.34,Unhealthy
0.1369,0.5504,9.35,Unhealthy
0.1369,0.7967,9.36,Unhealthy
0.1616,1.0739,9.37,Unhealthy
0.1369,1.4127,9.38,Unhealthy
0.1616,1.7823,9.39,Unhealthy
0.1616,2.429,9.4,Unhealthy
0.1616,3.1373,9.41,Unhealthy
0.1369,3.8765,9.42,Unhealthy
0.1369,4.5232,9.43,Unhealthy
0.1616,4.862,9.44,Unhealthy
0.1369,5.1084,9.45,Unhealthy
0.1122,5.1084,9.46,Unhealthy
0.0875,4.8928,9.47,Unhealthy
0.038,4.5848,9.48,Unhealthy
0.038,4.2461,9.49,Unhealthy
0.038,3.9689,9.5,Unhealthy
0.038,3.6917,9.51,Unhealthy
0.0133,3.5069,9.52,Unhealthy
0.0114,3.3529,9.53,Unhealthy
0.0133,3.1989,9.54,Unhealthy
0.0133,3.1373,9.55,Unhealthy
0.0133,2.9834,9.56,Unhealthy
0.0133,2.7986,9.57,Unhealthy
0.0114,2.5214,9.58,Unhealthy
0.038,2.1518,9.59,Unhealthy
0.038,1.8438,9.6,Unhealthy
0.038,1.5051,9.61,Unhealthy
0.038,1.1971,9.62,Unhealthy
0.038,0.9815,9.63,Unhealthy
0.0875,0.7351,9.64,Unhealthy
0.0875,0.5504,9.65,Unhealthy
0.0875,0.4272,9.66,Unhealthy
0.0875,0.3656,9.67,Unhealthy
0.0875,0.304,9.68,Unhealthy
0.1122,0.2424,9.69,Unhealthy
0.1122,0.2116,9.7,Unhealthy
0.1369,0.1808,9.71,Unhealthy
0.1122,0.2116,9.72,Unhealthy
0.1122,0.2116,9.73,Unhealthy
0.1616,0.1808,9.74,Unhealthy
0.1369,0.1808,9.75,Unhealthy
0.1369,0.1808,9.76,Unhealthy
0.1369,0.1808,9.77,Unhealthy
0.1122,0.2116,9.78,Unhealthy
0.1369,0.1808,9.79,Unhealthy
0.1122,0.2116,9.8,Unhealthy
0.1122,0.2116,9.81,Unhealthy
0.1122,0.2424,9.82,Unhealthy
0.0628,0.2424,9.83,Unhealthy
0.0628,0.1808,9.84,Unhealthy
0.038,0.1808,9.85,Unhealthy
0.0133,0.1808,9.86,Unhealthy
0.0133,0.1808,9.87,Unhealthy
0.0133,0.2116,9.88,Unhealthy
0.038,0.15,9.89,Unhealthy
0.0114,0.1808,9.9,Unhealthy
0.0114,0.1808,9.91,Unhealthy
0.0361,0.1808,9.92,Unhealthy
0.0608,0.2424,9.93,Unhealthy
0.0608,0.2732,9.94,Unhealthy
0.0608,0.304,9.95,Unhealthy
0.0608,0.3348,9.96,Unhealthy
0.0608,0.3656,9.97,Unhealthy
0.0855,0.3964,9.98,Unhealthy
0.0608,0.3656,9.99,Unhealthy
0.0855,0.3656,10,Unhealthy
0.0608,0.3348,10.01,Unhealthy
0.0608,0.3964,10.02,Unhealthy
0.0608,0.4272,10.03,Unhealthy
0.0361,0.3964,10.04,Unhealthy
0.0608,0.4272,10.05,Unhealthy
0.0608,0.3964,10.06,Unhealthy
0.0608,0.4272,10.07,Unhealthy
0.0608,0.4272,10.08,Unhealthy
0.0114,0.3656,10.09,Unhealthy
0.0114,0.3656,10.1,Unhealthy
0.0133,0.304,10.11,Unhealthy
0.0133,0.304,10.12,Unhealthy
0.0133,0.304,10.13,Unhealthy
0.0628,0.2732,10.14,Unhealthy
0.038,0.2732,10.15,Unhealthy
0.0628,0.2732,10.16,Unhealthy
0.0628,0.2732,10.17,Unhealthy
0.0628,0.304,10.18,Unhealthy
0.0628,0.2732,10.19,Unhealthy
0.0628,0.2424,10.2,Unhealthy
0.0875,0.1808,10.21,Unhealthy
0.0628,0.1808,10.22,Unhealthy
0.038,0.1808,10.23,Unhealthy
0.0628,0.1192,10.24,Unhealthy
0.038,0.15,10.25,Unhealthy
0.0628,0.1192,10.26,Unhealthy
0.038,0.1192,10.27,Unhealthy
0.038,0.15,10.28,Unhealthy
0.0628,0.1192,10.29,Unhealthy
0.0628,0.1192,10.3,Unhealthy
0.0875,0.0884,10.31,Unhealthy
0.0875,0.0884,10.32,Unhealthy
0.0628,0.1192,10.33,Unhealthy
0.0875,0.0884,10.34,Unhealthy
0.0628,0.0884,10.35,Unhealthy
0.0875,0.0884,10.36,Unhealthy
0.0628,0.0884,10.37,Unhealthy
0.038,0.1192,10.38,Unhealthy
0.0875,0.0884,10.39,Unhealthy
0.0628,0.0884,10.4,Unhealthy
0.0875,0.0884,10.41,Unhealthy
0.0628,0.1192,10.42,Unhealthy
0.0628,0.1192,10.43,Unhealthy
0.0875,0.0884,10.44,Unhealthy
0.0628,0.1192,10.45,Unhealthy
0.1122,0.0576,10.46,Unhealthy
0.0875,0.0884,10.47,Unhealthy
0.0628,0.1192,10.48,Unhealthy
0.0875,0.0884,10.49,Unhealthy
0.0628,0.0884,10.5,Unhealthy
0.0628,0.0884,10.51,Unhealthy
0.038,0.1192,10.52,Unhealthy
0.0133,0.1808,10.53,Unhealthy
0.0133,0.15,10.54,Unhealthy
0.0133,0.1808,10.55,Unhealthy
0.038,0.15,10.56,Unhealthy
0.038,0.15,10.57,Unhealthy
0.0133,0.1808,10.58,Unhealthy
0.038,0.15,10.59,Unhealthy
0.038,0.15,10.6,Unhealthy
0.0628,0.0884,10.61,Unhealthy
0.038,0.1192,10.62,Unhealthy
0.0133,0.15,10.63,Unhealthy
0.038,0.0884,10.64,Unhealthy
0.0133,0.1192,10.65,Unhealthy
0.038,0.1192,10.66,Unhealthy
0.0114,0.15,10.67,Unhealthy
0.0114,0.1808,10.68,Unhealthy
0.0114,0.1808,10.69,Unhealthy
0.0114,0.2116,10.7,Unhealthy
0.0114,0.1808,10.71,Unhealthy
0.0114,0.2116,10.72,Unhealthy
0.0361,0.2116,10.73,Unhealthy
0.0114,0.1808,10.74,Unhealthy
0.0361,0.1808,10.75,Unhealthy
0.0133,0.15,10.76,Unhealthy
0.0114,0.15,10.77,Unhealthy
0.0114,0.15,10.78,Unhealthy
0.038,0.1192,10.79,Unhealthy
0.038,0.1192,10.8,Unhealthy
0.1122,0.0884,10.81,Unhealthy
0.0875,0.0884,10.82,Unhealthy
0.0875,0.0884,10.83,Unhealthy
0.1122,0.0884,10.84,Unhealthy
0.0875,0.0884,10.85,Unhealthy
0.1122,0.0576,10.86,Unhealthy
0.0875,0.0884,10.87,Unhealthy
0.0875,0.0884,10.88,Unhealthy
0.0875,0.0884,10.89,Unhealthy
0.0875,0.0884,10.9,Unhealthy
0.1122,0.0268,10.91,Unhealthy
0.0875,0.0884,10.92,Unhealthy
0.0628,0.0884,10.93,Unhealthy
0.1122,0.0576,10.94,Unhealthy
0.0875,0.0884,10.95,Unhealthy
0.1122,0.0576,10.96,Unhealthy
0.0875,0.0576,10.97,Unhealthy
0.0875,0.0884,10.98,Unhealthy
0.0875,0.0576,10.99,Unhealthy
0.0875,0.0576,11,Unhealthy
0.1122,0.0576,11.01,Unhealthy
0.0875,0.0576,11.02,Unhealthy
0.0875,0.0576,11.03,Unhealthy
0.0875,0.0576,11.04,Unhealthy
0.0628,0.0884,11.05,Unhealthy
0.1122,0.0268,11.06,Unhealthy
0.0875,0.0576,11.07,Unhealthy
0.0875,0.0576,11.08,Unhealthy
0.0875,0.0576,11.09,Unhealthy
0.0875,0.0884,11.1,Unhealthy
0.1122,0.0268,11.11,Unhealthy
0.0875,0.0576,11.12,Unhealthy
0.0875,0.0884,11.13,Unhealthy
0.0875,0.0576,11.14,Unhealthy
0.0875,0.0576,11.15,Unhealthy
0.1122,0.0576,11.16,Unhealthy
0.1122,0.0576,11.17,Unhealthy
0.0875,0.0884,11.18,Unhealthy
0.0875,0.0576,11.19,Unhealthy
0.0875,0.0576,11.2,Unhealthy
0.1122,0.0268,11.21,Unhealthy
0.0875,0.0576,11.22,Unhealthy
0.0875,0.0884,11.23,Unhealthy
0.0875,0.0576,11.24,Unhealthy
0.0875,0.0576,11.25,Unhealthy
0.1122,0.0268,11.26,Unhealthy
0.1122,0.0268,11.27,Unhealthy
0.0875,0.0576,11.28,Unhealthy
0.0875,0.0576,11.29,Unhealthy
0.0875,0.0576,11.3,Unhealthy
0.1122,0.0268,11.31,Unhealthy
0.0875,0.0576,11.32,Unhealthy
0.0875,0.0576,11.33,Unhealthy
0.1122,0.0576,11.34,Unhealthy
0.0875,0.0576,11.35,Unhealthy
0.1122,0.0268,11.36,Unhealthy
0.1122,0.0268,11.37,Unhealthy
0.0875,0.0576,11.38,Unhealthy
0.0875,0.0576,11.39,Unhealthy
0.0875,0.0576,11.4,Unhealthy
0.1122,0.0576,11.41,Unhealthy
0.0875,0.0576,11.42,Unhealthy
0.0628,0.0576,11.43,Unhealthy
0.0875,0.0576,11.44,Unhealthy
0.0628,0.0576,11.45,Unhealthy
0.1122,0.0268,11.46,Unhealthy
0.0875,0.0268,11.47,Unhealthy
0.0875,0.0576,11.48,Unhealthy
0.0875,0.0576,11.49,Unhealthy
0.0875,0.0576,11.5,Unhealthy
0.1122,0.0268,11.51,Unhealthy
0.0875,0.0268,11.52,Unhealthy
0.1122,0.0268,11.53,Unhealthy
0.0875,0.0268,11.54,Unhealthy
0.0875,0.0576,11.55,Unhealthy
0.1122,0.0268,11.56,Unhealthy
0.0875,0.0268,11.57,Unhealthy
0.0875,0.0268,11.58,Unhealthy
0.0875,0.0576,11.59,Unhealthy
0.0628,0.0576,11.6,Unhealthy
0.1122,0.0268,11.61,Unhealthy
0.0875,0.0268,11.62,Unhealthy
0.1122,0.0268,11.63,Unhealthy
0.1122,0.0268,11.64,Unhealthy
0.0875,0.0576,11.65,Unhealthy
0.1122,0.004,11.66,Unhealthy
0.0875,0.0268,11.67,Unhealthy
0.1122,0.0268,11.68,Unhealthy
0.1122,0.0576,11.69,Unhealthy
0.0875,0.0576,11.7,Unhealthy
0.1122,0.0268,11.71,Unhealthy
0.1122,0.0268,11.72,Unhealthy
0.1122,0.0268,11.73,Unhealthy
0.0875,0.0268,11.74,Unhealthy
0.0875,0.0576,11.75,Unhealthy
0.1122,0.0268,11.76,Unhealthy
0.1122,0.0268,11.77,Unhealthy
0.0875,0.0576,11.78,Unhealthy
0.1122,0.0268,11.79,Unhealthy
0.0875,0.0576,11.8,Unhealthy
0.1122,0.004,11.81,Unhealthy
0.1122,0.0268,11.82,Unhealthy
0.1122,0.0268,11.83,Unhealthy
0.0875,0.0576,11.84,Unhealthy
0.0875,0.0576,11.85,Unhealthy
0.1122,0.0268,11.86,Unhealthy
0.1122,0.0576,11.87,Unhealthy
0.1122,0.0268,11.88,Unhealthy
0.1122,0.0268,11.89,Unhealthy
0.0875,0.0576,11.9,Unhealthy
0.1122,0.004,11.91,Unhealthy
0.1122,0.0268,11.92,Unhealthy
0.1122,0.0268,11.93,Unhealthy
0.0875,0.0268,11.94,Unhealthy
0.0875,0.0268,11.95,Unhealthy
0.1122,0.004,11.96,Unhealthy
0.1122,0.0268,11.97,Unhealthy
0.0875,0.0268,11.98,Unhealthy
0.1122,0.0268,11.99,Unhealthy
0.0875,0.0268,12,Unhealthy
0.1122,0.004,12.01,Unhealthy
0.0875,0.0268,12.02,Unhealthy
0.1122,0.004,12.03,Unhealthy
0.1122,0.004,12.04,Unhealthy
0.0875,0.0268,12.05,Unhealthy
0.1122,0.0348,12.06,Unhealthy
0.1122,0.004,12.07,Unhealthy
0.1122,0.004,12.08,Unhealthy
0.1122,0.004,12.09,Unhealthy
0.0875,0.0268,12.1,Unhealthy
0.1122,0.004,12.11,Unhealthy
0.1122,0.0268,12.12,Unhealthy
0.1122,0.004,12.13,Unhealthy
0.1122,0.004,12.14,Unhealthy
0.0875,0.0268,12.15,Unhealthy
0.1369,0.0348,12.16,Unhealthy
0.1122,0.004,12.17,Unhealthy
0.1122,0.004,12.18,Unhealthy
0.1122,0.004,12.19,Unhealthy
0.0875,0.0268,12.2,Unhealthy
0.1122,0.0348,12.21,Unhealthy
0.1122,0.0268,12.22,Unhealthy
0.1122,0.004,12.23,Unhealthy
0.1122,0.004,12.24,Unhealthy
0.0875,0.0268,12.25,Unhealthy
0.1122,0.004,12.26,Unhealthy
0.1122,0.0268,12.27,Unhealthy
0.0875,0.004,12.28,Unhealthy
0.0875,0.0268,12.29,Unhealthy
0.0875,0.0268,12.3,Unhealthy
0.1122,0.004,12.31,Unhealthy
0.1122,0.0268,12.32,Unhealthy
0.1122,0.004,12.33,Unhealthy
0.0875,0.0268,12.34,Unhealthy
0.0875,0.0576,12.35,Unhealthy
0.1122,0.004,12.36,Unhealthy
0.1122,0.0268,12.37,Unhealthy
0.1122,0.0268,12.38,Unhealthy
0.1122,0.0268,12.39,Unhealthy
0.0875,0.0268,12.4,Unhealthy
0.1122,0.004,12.41,Unhealthy
0.1122,0.0268,12.42,Unhealthy
0.1122,0.0268,12.43,Unhealthy
0.1122,0.004,12.44,Unhealthy
0.0875,0.0268,12.45,Unhealthy
0.1122,0.004,12.46,Unhealthy
0.1122,0.004,12.47,Unhealthy
0.1122,0.0268,12.48,Unhealthy
0.1122,0.0268,12.49,Unhealthy
0.0875,0.0268,12.5,Unhealthy
0.1122,0.004,12.51,Unhealthy
0.1122,0.0268,12.52,Unhealthy
0.1122,0.004,12.53,Unhealthy
0.0875,0.0268,12.54,Unhealthy
0.0875,0.0268,12.55,Unhealthy
0.1122,0.0348,12.56,Unhealthy
0.1122,0.0268,12.57,Unhealthy
0.1122,0.004,12.58,Unhealthy
0.1122,0.0268,12.59,Unhealthy
0.0875,0.0576,12.6,Unhealthy
0.1122,0.004,12.61,Unhealthy
0.1122,0.0268,12.62,Unhealthy
0.1122,0.004,12.63,Unhealthy
0.0875,0.0268,12.64,Unhealthy
0.0875,0.0268,12.65,Unhealthy
0.1122,0.0348,12.66,Unhealthy
0.0875,0.0268,12.67,Unhealthy
0.1122,0.0268,12.68,Unhealthy
0.1122,0.0268,12.69,Unhealthy
0.0875,0.0268,12.7,Unhealthy
0.1122,0.004,12.71,Unhealthy
0.1122,0.004,12.72,Unhealthy
0.1122,0.004,12.73,Unhealthy
0.0875,0.0268,12.74,Unhealthy
0.0875,0.0268,12.75,Unhealthy
0.1122,0.004,12.76,Unhealthy
0.1122,0.0268,12.77,Unhealthy
0.1122,0.004,12.78,Unhealthy
0.0875,0.004,12.79,Unhealthy
0.0875,0.0268,12.8,Unhealthy
0.1122,0.0348,12.81,Unhealthy
0.1122,0.004,12.82,Unhealthy
0.1122,0.004,12.83,Unhealthy
0.0875,0.0268,12.84,Unhealthy
0.0875,0.0268,12.85,Unhealthy
0.1122,0.0348,12.86,Unhealthy
0.1122,0.004,12.87,Unhealthy
0.1122,0.004,12.88,Unhealthy
0.1122,0.004,12.89,Unhealthy
0.0875,0.0268,12.9,Unhealthy
0.1122,0.004,12.91,Unhealthy
0.1122,0.004,12.92,Unhealthy
0.1122,0.004,12.93,Unhealthy
0.1122,0.004,12.94,Unhealthy
0.0875,0.0268,12.95,Unhealthy
0.1122,0.0348,12.96,Unhealthy
0.1122,0.004,12.97,Unhealthy
0.1122,0.004,12.98,Unhealthy
0.1122,0.004,12.99,Unhealthy
0.0875,0.0268,13,Unhealthy
0.1122,0.0348,13.01,Unhealthy
0.1122,0.004,13.02,Unhealthy
0.1122,0.004,13.03,Unhealthy
0.1122,0.004,13.04,Unhealthy
0.0875,0.0268,13.05,Unhealthy
0.1122,0.004,13.06,Unhealthy
0.1122,0.0268,13.07,Unhealthy
0.1122,0.004,13.08,Unhealthy
0.0875,0.0268,13.09,Unhealthy
0.0875,0.0268,13.1,Unhealthy
0.1122,0.004,13.11,Unhealthy
0.1122,0.0268,13.12,Unhealthy
0.1122,0.0268,13.13,Unhealthy
0.1122,0.0268,13.14,Unhealthy
0.0875,0.0268,13.15,Unhealthy
0.1122,0.004,13.16,Unhealthy
0.1122,0.0268,13.17,Unhealthy
0.1122,0.0268,13.18,Unhealthy
0.0875,0.0268,13.19,Unhealthy
0.0875,0.0268,13.2,Unhealthy
0.1122,0.004,13.21,Unhealthy
0.0875,0.0268,13.22,Unhealthy
0.1122,0.004,13.23,Unhealthy
0.1122,0.0268,13.24,Unhealthy
0.0875,0.0268,13.25,Unhealthy
0.1122,0.004,13.26,Unhealthy
0.0875,0.0268,13.27,Unhealthy
0.1122,0.004,13.28,Unhealthy
0.1122,0.004,13.29,Unhealthy
0.0875,0.0268,13.3,Unhealthy
0.1122,0.004,13.31,Unhealthy
0.1122,0.004,13.32,Unhealthy
0.1122,0.004,13.33,Unhealthy
0.1122,0.004,13.34,Unhealthy
0.0875,0.0268,13.35,Unhealthy
0.1122,0.004,13.36,Unhealthy
0.0875,0.004,13.37,Unhealthy
0.1122,0.004,13.38,Unhealthy
0.1122,0.004,13.39,Unhealthy
0.0875,0.0268,13.4,Unhealthy
0.1122,0.004,13.41,Unhealthy
0.0875,0.0268,13.42,Unhealthy
0.1122,0.0268,13.43,Unhealthy
0.1122,0.004,13.44,Unhealthy
0.0875,0.0268,13.45,Unhealthy
0.1122,0.004,13.46,Unhealthy
0.1122,0.004,13.47,Unhealthy
0.1122,0.004,13.48,Unhealthy
0.1122,0.004,13.49,Unhealthy
0.0875,0.0268,13.5,Unhealthy
0.1122,0.004,13.51,Unhealthy
0.1122,0.004,13.52,Unhealthy
0.1122,0.0348,13.53,Unhealthy
0.1122,0.004,13.54,Unhealthy
0.0875,0.0268,13.55,Unhealthy
0.1122,0.004,13.56,Unhealthy
0.1122,0.004,13.57,Unhealthy
0.1122,0.004,13.58,Unhealthy
0.1122,0.004,13.59,Unhealthy
0.0875,0.0268,13.6,Unhealthy
0.1122,0.004,13.61,Unhealthy
0.1122,0.004,13.62,Unhealthy
0.1122,0.004,13.63,Unhealthy
0.0875,0.004,13.64,Unhealthy
0.0875,0.0268,13.65,Unhealthy
0.1122,0.0348,13.66,Unhealthy
0.1122,0.004,13.67,Unhealthy
0.1122,0.0348,13.68,Unhealthy
0.1122,0.004,13.69,Unhealthy
0.0875,0.004,13.7,Unhealthy
0.1122,0.0348,13.71,Unhealthy
0.1122,0.0348,13.72,Unhealthy
0.1122,0.0348,13.73,Unhealthy
0.1122,0.0348,13.74,Unhealthy
0.0875,0.004,13.75,Unhealthy
0.1122,0.0348,13.76,Unhealthy
0.1122,0.004,13.77,Unhealthy
0.1122,0.0348,13.78,Unhealthy
0.1122,0.004,13.79,Unhealthy
0.0875,0.004,13.8,Unhealthy
0.1122,0.0348,13.81,Unhealthy
0.1122,0.004,13.82,Unhealthy
0.1122,0.0348,13.83,Unhealthy
0.1122,0.0348,13.84,Unhealthy
0.0875,0.004,13.85,Unhealthy
0.1122,0.0348,13.86,Unhealthy
0.1122,0.004,13.87,Unhealthy
0.1122,0.0348,13.88,Unhealthy
0.0875,0.004,13.89,Unhealthy
0.0875,0.004,13.9,Unhealthy
0.1122,0.0348,13.91,Unhealthy
0.1122,0.0348,13.92,Unhealthy
0.1122,0.0348,13.93,Unhealthy
0.1122,0.0348,13.94,Unhealthy
0.1122,0.004,13.95,Unhealthy
0.1122,0.0348,13.96,Unhealthy
0.1122,0.0348,13.97,Unhealthy
0.1122,0.0348,13.98,Unhealthy
0.1122,0.0348,13.99,Unhealthy
0.1122,0.004,14,Unhealthy
0.1122,0.004,14.01,Unhealthy
0.1122,0.004,14.02,Unhealthy
0.1122,0.0348,14.03,Unhealthy
0.1122,0.0348,14.04,Unhealthy
0.1122,0.004,14.05,Unhealthy
0.1122,0.0348,14.06,Unhealthy
0.1122,0.004,14.07,Unhealthy
0.1122,0.0348,14.08,Unhealthy
0.1122,0.004,14.09,Unhealthy
0.0875,0.004,14.1,Unhealthy
0.1122,0.0348,14.11,Unhealthy
0.1122,0.004,14.12,Unhealthy
0.1369,0.0348,14.13,Unhealthy
0.1122,0.0348,14.14,Unhealthy
0.1122,0.004,14.15,Unhealthy
0.1122,0.0348,14.16,Unhealthy
0.0875,0.0348,14.17,Unhealthy
0.1122,0.0348,14.18,Unhealthy
0.1122,0.0348,14.19,Unhealthy
0.1122,0.0348,14.2,Unhealthy
0.1122,0.0348,14.21,Unhealthy
0.1122,0.0348,14.22,Unhealthy
0.1369,0.0348,14.23,Unhealthy
0.1122,0.0348,14.24,Unhealthy
0.1122,0.0348,14.25,Unhealthy
0.1122,0.0348,14.26,Unhealthy
0.1122,0.0348,14.27,Unhealthy
0.1369,0.0348,14.28,Unhealthy
0.1122,0.0348,14.29,Unhealthy
0.0875,0.0348,14.3,Unhealthy
0.1122,0.0348,14.31,Unhealthy
0.1122,0.0348,14.32,Unhealthy
0.1122,0.0348,14.33,Unhealthy
0.1122,0.0348,14.34,Unhealthy
0.1122,0.0348,14.35,Unhealthy
0.1122,0.0348,14.36,Unhealthy
0.1122,0.0348,14.37,Unhealthy
0.1122,0.0348,14.38,Unhealthy
0.1122,0.0348,14.39,Unhealthy
0.1122,0.0348,14.4,Unhealthy
0.1122,0.0348,14.41,Unhealthy
0.1122,0.0348,14.42,Unhealthy
0.1122,0.0348,14.43,Unhealthy
0.1122,0.0348,14.44,Unhealthy
0.0875,0.0348,14.45,Unhealthy
0.1122,0.0348,14.46,Unhealthy
0.0875,0.004,14.47,Unhealthy
0.1122,0.0656,14.48,Unhealthy
0.1122,0.0656,14.49,Unhealthy
0.1122,0.0656,14.5,Unhealthy
0.1122,0.0656,14.51,Unhealthy
0.1122,0.0656,14.52,Unhealthy
0.1122,0.0656,14.53,Unhealthy
0.1122,0.0656,14.54,Unhealthy
0.1122,0.0656,14.55,Unhealthy
0.1122,0.0656,14.56,Unhealthy
0.1122,0.0656,14.57,Unhealthy
0.1122,0.0656,14.58,Unhealthy
0.1122,0.0656,14.59,Unhealthy
0.1122,0.0656,14.6,Unhealthy
0.1122,0.0656,14.61,Unhealthy
0.1122,0.0656,14.62,Unhealthy
0.1122,0.0656,14.63,Unhealthy
0.1122,0.0656,14.64,Unhealthy
0.1122,0.0656,14.65,Unhealthy
0.1122,0.0656,14.66,Unhealthy
0.1122,0.0656,14.67,Unhealthy
0.1122,0.0656,14.68,Unhealthy
0.1122,0.0656,14.69,Unhealthy
0.1122,0.0656,14.7,Unhealthy
0.1122,0.0656,14.71,Unhealthy
0.1122,0.0656,14.72,Unhealthy
0.1122,0.0656,14.73,Unhealthy
0.1122,0.0656,14.74,Unhealthy
0.1122,0.0656,14.75,Unhealthy
0.1122,0.0656,14.76,Unhealthy
0.1122,0.0656,14.77,Unhealthy
0.1122,0.0656,14.78,Unhealthy
0.1122,0.0656,14.79,Unhealthy
0.1122,0.0656,14.8,Unhealthy
0.1122,0.0656,14.81,Unhealthy
0.1122,0.0656,14.82,Unhealthy
0.1122,0.0656,14.83,Unhealthy
0.1122,0.0656,14.84,Unhealthy
0.1122,0.0656,14.85,Unhealthy
0.1122,0.0656,14.86,Unhealthy
0.1122,0.0656,14.87,Unhealthy
0.1122,0.0656,14.88,Unhealthy
0.1122,0.0656,14.89,Unhealthy
0.1122,0.0656,14.9,Unhealthy
0.1122,0.0656,14.91,Unhealthy
0.1122,0.0656,14.92,Unhealthy
0.1122,0.0656,14.93,Unhealthy
0.1122,0.0656,14.94,Unhealthy
0.1122,0.0656,14.95,Unhealthy
0.1122,0.0656,14.96,Unhealthy
0.1122,0.0656,14.97,Unhealthy
0.1122,0.0656,14.98,Unhealthy
0.1122,0.0656,14.99,Unhealthy
0.1122,0.0656,15,Unhealthy
